Entity,Year,CalorieSupply,GDP,Region,Population
Afghanistan,1961,2914.3484,1309.0,Asia,9214082.0
Afghanistan,1962,2835.6074,1302.0,Asia,9404410.0
Afghanistan,1963,2623.7017,1298.0,Asia,9604491.0
Afghanistan,1964,2872.5679,1291.0,Asia,9814317.0
Afghanistan,1965,2876.179,1290.0,Asia,10036003.0
Afghanistan,1966,2663.3132,1272.0,Asia,10266397.0
Afghanistan,1967,2890.6982,1277.0,Asia,10505961.0
Afghanistan,1968,2839.0818,1290.0,Asia,10756924.0
Afghanistan,1969,2858.1667,1278.0,Asia,11017417.0
Afghanistan,1970,2472.4724,1272.0,Asia,11290134.0
Afghanistan,1971,2458.8677,1237.0,Asia,11567672.0
Afghanistan,1972,2610.9785,1007.0,Asia,11853698.0
Afghanistan,1973,2678.0298,1011.0,Asia,12158000.0
Afghanistan,1974,2670.5447,1039.0,Asia,12469127.0
Afghanistan,1975,2704.18,1074.0,Asia,12773966.0
Afghanistan,1976,2769.3225,1105.0,Asia,13059861.0
Afghanistan,1977,2431.7678,1022.0,Asia,13340758.0
Afghanistan,1978,2541.773,1070.0,Asia,13611444.0
Afghanistan,1979,2544.499,1023.0,Asia,13655575.0
Afghanistan,1980,2480.011,1019.0,Asia,13169313.0
Afghanistan,1981,2697.5786,1144.0,Asia,11937586.0
Afghanistan,1982,2850.6265,1270.0,Asia,10991380.0
Afghanistan,1983,2830.0835,1347.0,Asia,10917985.0
Afghanistan,1984,2597.447,1337.0,Asia,11190222.0
Afghanistan,1985,2424.4805,1304.0,Asia,11426855.0
Afghanistan,1986,2363.8213,1344.0,Asia,11420074.0
Afghanistan,1987,2649.216,1211.0,Asia,11387822.0
Afghanistan,1988,2406.4927,1101.0,Asia,11523299.0
Afghanistan,1989,2325.343,999.0,Asia,11874089.0
Afghanistan,1990,2253.5522,963.0,Asia,12045664.0
Afghanistan,1991,2106.3145,881.1704,Asia,12238879.0
Afghanistan,1992,1966.9045,843.87537,Asia,13278983.0
Afghanistan,1993,1939.6313,578.4028,Asia,14943175.0
Afghanistan,1994,1846.2291,428.42456,Asia,16250800.0
Afghanistan,1995,1900.2047,632.94037,Asia,17065837.0
Afghanistan,1996,1910.6196,600.1753,Asia,17763266.0
Afghanistan,1997,1931.7776,570.59814,Asia,18452100.0
Afghanistan,1998,1936.4718,545.03876,Asia,19159996.0
Afghanistan,1999,1861.2385,518.65784,Asia,19887792.0
Afghanistan,2000,1831.3184,502.37274,Asia,20130334.0
Afghanistan,2001,1828.0873,489.682,Asia,20284303.0
Afghanistan,2002,1896.4564,796.8166,Asia,21378123.0
Afghanistan,2003,1923.8715,842.8052,Asia,22733053.0
Afghanistan,2004,2005.2656,869.03925,Asia,23560656.0
Afghanistan,2005,1984.4324,964.4081,Asia,24404575.0
Afghanistan,2006,1981.9991,1057.0966,Asia,25424100.0
Afghanistan,2007,2080.6777,1259.9967,Asia,25909852.0
Afghanistan,2008,2083.3396,1319.6074,Asia,26482631.0
Afghanistan,2009,2099.3276,1557.3207,Asia,27466102.0
Afghanistan,2010,2200.2107,1627.6716,Asia,28284088.0
Afghanistan,2011,2171.8523,1792.0,Asia,29347708.0
Afghanistan,2012,2165.8892,1945.0,Asia,30560036.0
Afghanistan,2013,2205.3318,2025.0,Asia,31622709.0
Afghanistan,2014,2270.4536,2022.0,Asia,32792528.0
Afghanistan,2015,2251.3596,1928.0,Asia,33831767.0
Afghanistan,2016,2241.3125,1931.2438,Asia,34700613.0
Afghanistan,2017,2308.0024,1909.733,Asia,35688941.0
Afghanistan,2018,2261.7915,1888.814,Asia,36743040.0
Afghanistan,2019,2223.3108,2031.7373,Asia,37856125.0
Afghanistan,2020,2260.6082,1928.4547,Asia,39068977.0
Afghanistan,2021,2245.2058,1485.547,Asia,40000410.0
Afghanistan,2022,2273.8936,1357.9878,Asia,40578847.0
Albania,1961,2184.0034,2332.0,Europe,1698801.0
Albania,1962,2210.192,2409.0,Europe,1743739.0
Albania,1963,2131.58,2491.0,Europe,1791289.0
Albania,1964,2246.0295,2576.0,Europe,1841445.0
Albania,1965,2229.8252,2670.0,Europe,1894317.0
Albania,1966,2226.2026,2770.0,Europe,1950049.0
Albania,1967,2228.75,2876.0,Europe,2008524.0
Albania,1968,2300.1367,2979.0,Europe,2068848.0
Albania,1969,2356.6577,3080.0,Europe,2126885.0
Albania,1970,2368.2483,3194.0,Europe,2181226.0
Albania,1971,2317.768,3322.0,Europe,2234995.0
Albania,1972,2348.0847,3451.0,Europe,2289265.0
Albania,1973,2395.5757,3623.0,Europe,2344108.0
Albania,1974,2460.3257,3637.0,Europe,2399397.0
Albania,1975,2465.6948,3649.0,Europe,2454861.0
Albania,1976,2653.7625,3665.0,Europe,2510579.0
Albania,1977,2754.7976,3681.0,Europe,2566603.0
Albania,1978,2671.9724,3696.0,Europe,2624620.0
Albania,1979,2596.8953,3716.0,Europe,2681393.0
Albania,1980,2595.5977,3741.0,Europe,2735424.0
Albania,1981,2684.2349,3762.0,Europe,2790413.0
Albania,1982,2679.992,3783.0,Europe,2846910.0
Albania,1983,2821.9548,3805.0,Europe,2905128.0
Albania,1984,2754.0737,3826.0,Europe,2964961.0
Albania,1985,2608.8667,3846.0,Europe,3026245.0
Albania,1986,2754.7676,3870.0,Europe,3087658.0
Albania,1987,2578.8025,3894.0,Europe,3148843.0
Albania,1988,2693.3672,3920.0,Europe,3212924.0
Albania,1989,2682.1736,3948.0,Europe,3260369.0
Albania,1990,2700.4243,3983.0,Europe,3277965.0
Albania,1991,2710.9907,2942.1006,Europe,3282608.0
Albania,1992,2786.998,2841.7651,Europe,3282506.0
Albania,1993,2913.6692,3137.024,Europe,3277831.0
Albania,1994,2977.83,3399.7102,Europe,3269417.0
Albania,1995,2799.9023,3666.6506,Europe,3258573.0
Albania,1996,2926.494,3965.6853,Europe,3245680.0
Albania,1997,2810.5005,3526.9856,Europe,3229665.0
Albania,1998,2822.5068,3873.373,Europe,3210134.0
Albania,1999,2910.5098,4432.0425,Europe,3188598.0
Albania,2000,2853.901,4808.4795,Europe,3166147.0
Albania,2001,2925.9292,5285.809,Europe,3147943.0
Albania,2002,2982.71,5608.9624,Europe,3134095.0
Albania,2003,2879.4868,6004.645,Europe,3118093.0
Albania,2004,2897.7256,6419.8706,Europe,3098662.0
Albania,2005,2985.9683,6858.4673,Europe,3076156.0
Albania,2006,2975.903,7347.33,Europe,3050805.0
Albania,2007,2995.4014,7866.1577,Europe,3022887.0
Albania,2008,3108.549,8522.13,Europe,2992933.0
Albania,2009,3184.5295,8859.472,Europe,2961487.0
Albania,2010,3239.1545,9222.973,Europe,2928731.0
Albania,2011,3284.2263,9484.0,Europe,2911499.0
Albania,2012,3325.8162,9634.334,Europe,2910003.0
Albania,2013,3318.8633,9748.728,Europe,2907571.0
Albania,2014,3295.1814,9942.276,Europe,2903748.0
Albania,2015,3311.6807,10192.529,Europe,2898634.0
Albania,2016,3345.6516,10547.255,Europe,2897868.0
Albania,2017,3355.6711,10958.307,Europe,2898245.0
Albania,2018,3332.4949,11426.92,Europe,2894229.0
Albania,2019,3361.9385,11715.307,Europe,2885011.0
Albania,2020,3343.6917,11372.541,Europe,2871950.0
Albania,2021,3336.1538,12455.917,Europe,2849641.0
Albania,2022,3408.1135,12978.101,Europe,2827614.0
Algeria,1961,1609.55,2868.0,Africa,11628877.0
Algeria,1962,1574.881,2284.0,Africa,11800768.0
Algeria,1963,1547.6232,2818.0,Africa,11982121.0
Algeria,1964,1573.2778,2879.0,Africa,12179807.0
Algeria,1965,1643.1097,2981.0,Africa,12365979.0
Algeria,1966,1637.4998,2750.0,Africa,12590068.0
Algeria,1967,1726.4182,2907.0,Africa,12876115.0
Algeria,1968,1798.5208,3151.0,Africa,13172615.0
Algeria,1969,1807.6143,3355.0,Africa,13475959.0
Algeria,1970,1785.2526,3585.0,Africa,13783722.0
Algeria,1971,1841.8807,3188.0,Africa,14098937.0
Algeria,1972,1988.0459,3746.0,Africa,14427075.0
Algeria,1973,1996.9695,3757.0,Africa,14771150.0
Algeria,1974,2146.7593,3870.0,Africa,15133508.0
Algeria,1975,2209.6594,4020.0,Africa,15678603.0
Algeria,1976,2159.5007,4157.0,Africa,16409171.0
Algeria,1977,2311.948,4398.0,Africa,17015988.0
Algeria,1978,2454.3281,4812.0,Africa,17506977.0
Algeria,1979,2559.9993,5088.0,Africa,18036655.0
Algeria,1980,2685.6763,5024.0,Africa,18607175.0
Algeria,1981,2716.3457,4991.0,Africa,19220708.0
Algeria,1982,2685.7007,5145.0,Africa,19872353.0
Algeria,1983,2664.1301,5243.0,Africa,20558120.0
Algeria,1984,2603.1912,5361.0,Africa,21271969.0
Algeria,1985,2712.5474,5469.0,Africa,22008542.0
Algeria,1986,2718.6455,5262.0,Africa,22745501.0
Algeria,1987,2718.8032,5088.0,Africa,23443627.0
Algeria,1988,2784.951,4850.0,Africa,24109538.0
Algeria,1989,2851.7058,4889.0,Africa,24754488.0
Algeria,1990,2847.7888,4697.0,Africa,25375815.0
Algeria,1991,2828.2854,4708.232,Africa,25987937.0
Algeria,1992,2962.524,4850.223,Africa,26628570.0
Algeria,1993,2957.53,4816.924,Africa,27277042.0
Algeria,1994,2848.7737,4856.9854,Africa,27887277.0
Algeria,1995,2867.6404,5142.384,Africa,28470194.0
Algeria,1996,2861.859,5451.6343,Africa,29033045.0
Algeria,1997,2803.7476,5638.48,Africa,29579299.0
Algeria,1998,2863.1482,6069.7773,Africa,30054135.0
Algeria,1999,2917.7861,6421.5083,Africa,30474360.0
Algeria,2000,2886.168,6834.5537,Africa,30903894.0
Algeria,2001,2961.4194,7218.2456,Africa,31331226.0
Algeria,2002,3000.741,7814.8384,Africa,31750832.0
Algeria,2003,3046.3538,8590.178,Africa,32175813.0
Algeria,2004,3063.232,9182.294,Africa,32628286.0
Algeria,2005,3034.0952,9969.623,Africa,33109258.0
Algeria,2006,3127.0632,10385.779,Africa,33623505.0
Algeria,2007,3121.7253,10974.742,Africa,34189420.0
Algeria,2008,3127.4927,11475.002,Africa,34816963.0
Algeria,2009,3188.214,11907.021,Africa,35490442.0
Algeria,2010,3213.1382,12587.744,Africa,36188237.0
Algeria,2011,3316.9983,13204.0,Africa,36903374.0
Algeria,2012,3329.8298,13392.944,Africa,37646165.0
Algeria,2013,3405.3408,13508.265,Africa,38414176.0
Algeria,2014,3398.1978,13760.384,Africa,39205035.0
Algeria,2015,3384.2002,14007.894,Africa,40019528.0
Algeria,2016,3413.2693,14198.272,Africa,40850719.0
Algeria,2017,3349.8677,14149.915,Africa,41689302.0
Algeria,2018,3346.05,14083.772,Africa,42505033.0
Algeria,2019,3431.103,14000.279,Africa,43294551.0
Algeria,2020,3457.4797,13086.293,Africa,44042094.0
Algeria,2021,3453.5544,13337.262,Africa,44761099.0
Algeria,2022,3424.5012,13506.444,Africa,45477391.0
Angola,1961,1715.0508,2225.0,Africa,5301584.0
Angola,1962,1749.5889,2128.0,Africa,5354315.0
Angola,1963,1797.0386,2200.0,Africa,5408334.0
Angola,1964,1819.6819,2407.0,Africa,5464186.0
Angola,1965,1847.0936,2544.0,Africa,5521982.0
Angola,1966,1871.5818,2646.0,Africa,5581391.0
Angola,1967,1913.5739,2753.0,Africa,5641810.0
Angola,1968,1860.0012,2665.0,Africa,5702706.0
Angola,1969,1963.998,2695.0,Africa,5763693.0
Angola,1970,1990.2509,2818.0,Africa,5852790.0
Angola,1971,2021.3433,2754.0,Africa,5991114.0
Angola,1972,1960.1345,2729.0,Africa,6174269.0
Angola,1973,1895.3558,2852.0,Africa,6388534.0
Angola,1974,1836.7494,2727.0,Africa,6613368.0
Angola,1975,1802.3514,1710.0,Africa,6842952.0
Angola,1976,1816.1394,1521.0,Africa,7074668.0
Angola,1977,1864.5509,1500.0,Africa,7317837.0
Angola,1978,1887.7961,1530.0,Africa,7576742.0
Angola,1979,1853.7085,1527.0,Africa,7847207.0
Angola,1980,1846.8435,1532.0,Africa,8133867.0
Angola,1981,1766.6986,1471.0,Africa,8435605.0
Angola,1982,1645.1772,1374.0,Africa,8751653.0
Angola,1983,1616.1218,1288.0,Africa,9082985.0
Angola,1984,1559.2434,1259.0,Africa,9425921.0
Angola,1985,1563.6335,1242.0,Africa,9779125.0
Angola,1986,1511.296,1106.0,Africa,10139459.0
Angola,1987,1486.3551,1211.0,Africa,10497863.0
Angola,1988,1447.8738,1360.0,Africa,10861299.0
Angola,1989,1418.4098,1360.0,Africa,11238562.0
Angola,1990,1458.59,1384.0,Africa,11626361.0
Angola,1991,1427.3662,1437.1472,Africa,12023532.0
Angola,1992,1439.1727,1389.3295,Africa,12423717.0
Angola,1993,1386.5767,1080.4806,Africa,12827136.0
Angola,1994,1457.0443,1120.8481,Africa,13249763.0
Angola,1995,1490.6177,1319.1589,Africa,13699780.0
Angola,1996,1521.0255,1533.9839,Africa,14170973.0
Angola,1997,1511.1445,1687.3177,Africa,14660419.0
Angola,1998,1518.3853,1811.1681,Africa,15159378.0
Angola,1999,1556.5833,1899.4152,Africa,15667235.0
Angola,2000,1540.8334,2013.6362,Africa,16194873.0
Angola,2001,1574.4541,2162.485,Africa,16747204.0
Angola,2002,1645.2618,2522.6719,Africa,17327701.0
Angola,2003,1704.2089,2711.9282,Africa,17943718.0
Angola,2004,1743.6864,3064.2986,Africa,18600426.0
Angola,2005,1781.2246,3708.7705,Africa,19291160.0
Angola,2006,1812.6909,4592.3374,Africa,20015281.0
Angola,2007,1852.406,5773.5483,Africa,20778570.0
Angola,2008,1905.3518,6743.748,Africa,21578656.0
Angola,2009,1944.6495,7087.604,Africa,22414775.0
Angola,2010,2430.496,7520.6655,Africa,23294822.0
Angola,2011,2494.6606,8016.0,Africa,24218358.0
Angola,2012,2440.3452,8376.946,Africa,25177398.0
Angola,2013,2517.098,8463.942,Africa,26165616.0
Angola,2014,2549.5027,8548.293,Africa,27160767.0
Angola,2015,2469.279,8319.567,Africa,28157802.0
Angola,2016,2428.0015,7819.1475,Africa,29183072.0
Angola,2017,2448.9856,7535.6123,Africa,30234836.0
Angola,2018,2450.5085,7180.3555,Africa,31297160.0
Angola,2019,2424.9878,6886.954,Africa,32375633.0
Angola,2020,2395.1272,6279.929,Africa,33451139.0
Angola,2021,2400.7861,6137.004,Africa,34532427.0
Angola,2022,2431.6443,6118.905,Africa,35635028.0
Argentina,1961,3139.8638,9344.0,Latin America & Caribbean,20726280.0
Argentina,1962,3110.4937,9049.0,Latin America & Caribbean,21072543.0
Argentina,1963,3060.614,8695.0,Latin America & Caribbean,21421702.0
Argentina,1964,3103.4895,9446.0,Latin America & Caribbean,21769451.0
Argentina,1965,3209.1067,10155.0,Latin America & Caribbean,22112634.0
Argentina,1966,3164.0955,10076.0,Latin America & Caribbean,22453898.0
Argentina,1967,3238.034,10200.0,Latin America & Caribbean,22799063.0
Argentina,1968,3282.7063,10485.0,Latin America & Caribbean,23150580.0
Argentina,1969,3318.6565,11217.0,Latin America & Caribbean,23508716.0
Argentina,1970,3347.0518,11639.0,Latin America & Caribbean,23878330.0
Argentina,1971,3188.889,12003.0,Latin America & Caribbean,24257212.0
Argentina,1972,3077.5903,12170.0,Latin America & Caribbean,24644332.0
Argentina,1973,3030.3093,12691.0,Latin America & Caribbean,25046007.0
Argentina,1974,3220.3105,13284.0,Latin America & Caribbean,25461352.0
Argentina,1975,3283.674,12946.0,Latin America & Caribbean,25874106.0
Argentina,1976,3211.4604,12696.0,Latin America & Caribbean,26282282.0
Argentina,1977,3193.3481,13236.0,Latin America & Caribbean,26701815.0
Argentina,1978,3246.1294,12444.0,Latin America & Caribbean,27132162.0
Argentina,1979,3218.3484,13114.0,Latin America & Caribbean,27568894.0
Argentina,1980,3234.469,13080.0,Latin America & Caribbean,28011597.0
Argentina,1981,3208.6704,12125.0,Latin America & Caribbean,28463956.0
Argentina,1982,3066.8481,11550.0,Latin America & Caribbean,28924268.0
Argentina,1983,2994.4421,11775.0,Latin America & Caribbean,29391334.0
Argentina,1984,3036.4292,11837.0,Latin America & Caribbean,29863090.0
Argentina,1985,3115.3647,10895.0,Latin America & Caribbean,30336448.0
Argentina,1986,3026.4294,11515.0,Latin America & Caribbean,30811982.0
Argentina,1987,3092.3625,11633.0,Latin America & Caribbean,31291764.0
Argentina,1988,3005.5994,11244.0,Latin America & Caribbean,31780534.0
Argentina,1989,2949.743,10393.0,Latin America & Caribbean,32270958.0
Argentina,1990,2899.3665,10254.0,Latin America & Caribbean,32755907.0
Argentina,1991,2995.9336,11223.984,Latin America & Caribbean,33230293.0
Argentina,1992,3061.244,12267.084,Latin America & Caribbean,33693532.0
Argentina,1993,3098.5994,12926.795,Latin America & Caribbean,34152719.0
Argentina,1994,3135.4492,13571.38,Latin America & Caribbean,34613492.0
Argentina,1995,3141.6233,13086.036,Latin America & Caribbean,35070016.0
Argentina,1996,3133.8015,13715.227,Latin America & Caribbean,35513795.0
Argentina,1997,3109.6267,14722.6455,Latin America & Caribbean,35947790.0
Argentina,1998,3140.0544,15185.959,Latin America & Caribbean,36372862.0
Argentina,1999,3240.182,14577.832,Latin America & Caribbean,36794687.0
Argentina,2000,3232.757,14368.942,Latin America & Caribbean,37213986.0
Argentina,2001,3181.9656,13651.981,Latin America & Caribbean,37624817.0
Argentina,2002,2945.582,12094.772,Latin America & Caribbean,38029345.0
Argentina,2003,2973.425,13088.565,Latin America & Caribbean,38424283.0
Argentina,2004,2988.456,14183.226,Latin America & Caribbean,38815915.0
Argentina,2005,3061.9373,15344.157,Latin America & Caribbean,39216786.0
Argentina,2006,3064.2422,16490.473,Latin America & Caribbean,39622113.0
Argentina,2007,3091.1042,17891.943,Latin America & Caribbean,40016767.0
Argentina,2008,3099.5532,18520.305,Latin America & Caribbean,40424151.0
Argentina,2009,3068.3071,17328.977,Latin America & Caribbean,40854832.0
Argentina,2010,3064.1113,18979.992,Latin America & Caribbean,41288694.0
Argentina,2011,3055.0745,20003.0,Latin America & Caribbean,41730655.0
Argentina,2012,3085.97,19573.963,Latin America & Caribbean,42161718.0
Argentina,2013,3117.2996,19821.643,Latin America & Caribbean,42582453.0
Argentina,2014,3156.417,19112.232,Latin America & Caribbean,43024071.0
Argentina,2015,3210.0088,19423.666,Latin America & Caribbean,43477011.0
Argentina,2016,3150.7654,18819.643,Latin America & Caribbean,43900312.0
Argentina,2017,3178.4475,19150.52,Latin America & Caribbean,44288898.0
Argentina,2018,3220.0972,18460.87,Latin America & Caribbean,44654876.0
Argentina,2019,3253.187,17912.637,Latin America & Caribbean,44973469.0
Argentina,2020,3297.1443,15975.839,Latin America & Caribbean,45191960.0
Argentina,2021,3342.4292,17470.682,Latin America & Caribbean,45312282.0
Argentina,2022,3354.89,18292.318,Latin America & Caribbean,45407904.0
Armenia,1992,2108.8718,4699.611,Asia,3571870.0
Armenia,1993,2048.3452,4130.1475,Asia,3453339.0
Armenia,1994,2132.6301,4392.98,Asia,3364620.0
Armenia,1995,2211.9485,4703.131,Asia,3307586.0
Armenia,1996,2245.181,4811.4897,Asia,3278738.0
Armenia,1997,2252.2742,4836.0444,Asia,3246292.0
Armenia,1998,2251.0168,4994.053,Asia,3208399.0
Armenia,1999,2235.062,5000.4526,Asia,3167282.0
Armenia,2000,2200.4958,5139.8257,Asia,3125630.0
Armenia,2001,2221.3237,5457.5103,Asia,3084350.0
Armenia,2002,2252.6155,6082.146,Asia,3055636.0
Armenia,2003,2429.6184,6743.241,Asia,3038976.0
Armenia,2004,2556.9202,7229.6484,Asia,3022544.0
Armenia,2005,2675.6675,8006.9604,Asia,3006360.0
Armenia,2006,2768.6433,8798.75,Asia,2990371.0
Armenia,2007,2775.0842,9713.213,Asia,2974825.0
Armenia,2008,2885.4812,10080.8125,Asia,2959996.0
Armenia,2009,2840.5164,8399.087,Asia,2945518.0
Armenia,2010,3163.9805,8330.812,Asia,2931083.0
Armenia,2011,3163.7188,8465.0,Asia,2923269.0
Armenia,2012,3139.9834,9076.433,Asia,2922529.0
Armenia,2013,3178.8328,9395.087,Asia,2922526.0
Armenia,2014,3182.4075,9745.136,Asia,2922433.0
Armenia,2015,3167.0828,10076.352,Asia,2921179.0
Armenia,2016,3126.9688,10113.051,Asia,2918796.0
Armenia,2017,3065.2383,10894.957,Asia,2914966.0
Armenia,2018,3096.5796,11490.369,Asia,2909971.0
Armenia,2019,3137.3328,12399.231,Asia,2903975.0
Armenia,2020,3121.136,11546.176,Asia,2890893.0
Armenia,2021,3139.1396,12242.478,Asia,2870339.0
Armenia,2022,3162.6196,13837.577,Asia,2880880.0
Australia,1961,3089.3984,13793.0,Oceania,10500441.0
Australia,1962,3108.2798,14389.0,Oceania,10707235.0
Australia,1963,3163.114,14983.0,Oceania,10913270.0
Australia,1964,3142.2522,15699.0,Oceania,11128257.0
Australia,1965,3097.867,16182.0,Oceania,11357479.0
Australia,1966,3183.6196,16324.0,Oceania,11592485.0
Australia,1967,3149.5186,17108.0,Oceania,11810521.0
Australia,1968,3198.7393,17770.0,Oceania,12030009.0
Australia,1969,3219.9402,18428.0,Oceania,12272387.0
Australia,1970,3235.6184,19166.0,Oceania,12599414.0
Australia,1971,3220.4763,19590.0,Oceania,12997963.0
Australia,1972,3235.3083,19772.0,Oceania,13304897.0
Australia,1973,3105.6338,20527.0,Oceania,13518689.0
Australia,1974,3019.2102,20698.0,Oceania,13719499.0
Australia,1975,3092.78,20993.0,Oceania,13893988.0
Australia,1976,3116.8276,21613.0,Oceania,14046758.0
Australia,1977,3072.8354,21592.0,Oceania,14203511.0
Australia,1978,3022.4,21948.0,Oceania,14367099.0
Australia,1979,3008.786,22826.0,Oceania,14533034.0
Australia,1980,3057.226,22972.0,Oceania,14721345.0
Australia,1981,3058.4868,23368.0,Oceania,14949210.0
Australia,1982,3085.3088,22972.0,Oceania,15192484.0
Australia,1983,3018.9045,22697.0,Oceania,15414891.0
Australia,1984,3068.8582,24009.0,Oceania,15620653.0
Australia,1985,3112.182,24927.0,Oceania,15835743.0
Australia,1986,3078.6582,25116.0,Oceania,16069631.0
Australia,1987,3108.805,25971.0,Oceania,16322272.0
Australia,1988,3113.8542,26702.0,Oceania,16594104.0
Australia,1989,3129.5898,27407.0,Oceania,16869362.0
Australia,1990,3168.569,27373.0,Oceania,17126304.0
Australia,1991,3115.3901,26861.275,Oceania,17353191.0
Australia,1992,3121.3877,27560.178,Oceania,17549286.0
Australia,1993,3042.3596,28622.477,Oceania,17722905.0
Australia,1994,3058.0215,29844.172,Oceania,17897433.0
Australia,1995,3103.9082,30690.062,Oceania,18095340.0
Australia,1996,3082.6638,31740.47,Oceania,18305305.0
Australia,1997,3105.7188,32857.992,Oceania,18504911.0
Australia,1998,3030.0398,34337.14,Oceania,18701710.0
Australia,1999,3032.6514,35551.02,Oceania,18909980.0
Australia,2000,3010.7803,36603.047,Oceania,19132472.0
Australia,2001,3067.133,37275.992,Oceania,19365438.0
Australia,2002,3095.7874,38567.066,Oceania,19595356.0
Australia,2003,3124.916,39523.656,Oceania,19819449.0
Australia,2004,3078.0828,40887.727,Oceania,20046679.0
Australia,2005,3133.5884,41904.445,Oceania,20294490.0
Australia,2006,3198.2168,42650.984,Oceania,20590566.0
Australia,2007,3242.4807,44033.582,Oceania,20954545.0
Australia,2008,3240.0762,44421.64,Oceania,21370595.0
Australia,2009,3242.3696,44686.543,Oceania,21783014.0
Australia,2010,3514.7004,45400.223,Oceania,22141583.0
Australia,2011,3496.453,46132.0,Oceania,22479779.0
Australia,2012,3544.3806,47045.13,Oceania,22852648.0
Australia,2013,3526.6636,47260.953,Oceania,23236271.0
Australia,2014,3514.5686,47753.848,Oceania,23595599.0
Australia,2015,3500.048,48145.53,Oceania,23947997.0
Australia,2016,3517.4314,48675.137,Oceania,24329963.0
Australia,2017,3472.9866,49001.902,Oceania,24731044.0
Australia,2018,3450.4666,49614.387,Oceania,25119700.0
Australia,2019,3485.334,49814.67,Oceania,25482714.0
Australia,2020,3468.427,48268.945,Oceania,25743787.0
Australia,2021,3473.7856,50704.934,Oceania,25956417.0
Australia,2022,3467.567,52049.43,Oceania,26200987.0
Austria,1961,3194.5754,10882.0,Europe,7086060.0
Austria,1962,3197.2183,11078.0,Europe,7129581.0
Austria,1963,3253.6572,11454.0,Europe,7175502.0
Austria,1964,3276.1604,12062.0,Europe,7223392.0
Austria,1965,3226.4604,12328.0,Europe,7270413.0
Austria,1966,3236.183,12930.0,Europe,7321524.0
Austria,1967,3193.007,13225.0,Europe,7376293.0
Austria,1968,3220.7275,13742.0,Europe,7414627.0
Austria,1969,3158.3794,14555.0,Europe,7440306.0
Austria,1970,3226.772,15537.0,Europe,7466320.0
Austria,1971,3240.9243,16259.0,Europe,7499635.0
Austria,1972,3213.6904,17169.0,Europe,7543263.0
Austria,1973,3295.2563,17908.0,Europe,7585107.0
Austria,1974,3205.65,18583.0,Europe,7597963.0
Austria,1975,3159.069,18564.0,Europe,7577833.0
Austria,1976,3265.526,19448.0,Europe,7564457.0
Austria,1977,3207.467,20350.0,Europe,7567332.0
Austria,1978,3223.537,20293.0,Europe,7561203.0
Austria,1979,3291.5486,21436.0,Europe,7548345.0
Austria,1980,3357.9304,21932.0,Europe,7548407.0
Austria,1981,3340.2356,21866.0,Europe,7567550.0
Austria,1982,3390.088,22254.0,Europe,7573078.0
Austria,1983,3358.593,22944.0,Europe,7561166.0
Austria,1984,3363.794,23016.0,Europe,7560715.0
Austria,1985,3379.214,23514.0,Europe,7564310.0
Austria,1986,3435.6152,24039.0,Europe,7569397.0
Austria,1987,3428.4373,24409.0,Europe,7574314.0
Austria,1988,3431.7688,25112.0,Europe,7585346.0
Austria,1989,3482.8357,26078.0,Europe,7620405.0
Austria,1990,3505.5999,26930.0,Europe,7679627.0
Austria,1991,3541.7249,27689.771,Europe,7757140.0
Austria,1992,3525.3306,28072.44,Europe,7842715.0
Austria,1993,3492.2546,28101.229,Europe,7907492.0
Austria,1994,3556.9297,28780.76,Europe,7938157.0
Austria,1995,3525.31,29621.682,Europe,7950322.0
Austria,1996,3572.4475,30413.156,Europe,7960917.0
Austria,1997,3513.3757,31173.049,Europe,7969804.0
Austria,1998,3621.8083,32376.33,Europe,7978465.0
Austria,1999,3679.4814,33608.297,Europe,7993894.0
Austria,2000,3729.288,34796.258,Europe,8012929.0
Austria,2001,3731.137,35272.223,Europe,8042233.0
Austria,2002,3656.6816,35823.586,Europe,8081640.0
Austria,2003,3617.618,36063.12,Europe,8122604.0
Austria,2004,3614.6047,36957.113,Europe,8173496.0
Austria,2005,3644.333,37642.76,Europe,8229204.0
Austria,2006,3722.1924,38866.848,Europe,8269901.0
Austria,2007,3743.329,40305.273,Europe,8296948.0
Austria,2008,3725.3733,40964.793,Europe,8323250.0
Austria,2009,3735.013,39463.656,Europe,8345073.0
Austria,2010,3784.9084,40288.348,Europe,8365087.0
Austria,2011,3834.4932,41446.0,Europe,8393272.0
Austria,2012,3822.9414,41540.94,Europe,8431599.0
Austria,2013,3796.9521,41301.94,Europe,8481411.0
Austria,2014,3754.4148,41250.508,Europe,8547812.0
Austria,2015,3734.1113,41255.715,Europe,8644037.0
Austria,2016,3715.2322,41545.5,Europe,8737920.0
Austria,2017,3752.9644,42216.918,Europe,8798779.0
Austria,2018,3754.1047,43032.215,Europe,8841653.0
Austria,2019,3813.1782,43488.668,Europe,8880876.0
Austria,2020,3764.064,40503.04,Europe,8921402.0
Austria,2021,3765.1711,42184.695,Europe,8967053.0
Austria,2022,3759.5864,43792.855,Europe,9064678.0
Azerbaijan,1992,2332.1536,5638.998,Asia,7405781.0
Azerbaijan,1993,2253.7283,4315.357,Asia,7504119.0
Azerbaijan,1994,2177.7573,3453.3638,Asia,7608894.0
Azerbaijan,1995,2140.2437,2999.319,Asia,7719283.0
Azerbaijan,1996,2228.9668,3074.2197,Asia,7830981.0
Azerbaijan,1997,2017.3788,3347.6125,Asia,7936220.0
Azerbaijan,1998,2107.9617,3550.364,Asia,8025808.0
Azerbaijan,1999,2170.8464,3959.7815,Asia,8100472.0
Azerbaijan,2000,2266.1487,4214.8887,Asia,8174784.0
Azerbaijan,2001,2354.6865,4498.7944,Asia,8251776.0
Azerbaijan,2002,2447.3618,4880.4,Asia,8326141.0
Azerbaijan,2003,2544.7185,5408.523,Asia,8400528.0
Azerbaijan,2004,2631.268,5971.4746,Asia,8489874.0
Azerbaijan,2005,2825.6985,7553.6265,Asia,8597248.0
Azerbaijan,2006,2989.9958,10160.346,Asia,8711380.0
Azerbaijan,2007,2999.0588,12699.498,Asia,8828313.0
Azerbaijan,2008,3004.1282,14072.627,Asia,8942637.0
Azerbaijan,2009,2975.0244,15384.293,Asia,9046336.0
Azerbaijan,2010,2973.3823,16153.837,Asia,9146852.0
Azerbaijan,2011,3003.4473,16176.0,Asia,9256156.0
Azerbaijan,2012,3020.2234,16364.532,Asia,9376179.0
Azerbaijan,2013,3020.4976,17146.223,Asia,9504417.0
Azerbaijan,2014,3020.2031,17451.1,Asia,9631136.0
Azerbaijan,2015,3038.083,17463.758,Asia,9752859.0
Azerbaijan,2016,3059.0703,16770.85,Asia,9868434.0
Azerbaijan,2017,3118.6929,16647.016,Asia,9968510.0
Azerbaijan,2018,3188.1929,16753.209,Asia,10039782.0
Azerbaijan,2019,3308.148,17029.906,Asia,10110483.0
Azerbaijan,2020,3378.7373,16189.511,Asia,10181736.0
Azerbaijan,2021,3381.6995,16971.725,Asia,10234372.0
Azerbaijan,2022,3347.8157,17682.94,Asia,10295307.0
Bahrain,2019,3502.3188,39499.707,Asia,1485675.0
Bahrain,2020,3523.0903,36890.504,Asia,1483081.0
Bahrain,2021,3390.3357,37323.105,Asia,1501762.0
Bahrain,2022,3365.9885,38651.6,Asia,1533460.0
Bangladesh,1961,2058.7922,899.0,Asia,53310344.0
Bangladesh,1962,2031.9103,877.0,Asia,54881154.0
Bangladesh,1963,2074.142,947.0,Asia,56504406.0
Bangladesh,1964,2058.763,939.0,Asia,58178372.0
Bangladesh,1965,2026.2653,969.0,Asia,59902522.0
Bangladesh,1966,2020.6375,963.0,Asia,61669811.0
Bangladesh,1967,1891.0916,921.0,Asia,63510933.0
Bangladesh,1968,1993.7898,987.0,Asia,65408278.0
Bangladesh,1969,2045.6382,980.0,Asia,67294130.0
Bangladesh,1970,2112.397,1004.0,Asia,69058898.0
Bangladesh,1971,1957.3378,934.0,Asia,70276757.0
Bangladesh,1972,1800.7184,807.0,Asia,71641525.0
Bangladesh,1973,1870.5023,792.0,Asia,73722297.0
Bangladesh,1974,1919.7643,872.0,Asia,75839352.0
Bangladesh,1975,1806.292,843.0,Asia,77854352.0
Bangladesh,1976,1936.2391,862.0,Asia,79855318.0
Bangladesh,1977,1760.1189,843.0,Asia,81867267.0
Bangladesh,1978,1889.6296,878.0,Asia,83889660.0
Bangladesh,1979,1945.9381,894.0,Asia,85935070.0
Bangladesh,1980,1896.1624,875.0,Asia,88016435.0
Bangladesh,1981,1875.4446,878.0,Asia,90303104.0
Bangladesh,1982,1904.1617,869.0,Asia,92814506.0
Bangladesh,1983,1924.2512,891.0,Asia,95335162.0
Bangladesh,1984,1904.3131,918.0,Asia,97814965.0
Bangladesh,1985,1944.9391,925.0,Asia,100253825.0
Bangladesh,1986,1949.5798,944.0,Asia,102635569.0
Bangladesh,1987,2024.4313,960.0,Asia,104959291.0
Bangladesh,1988,2008.0616,964.0,Asia,107216011.0
Bangladesh,1989,1996.3138,966.0,Asia,109433805.0
Bangladesh,1990,2030.6753,1006.0,Asia,111633722.0
Bangladesh,1991,2044.3656,1031.4299,Asia,113787112.0
Bangladesh,1992,2046.8938,1062.4604,Asia,115952198.0
Bangladesh,1993,1954.9679,1095.6564,Asia,118132363.0
Bangladesh,1994,1953.4976,1136.4185,Asia,120343183.0
Bangladesh,1995,1997.5013,1182.9514,Asia,122600372.0
Bangladesh,1996,2007.6315,1234.0841,Asia,124862185.0
Bangladesh,1997,2058.8733,1291.5126,Asia,127198070.0
Bangladesh,1998,2125.2673,1348.1499,Asia,129622332.0
Bangladesh,1999,2229.2751,1412.9813,Asia,132108065.0
Bangladesh,2000,2221.7278,1485.3092,Asia,134544303.0
Bangladesh,2001,2295.6309,1551.1965,Asia,136805810.0
Bangladesh,2002,2280.908,1621.267,Asia,138933659.0
Bangladesh,2003,2320.2544,1710.7313,Asia,140970355.0
Bangladesh,2004,2354.199,1812.6246,Asia,142902857.0
Bangladesh,2005,2346.0896,1925.6062,Asia,144715789.0
Bangladesh,2006,2347.0986,2057.6985,Asia,146405983.0
Bangladesh,2007,2391.9744,2194.4224,Asia,147989282.0
Bangladesh,2008,2361.988,2321.0505,Asia,149474264.0
Bangladesh,2009,2402.9685,2448.887,Asia,150873716.0
Bangladesh,2010,2328.2874,2599.2083,Asia,152201978.0
Bangladesh,2011,2365.5308,2772.0,Asia,153591074.0
Bangladesh,2012,2383.6348,2914.0488,Asia,155070110.0
Bangladesh,2013,2384.773,3057.4697,Asia,156532134.0
Bangladesh,2014,2410.2356,3216.8923,Asia,157964931.0
Bangladesh,2015,2481.0344,3402.3213,Asia,159383179.0
Bangladesh,2016,2426.1108,3598.5103,Asia,160811934.0
Bangladesh,2017,2488.1587,3808.8728,Asia,162186146.0
Bangladesh,2018,2566.9324,4056.6465,Asia,163523109.0
Bangladesh,2019,2523.0142,4242.7515,Asia,164913060.0
Bangladesh,2020,2587.9177,4418.9644,Asia,166298024.0
Bangladesh,2021,2593.0188,4684.003,Asia,167658855.0
Bangladesh,2022,2608.2378,4925.721,Asia,169384891.0
Barbados,1961,2499.5562,5683.0,Latin America & Caribbean,233155.0
Barbados,1962,2550.5237,5923.0,Latin America & Caribbean,235236.0
Barbados,1963,2608.252,6033.0,Latin America & Caribbean,237566.0
Barbados,1964,2544.1035,6355.0,Latin America & Caribbean,239969.0
Barbados,1965,2512.6536,6468.0,Latin America & Caribbean,242421.0
Barbados,1966,2514.0198,6873.0,Latin America & Caribbean,245010.0
Barbados,1967,2679.9624,7492.0,Latin America & Caribbean,247099.0
Barbados,1968,2580.212,8429.0,Latin America & Caribbean,248554.0
Barbados,1969,2576.0984,9247.0,Latin America & Caribbean,249447.0
Barbados,1970,2696.6775,10197.0,Latin America & Caribbean,249398.0
Barbados,1971,2905.8862,10514.0,Latin America & Caribbean,249177.0
Barbados,1972,2805.1316,10567.0,Latin America & Caribbean,249666.0
Barbados,1973,2878.181,10635.0,Latin America & Caribbean,250330.0
Barbados,1974,2779.6926,10080.0,Latin America & Caribbean,250786.0
Barbados,1975,2736.2932,9825.0,Latin America & Caribbean,251188.0
Barbados,1976,2805.4116,10222.0,Latin America & Caribbean,251454.0
Barbados,1977,2824.063,10541.0,Latin America & Caribbean,251630.0
Barbados,1978,2933.8147,11014.0,Latin America & Caribbean,251566.0
Barbados,1979,2843.4277,11837.0,Latin America & Caribbean,251277.0
Barbados,1980,3019.2856,12318.0,Latin America & Caribbean,251533.0
Barbados,1981,3013.5884,12065.0,Latin America & Caribbean,252274.0
Barbados,1982,2909.6792,11424.0,Latin America & Caribbean,253098.0
Barbados,1983,2957.6091,11419.0,Latin America & Caribbean,253993.0
Barbados,1984,2904.8406,11772.0,Latin America & Caribbean,254930.0
Barbados,1985,2896.1228,11848.0,Latin America & Caribbean,255831.0
Barbados,1986,3047.5435,12404.0,Latin America & Caribbean,256628.0
Barbados,1987,3108.5166,12683.0,Latin America & Caribbean,257288.0
Barbados,1988,3075.8086,13087.0,Latin America & Caribbean,257768.0
Barbados,1989,3131.6284,13498.0,Latin America & Caribbean,258113.0
Barbados,1990,3111.0088,12994.0,Latin America & Caribbean,258583.0
Barbados,1991,3013.162,12298.506,Latin America & Caribbean,259382.0
Barbados,1992,2991.3438,11427.267,Latin America & Caribbean,260272.0
Barbados,1993,2922.754,11343.598,Latin America & Caribbean,261036.0
Barbados,1994,2909.1638,11405.56,Latin America & Caribbean,261625.0
Barbados,1995,2877.4375,11473.859,Latin America & Caribbean,262046.0
Barbados,1996,2923.9392,11760.825,Latin America & Caribbean,262290.0
Barbados,1997,2999.371,12124.509,Latin America & Caribbean,262405.0
Barbados,1998,2832.4265,12384.762,Latin America & Caribbean,262434.0
Barbados,1999,2980.9883,12237.948,Latin America & Caribbean,262521.0
Barbados,2000,2854.6997,12600.022,Latin America & Caribbean,262071.0
Barbados,2001,2895.183,12112.181,Latin America & Caribbean,262429.0
Barbados,2002,2868.0889,12025.474,Latin America & Caribbean,264155.0
Barbados,2003,2893.641,12094.819,Latin America & Caribbean,265789.0
Barbados,2004,2818.7373,12078.735,Latin America & Caribbean,267297.0
Barbados,2005,2944.7783,12379.45,Latin America & Caribbean,268717.0
Barbados,2006,2890.4377,12889.877,Latin America & Caribbean,270011.0
Barbados,2007,2956.3652,12917.439,Latin America & Caribbean,271298.0
Barbados,2008,2939.8464,12786.107,Latin America & Caribbean,272719.0
Barbados,2009,2960.6038,12094.324,Latin America & Caribbean,274137.0
Barbados,2010,3081.292,11954.322,Latin America & Caribbean,275251.0
Barbados,2011,3044.9949,11870.0,Latin America & Caribbean,276150.0
Barbados,2012,3069.4863,11860.0,Latin America & Caribbean,276949.0
Barbados,2013,3055.0735,11809.0,Latin America & Caribbean,277669.0
Barbados,2014,3041.459,11780.0,Latin America & Caribbean,278355.0
Barbados,2015,3078.3167,11849.0,Latin America & Caribbean,278999.0
Barbados,2016,3061.5183,12124.693,Latin America & Caribbean,279604.0
Barbados,2017,3032.6392,12157.3125,Latin America & Caribbean,280177.0
Barbados,2018,3077.2886,12029.747,Latin America & Caribbean,280719.0
Barbados,2019,3124.7458,12040.277,Latin America & Caribbean,281216.0
Barbados,2020,3189.4453,10487.387,Latin America & Caribbean,281706.0
Barbados,2021,3179.0808,10386.526,Latin America & Caribbean,282157.0
Barbados,2022,3189.6501,11545.848,Latin America & Caribbean,282324.0
Belarus,1992,3113.3884,9960.843,Europe,10217561.0
Belarus,1993,3195.4595,9077.44,Europe,10241320.0
Belarus,1994,3121.8865,7932.001,Europe,10230193.0
Belarus,1995,3192.3474,6993.622,Europe,10197466.0
Belarus,1996,3281.4072,7128.3545,Europe,10164025.0
Belarus,1997,3281.5574,7885.0195,Europe,10122365.0
Belarus,1998,3219.1345,8481.967,Europe,10080579.0
Belarus,1999,3115.6895,8689.713,Europe,10039221.0
Belarus,2000,2989.9116,9110.9795,Europe,9991310.0
Belarus,2001,3040.4622,9462.374,Europe,9938068.0
Belarus,2002,2974.8254,9870.309,Europe,9873451.0
Belarus,2003,2815.4822,10492.987,Europe,9803175.0
Belarus,2004,2896.5037,11615.686,Europe,9735089.0
Belarus,2005,2986.1248,12629.558,Europe,9667833.0
Belarus,2006,3087.8386,13792.554,Europe,9608041.0
Belarus,2007,3193.2844,14856.956,Europe,9563135.0
Belarus,2008,3208.9468,16223.997,Europe,9529357.0
Belarus,2009,3132.1375,16088.725,Europe,9507334.0
Belarus,2010,3178.2646,17172.46,Europe,9490752.0
Belarus,2011,3231.0085,17918.0,Europe,9472738.0
Belarus,2012,3304.0847,18245.008,Europe,9463075.0
Belarus,2013,3316.5166,18456.41,Europe,9464454.0
Belarus,2014,3338.3406,18805.18,Europe,9472704.0
Belarus,2015,3303.5364,18122.863,Europe,9487289.0
Belarus,2016,3297.076,17701.959,Europe,9499066.0
Belarus,2017,3315.626,18193.273,Europe,9495793.0
Belarus,2018,3317.0198,18809.494,Europe,9480031.0
Belarus,2019,3375.1697,19130.395,Europe,9435415.0
Belarus,2020,3434.9321,19053.156,Europe,9350943.0
Belarus,2021,3417.0374,19541.914,Europe,9251368.0
Belarus,2022,3461.5132,18699.799,Europe,9173240.0
Belgium,2000,3714.8904,33719.77,Europe,10251719.0
Belgium,2001,3752.0977,33923.344,Europe,10287005.0
Belgium,2002,3751.186,34419.695,Europe,10332975.0
Belgium,2003,3720.1301,34588.477,Europe,10376262.0
Belgium,2004,3729.0366,35740.35,Europe,10421298.0
Belgium,2005,3726.3254,36338.383,Europe,10478883.0
Belgium,2006,3729.9343,37051.902,Europe,10548445.0
Belgium,2007,3731.3499,38082.875,Europe,10625488.0
Belgium,2008,3723.877,38117.348,Europe,10709711.0
Belgium,2009,3713.7751,36998.65,Europe,10812936.0
Belgium,2010,3707.6433,37739.33,Europe,10936619.0
Belgium,2011,3704.7822,38130.0,Europe,11038624.0
Belgium,2012,3698.2327,38173.234,Europe,11107522.0
Belgium,2013,3718.644,38169.832,Europe,11160277.0
Belgium,2014,3795.3303,38599.426,Europe,11210113.0
Belgium,2015,3807.889,39160.324,Europe,11275332.0
Belgium,2016,3775.5264,39456.863,Europe,11332707.0
Belgium,2017,3795.176,39940.824,Europe,11376583.0
Belgium,2018,3807.809,40471.914,Europe,11428608.0
Belgium,2019,3855.361,41155.527,Europe,11490623.0
Belgium,2020,3865.768,38763.44,Europe,11540102.0
Belgium,2021,3911.82,40970.805,Europe,11570843.0
Belgium,2022,3913.8599,41872.395,Europe,11641814.0
Benin,1961,1672.76,1482.0,Africa,2559229.0
Benin,1962,1689.3806,1400.0,Africa,2604667.0
Benin,1963,1632.4441,1430.0,Africa,2652911.0
Benin,1964,1596.1635,1492.0,Africa,2704005.0
Benin,1965,1729.2584,1532.0,Africa,2757936.0
Benin,1966,1718.5403,1549.0,Africa,2814321.0
Benin,1967,1743.6787,1525.0,Africa,2873000.0
Benin,1968,1839.2075,1545.0,Africa,2934261.0
Benin,1969,1776.6272,1551.0,Africa,2998230.0
Benin,1970,1719.1488,1543.0,Africa,3065061.0
Benin,1971,1791.8646,1535.0,Africa,3134768.0
Benin,1972,1702.572,1640.0,Africa,3207549.0
Benin,1973,1777.8195,1666.0,Africa,3283500.0
Benin,1974,1657.5573,1733.0,Africa,3362629.0
Benin,1975,1511.5049,1570.0,Africa,3445406.0
Benin,1976,1798.8951,1548.0,Africa,3532198.0
Benin,1977,1742.9012,1570.0,Africa,3623200.0
Benin,1978,1781.2511,1519.0,Africa,3718308.0
Benin,1979,1876.5359,1594.0,Africa,3818536.0
Benin,1980,1775.9979,1691.0,Africa,3925258.0
Benin,1981,1734.8171,1733.0,Africa,4038308.0
Benin,1982,1759.997,1862.0,Africa,4156593.0
Benin,1983,1650.5261,1728.0,Africa,4278981.0
Benin,1984,1868.4546,1809.0,Africa,4405902.0
Benin,1985,1857.2522,1886.0,Africa,4538017.0
Benin,1986,1874.955,1867.0,Africa,4675421.0
Benin,1987,1718.9653,1782.0,Africa,4818487.0
Benin,1988,1817.4696,1780.0,Africa,4967343.0
Benin,1989,1993.2596,1715.0,Africa,5121659.0
Benin,1990,2020.6703,1811.0,Africa,5281482.0
Benin,1991,2091.4944,1812.4215,Africa,5446935.0
Benin,1992,2050.55,1790.53,Africa,5617847.0
Benin,1993,2048.3245,1791.9633,Africa,5872707.0
Benin,1994,2068.3757,1731.8035,Africa,6096510.0
Benin,1995,2117.8152,1835.5746,Africa,6226775.0
Benin,1996,2174.981,1840.4858,Africa,6391861.0
Benin,1997,2167.2354,1867.6058,Africa,6583375.0
Benin,1998,2155.8103,1862.7557,Africa,6789492.0
Benin,1999,2150.1572,1881.6971,Africa,7002818.0
Benin,2000,2160.2507,1908.9366,Africa,7221618.0
Benin,2001,2230.8647,1928.0967,Africa,7445599.0
Benin,2002,2319.5332,1934.3967,Africa,7675430.0
Benin,2003,2286.3125,1919.6151,Africa,7913074.0
Benin,2004,2389.7866,1923.7192,Africa,8159098.0
Benin,2005,2364.4465,1875.9193,Africa,8426145.0
Benin,2006,2379.7563,1870.5325,Africa,8693243.0
Benin,2007,2493.2786,1904.5496,Africa,8953973.0
Benin,2008,2451.2122,1920.306,Africa,9228468.0
Benin,2009,2492.5955,1888.7758,Africa,9509431.0
Benin,2010,2507.65,1854.6655,Africa,9797488.0
Benin,2011,2529.6943,1836.0,Africa,10093626.0
Benin,2012,2526.4663,1867.0,Africa,10397659.0
Benin,2013,2529.775,1939.0,Africa,10708831.0
Benin,2014,2556.327,2008.0,Africa,11030008.0
Benin,2015,2537.119,2055.0,Africa,11360681.0
Benin,2016,2543.4084,2061.9036,Africa,11697845.0
Benin,2017,2544.5386,2115.587,Africa,12039777.0
Benin,2018,2539.0706,2192.261,Africa,12383349.0
Benin,2019,2594.8896,2276.1038,Africa,12726760.0
Benin,2020,2635.7131,2297.7698,Africa,13070169.0
Benin,2021,2687.1914,2395.1663,Africa,13413423.0
Benin,2022,2703.3135,2477.0903,Africa,13759507.0
Bolivia,1961,1571.239,2555.0,Latin America & Caribbean,3778735.0
Bolivia,1962,1600.0812,2636.0,Latin America & Caribbean,3857495.0
Bolivia,1963,1647.3704,2742.0,Latin America & Caribbean,3938914.0
Bolivia,1964,1589.6678,2809.0,Latin America & Caribbean,4023009.0
Bolivia,1965,1671.1472,2879.0,Latin America & Caribbean,4109800.0
Bolivia,1966,1677.0182,3014.0,Latin America & Caribbean,4199555.0
Bolivia,1967,1728.5647,3127.0,Latin America & Caribbean,4292574.0
Bolivia,1968,1771.8636,3314.0,Latin America & Caribbean,4388946.0
Bolivia,1969,1752.9371,3379.0,Latin America & Caribbean,4488231.0
Bolivia,1970,1843.9008,3469.0,Latin America & Caribbean,4590008.0
Bolivia,1971,1892.4823,3513.0,Latin America & Caribbean,4694351.0
Bolivia,1972,1854.2632,3602.0,Latin America & Caribbean,4800985.0
Bolivia,1973,1778.0172,3757.0,Latin America & Caribbean,4910200.0
Bolivia,1974,1912.1614,3854.0,Latin America & Caribbean,5022480.0
Bolivia,1975,1977.7185,4010.0,Latin America & Caribbean,5137540.0
Bolivia,1976,1979.0594,4219.0,Latin America & Caribbean,5256497.0
Bolivia,1977,1932.2977,4289.0,Latin America & Caribbean,5379169.0
Bolivia,1978,1970.9553,4328.0,Latin America & Caribbean,5504131.0
Bolivia,1979,2000.4272,4227.0,Latin America & Caribbean,5630853.0
Bolivia,1980,1954.091,4100.0,Latin America & Caribbean,5758905.0
Bolivia,1981,1934.3688,4060.0,Latin America & Caribbean,5888114.0
Bolivia,1982,1875.0365,3816.0,Latin America & Caribbean,6018091.0
Bolivia,1983,1794.7677,3585.0,Latin America & Caribbean,6149066.0
Bolivia,1984,1873.7261,3561.0,Latin America & Caribbean,6281868.0
Bolivia,1985,1970.6099,3476.0,Latin America & Caribbean,6416193.0
Bolivia,1986,1859.2164,3306.0,Latin America & Caribbean,6552481.0
Bolivia,1987,1884.4943,3330.0,Latin America & Caribbean,6692168.0
Bolivia,1988,1856.4531,3386.0,Latin America & Caribbean,6835507.0
Bolivia,1989,1925.6627,3408.0,Latin America & Caribbean,6981771.0
Bolivia,1990,1846.635,3502.0,Latin America & Caribbean,7130143.0
Bolivia,1991,1930.2985,3610.0518,Latin America & Caribbean,7280294.0
Bolivia,1992,1938.3651,3592.1367,Latin America & Caribbean,7430337.0
Bolivia,1993,1931.2142,3670.2744,Latin America & Caribbean,7579196.0
Bolivia,1994,1892.2441,3765.1694,Latin America & Caribbean,7727320.0
Bolivia,1995,2041.9011,3865.438,Latin America & Caribbean,7874676.0
Bolivia,1996,1992.2018,3959.4453,Latin America & Caribbean,8021742.0
Bolivia,1997,2007.4711,4079.5378,Latin America & Caribbean,8167911.0
Bolivia,1998,1912.6531,4205.6943,Latin America & Caribbean,8313400.0
Bolivia,1999,2003.8174,4146.4707,Latin America & Caribbean,8459810.0
Bolivia,2000,2049.1453,4173.5493,Latin America & Caribbean,8606330.0
Bolivia,2001,2063.0713,4166.4917,Latin America & Caribbean,8752740.0
Bolivia,2002,2088.4539,4193.755,Latin America & Caribbean,8900358.0
Bolivia,2003,2109.1167,4230.3726,Latin America & Caribbean,9050703.0
Bolivia,2004,2047.3685,4330.5557,Latin America & Caribbean,9204297.0
Bolivia,2005,2104.7046,4445.3477,Latin America & Caribbean,9360758.0
Bolivia,2006,2157.9377,4581.9023,Latin America & Caribbean,9521685.0
Bolivia,2007,2162.7737,4713.448,Latin America & Caribbean,9685960.0
Bolivia,2008,2142.3274,4924.032,Latin America & Caribbean,9850859.0
Bolivia,2009,2128.0427,5011.3384,Latin America & Caribbean,10016279.0
Bolivia,2010,2247.2458,5141.759,Latin America & Caribbean,10182345.0
Bolivia,2011,2266.2852,5331.0,Latin America & Caribbean,10348931.0
Bolivia,2012,2277.3906,5503.908,Latin America & Caribbean,10515814.0
Bolivia,2013,2287.613,5775.7515,Latin America & Caribbean,10682612.0
Bolivia,2014,2277.8997,5988.2773,Latin America & Caribbean,10848889.0
Bolivia,2015,2338.576,6176.267,Latin America & Caribbean,11014707.0
Bolivia,2016,2382.6685,6337.799,Latin America & Caribbean,11180020.0
Bolivia,2017,2380.289,6503.387,Latin America & Caribbean,11344591.0
Bolivia,2018,2413.3086,6679.4385,Latin America & Caribbean,11508370.0
Bolivia,2019,2441.057,6730.809,Latin America & Caribbean,11671386.0
Bolivia,2020,2404.384,6062.065,Latin America & Caribbean,11816301.0
Bolivia,2021,2387.648,6355.615,Latin America & Caribbean,11937369.0
Bolivia,2022,2359.748,6481.3906,Latin America & Caribbean,12077156.0
Bosnia and Herzegovina,1992,2298.1772,3830.219,Europe,4234620.0
Bosnia and Herzegovina,1993,2440.497,2831.0393,Europe,3904484.0
Bosnia and Herzegovina,1994,2596.866,3017.001,Europe,3725412.0
Bosnia and Herzegovina,1995,2497.9663,3237.3074,Europe,3715565.0
Bosnia and Herzegovina,1996,2588.022,4915.325,Europe,3875246.0
Bosnia and Herzegovina,1997,2719.1687,5913.081,Europe,4018228.0
Bosnia and Herzegovina,1998,2691.5583,6589.637,Europe,4089357.0
Bosnia and Herzegovina,1999,2667.0798,7025.973,Europe,4130312.0
Bosnia and Herzegovina,2000,2583.4753,7082.035,Europe,4159785.0
Bosnia and Herzegovina,2001,2694.3132,7129.3867,Europe,4179446.0
Bosnia and Herzegovina,2002,2700.115,7391.5923,Europe,4188006.0
Bosnia and Herzegovina,2003,2642.3845,7551.408,Europe,4178523.0
Bosnia and Herzegovina,2004,2901.4116,7857.3784,Europe,4140990.0
Bosnia and Herzegovina,2005,2877.4465,8057.6826,Europe,4096493.0
Bosnia and Herzegovina,2006,2876.2556,8410.801,Europe,4063269.0
Bosnia and Herzegovina,2007,2953.7441,8811.861,Europe,4013420.0
Bosnia and Herzegovina,2008,3038.8828,9199.262,Europe,3947545.0
Bosnia and Herzegovina,2009,3057.7332,9018.506,Europe,3879798.0
Bosnia and Herzegovina,2010,3098.143,8982.458,Europe,3811480.0
Bosnia and Herzegovina,2011,3111.6748,8961.0,Europe,3741799.0
Bosnia and Herzegovina,2012,3110.7673,8894.932,Europe,3670109.0
Bosnia and Herzegovina,2013,3157.28,9113.055,Europe,3610857.0
Bosnia and Herzegovina,2014,3222.2695,9228.818,Europe,3564831.0
Bosnia and Herzegovina,2015,3293.5007,9639.478,Europe,3518541.0
Bosnia and Herzegovina,2016,3328.172,9966.366,Europe,3472997.0
Bosnia and Herzegovina,2017,3304.7998,10305.933,Europe,3428684.0
Bosnia and Herzegovina,2018,3338.252,10718.778,Europe,3386999.0
Bosnia and Herzegovina,2019,3356.9006,11048.235,Europe,3345532.0
Bosnia and Herzegovina,2020,3386.3882,10736.168,Europe,3299352.0
Bosnia and Herzegovina,2021,3376.2961,11553.761,Europe,3244912.0
Bosnia and Herzegovina,2022,3398.2314,12142.863,Europe,3204802.0
Botswana,1961,2009.8645,575.0,Africa,527952.0
Botswana,1962,1943.6715,582.0,Africa,540189.0
Botswana,1963,2011.3097,591.0,Africa,552977.0
Botswana,1964,2049.4736,604.0,Africa,566282.0
Botswana,1965,2079.4194,612.0,Africa,574670.0
Botswana,1966,2065.341,663.0,Africa,577876.0
Botswana,1967,2183.2107,719.0,Africa,580938.0
Botswana,1968,2287.5195,781.0,Africa,583974.0
Botswana,1969,2300.7556,843.0,Africa,587078.0
Botswana,1970,2388.894,907.0,Africa,590338.0
Botswana,1971,2529.0032,1113.0,Africa,600488.0
Botswana,1972,2535.9565,1361.0,Africa,622416.0
Botswana,1973,2339.962,1589.0,Africa,652420.0
Botswana,1974,2164.552,1656.0,Africa,685455.0
Botswana,1975,2225.47,1712.0,Africa,720389.0
Botswana,1976,2173.2493,1801.0,Africa,758514.0
Botswana,1977,2215.8652,1889.0,Africa,799587.0
Botswana,1978,2038.9569,2005.0,Africa,849246.0
Botswana,1979,2147.3872,2184.0,Africa,901754.0
Botswana,1980,2091.8237,2348.0,Africa,937493.0
Botswana,1981,2118.0945,2528.0,Africa,970003.0
Botswana,1982,2136.1147,2640.0,Africa,1009273.0
Botswana,1983,2210.3909,2848.0,Africa,1046148.0
Botswana,1984,2331.837,3124.0,Africa,1083665.0
Botswana,1985,2288.7703,3301.0,Africa,1121954.0
Botswana,1986,2287.3774,3432.0,Africa,1160655.0
Botswana,1987,2299.1787,3601.0,Africa,1199180.0
Botswana,1988,2320.2168,3920.0,Africa,1235488.0
Botswana,1989,2233.965,5066.0,Africa,1270279.0
Botswana,1990,2348.8906,5267.0,Africa,1305699.0
Botswana,1991,2361.96,5616.011,Africa,1341767.0
Botswana,1992,2338.6277,5733.63,Africa,1380038.0
Botswana,1993,2192.6633,5787.1143,Africa,1420120.0
Botswana,1994,2313.2195,5946.4272,Africa,1460030.0
Botswana,1995,2310.8533,6318.4766,Africa,1498842.0
Botswana,1996,2336.6458,6647.7676,Africa,1535917.0
Botswana,1997,2282.4998,7152.1475,Africa,1571700.0
Botswana,1998,2191.1997,7185.2725,Africa,1606906.0
Botswana,1999,2224.0022,7876.1387,Africa,1642006.0
Botswana,2000,2176.2458,8044.142,Africa,1677384.0
Botswana,2001,2242.9846,8082.8237,Africa,1712264.0
Botswana,2002,2188.7183,8604.067,Africa,1744765.0
Botswana,2003,2181.1304,9042.52,Africa,1775744.0
Botswana,2004,2249.01,9329.509,Africa,1807153.0
Botswana,2005,2241.1492,9798.087,Africa,1839881.0
Botswana,2006,2174.6296,10665.68,Africa,1874526.0
Botswana,2007,2170.3066,11602.068,Africa,1911200.0
Botswana,2008,2166.11,12385.149,Africa,1949973.0
Botswana,2009,2156.282,11494.757,Africa,1990671.0
Botswana,2010,2489.6504,12544.728,Africa,2033110.0
Botswana,2011,2538.7253,13376.0,Africa,2073538.0
Botswana,2012,2555.1863,13134.406,Africa,2108617.0
Botswana,2013,2607.9587,14355.76,Africa,2140687.0
Botswana,2014,2655.3196,14929.678,Africa,2172053.0
Botswana,2015,2703.2185,13980.036,Africa,2203276.0
Botswana,2016,2678.7021,14752.188,Africa,2234784.0
Botswana,2017,2703.3176,15121.662,Africa,2266749.0
Botswana,2018,2700.0015,15515.622,Africa,2299149.0
Botswana,2019,2761.6855,15747.324,Africa,2332082.0
Botswana,2020,2786.225,14162.686,Africa,2365895.0
Botswana,2021,2824.042,15612.078,Africa,2401448.0
Botswana,2022,2826.39,16351.91,Africa,2439895.0
Brazil,1961,2220.3271,3585.0,Latin America & Caribbean,74605442.0
Brazil,1962,2283.4585,3711.0,Latin America & Caribbean,76865322.0
Brazil,1963,2256.565,3623.0,Latin America & Caribbean,79164237.0
Brazil,1964,2321.9595,3637.0,Latin America & Caribbean,81488598.0
Brazil,1965,2347.6199,3617.0,Latin America & Caribbean,83817586.0
Brazil,1966,2344.7532,3747.0,Latin America & Caribbean,86139356.0
Brazil,1967,2389.2556,3795.0,Latin America & Caribbean,88446119.0
Brazil,1968,2474.2144,4050.0,Latin America & Caribbean,90741243.0
Brazil,1969,2450.3687,4313.0,Latin America & Caribbean,93045768.0
Brazil,1970,2422.2566,4635.0,Latin America & Caribbean,95375656.0
Brazil,1971,2443.0947,5024.0,Latin America & Caribbean,97739280.0
Brazil,1972,2412.9456,5480.0,Latin America & Caribbean,100146794.0
Brazil,1973,2399.5989,6086.0,Latin America & Caribbean,102600970.0
Brazil,1974,2493.2322,6416.0,Latin America & Caribbean,105089675.0
Brazil,1975,2502.8867,6582.0,Latin America & Caribbean,107619567.0
Brazil,1976,2532.591,7079.0,Latin America & Caribbean,110213353.0
Brazil,1977,2567.117,7248.0,Latin America & Caribbean,112875287.0
Brazil,1978,2607.572,7425.0,Latin America & Caribbean,115600943.0
Brazil,1979,2715.4026,7736.0,Latin America & Caribbean,118380819.0
Brazil,1980,2709.8542,8249.0,Latin America & Caribbean,121207451.0
Brazil,1981,2612.4866,7709.0,Latin America & Caribbean,124063113.0
Brazil,1982,2655.5325,7587.0,Latin America & Caribbean,126923156.0
Brazil,1983,2610.3245,7203.0,Latin America & Caribbean,129790081.0
Brazil,1984,2610.8042,7438.0,Latin America & Caribbean,132658861.0
Brazil,1985,2642.7236,7862.0,Latin America & Caribbean,135515593.0
Brazil,1986,2697.322,8281.0,Latin America & Caribbean,138336371.0
Brazil,1987,2703.645,8402.0,Latin America & Caribbean,141104946.0
Brazil,1988,2699.7114,8230.0,Latin America & Caribbean,143826357.0
Brazil,1989,2746.7576,8333.0,Latin America & Caribbean,146502975.0
Brazil,1990,2728.2024,7842.0,Latin America & Caribbean,149143223.0
Brazil,1991,2784.8657,7888.0483,Latin America & Caribbean,151724253.0
Brazil,1992,2776.8,7812.7944,Latin America & Caribbean,154275077.0
Brazil,1993,2777.829,8166.2354,Latin America & Caribbean,156794574.0
Brazil,1994,2820.9724,8615.688,Latin America & Caribbean,159265011.0
Brazil,1995,2814.711,8951.694,Latin America & Caribbean,161735079.0
Brazil,1996,2843.2766,9124.516,Latin America & Caribbean,164202549.0
Brazil,1997,2858.5095,9409.946,Latin America & Caribbean,166661662.0
Brazil,1998,2858.268,9419.107,Latin America & Caribbean,169159651.0
Brazil,1999,2871.0835,9441.759,Latin America & Caribbean,171641544.0
Brazil,2000,2888.0552,9834.425,Latin America & Caribbean,174018278.0
Brazil,2001,2902.938,9953.31,Latin America & Caribbean,176301201.0
Brazil,2002,2941.602,10245.069,Latin America & Caribbean,178503485.0
Brazil,2003,3086.1929,10354.596,Latin America & Caribbean,180622688.0
Brazil,2004,3104.521,10949.66,Latin America & Caribbean,182675144.0
Brazil,2005,3102.2305,11305.771,Latin America & Caribbean,184688101.0
Brazil,2006,3120.5635,11766.605,Latin America & Caribbean,186653099.0
Brazil,2007,3129.798,12500.007,Latin America & Caribbean,188552311.0
Brazil,2008,3201.35,13164.012,Latin America & Caribbean,190367297.0
Brazil,2009,3189.2578,13180.891,Latin America & Caribbean,192079958.0
Brazil,2010,3302.9934,14215.612,Latin America & Caribbean,193701931.0
Brazil,2011,3348.8525,14831.0,Latin America & Caribbean,195284736.0
Brazil,2012,3300.0225,14985.498,Latin America & Caribbean,196876113.0
Brazil,2013,3311.1294,15305.414,Latin America & Caribbean,198478290.0
Brazil,2014,3354.3137,15251.89,Latin America & Caribbean,200085126.0
Brazil,2015,3299.9934,14583.982,Latin America & Caribbean,201675534.0
Brazil,2016,3280.2747,13990.646,Latin America & Caribbean,203218108.0
Brazil,2017,3296.8184,14062.75,Latin America & Caribbean,204703440.0
Brazil,2018,3339.502,14197.55,Latin America & Caribbean,206107265.0
Brazil,2019,3350.083,14257.871,Latin America & Caribbean,207455459.0
Brazil,2020,3322.7468,13685.926,Latin America & Caribbean,208660845.0
Brazil,2021,3374.659,14292.936,Latin America & Caribbean,209550291.0
Brazil,2022,3383.5542,14640.076,Latin America & Caribbean,210306411.0
Bulgaria,1961,3170.6782,4897.0,Europe,7938308.0
Bulgaria,1962,3213.2625,5252.0,Europe,8008328.0
Bulgaria,1963,3280.703,5448.0,Europe,8073731.0
Bulgaria,1964,3327.3784,5829.0,Europe,8140074.0
Bulgaria,1965,3411.9053,6137.0,Europe,8202417.0
Bulgaria,1966,3492.3132,6575.0,Europe,8258787.0
Bulgaria,1967,3457.4192,6886.0,Europe,8311127.0
Bulgaria,1968,3452.3213,6963.0,Europe,8370645.0
Bulgaria,1969,3475.358,7246.0,Europe,8435273.0
Bulgaria,1970,3448.696,7608.0,Europe,8490822.0
Bulgaria,1971,3527.3428,7814.0,Europe,8538900.0
Bulgaria,1972,3473.905,8145.0,Europe,8579912.0
Bulgaria,1973,3473.7163,8423.0,Europe,8624799.0
Bulgaria,1974,3455.088,8630.0,Europe,8682750.0
Bulgaria,1975,3501.5466,9295.0,Europe,8723145.0
Bulgaria,1976,3590.6423,9535.0,Europe,8759433.0
Bulgaria,1977,3495.159,9398.0,Europe,8804690.0
Bulgaria,1978,3567.9138,9594.0,Europe,8813742.0
Bulgaria,1979,3591.096,9954.0,Europe,8824994.0
Bulgaria,1980,3590.2117,9634.0,Europe,8859539.0
Bulgaria,1981,3658.3154,9860.0,Europe,8887803.0
Bulgaria,1982,3640.7402,10154.0,Europe,8912738.0
Bulgaria,1983,3614.2935,9942.0,Europe,8933328.0
Bulgaria,1984,3608.964,10249.0,Europe,8952608.0
Bulgaria,1985,3596.4595,9924.0,Europe,8958855.0
Bulgaria,1986,3654.3591,10170.0,Europe,8963473.0
Bulgaria,1987,3664.8037,10173.0,Europe,8976206.0
Bulgaria,1988,3672.5266,10098.0,Europe,8985721.0
Bulgaria,1989,3599.329,9908.0,Europe,8936386.0
Bulgaria,1990,3128.5156,8922.0,Europe,8822366.0
Bulgaria,1991,3058.2063,8319.673,Europe,8695798.0
Bulgaria,1992,3055.51,7846.1157,Europe,8559091.0
Bulgaria,1993,2987.86,7959.1636,Europe,8466533.0
Bulgaria,1994,2884.9727,8212.297,Europe,8416924.0
Bulgaria,1995,2896.147,8566.603,Europe,8357576.0
Bulgaria,1996,2735.578,7901.1235,Europe,8291402.0
Bulgaria,1997,2670.431,7927.429,Europe,8217101.0
Bulgaria,1998,2815.5093,8322.082,Europe,8138193.0
Bulgaria,1999,2878.4775,7921.765,Europe,8067464.0
Bulgaria,2000,2813.1692,8410.795,Europe,8000519.0
Bulgaria,2001,2818.3247,8832.291,Europe,7928455.0
Bulgaria,2002,2781.8457,9471.766,Europe,7861949.0
Bulgaria,2003,2757.9167,10080.783,Europe,7804405.0
Bulgaria,2004,2762.42,10853.785,Europe,7749430.0
Bulgaria,2005,2718.737,11758.084,Europe,7695047.0
Bulgaria,2006,2752.7556,12706.182,Europe,7640292.0
Bulgaria,2007,2725.389,13785.228,Europe,7586896.0
Bulgaria,2008,2770.338,14761.715,Europe,7535589.0
Bulgaria,2009,2769.373,14363.259,Europe,7488016.0
Bulgaria,2010,2775.1985,14686.461,Europe,7437594.0
Bulgaria,2011,2787.086,15112.0,Europe,7380023.0
Bulgaria,2012,2794.1245,15314.524,Europe,7317020.0
Bulgaria,2013,2856.967,15314.154,Europe,7264605.0
Bulgaria,2014,2878.201,15550.346,Europe,7223450.0
Bulgaria,2015,2779.149,16186.409,Europe,7177515.0
Bulgaria,2016,2845.899,16795.824,Europe,7127436.0
Bulgaria,2017,2855.1604,17386.271,Europe,7075642.0
Bulgaria,2018,2909.012,17982.424,Europe,7024745.0
Bulgaria,2019,2902.6375,18840.764,Europe,6975466.0
Bulgaria,2020,2918.2454,18203.832,Europe,6933656.0
Bulgaria,2021,2983.6973,19753.994,Europe,6877222.0
Bulgaria,2022,3035.3965,20592.455,Europe,6825862.0
Burkina Faso,1961,1338.794,1004.0,Africa,4848222.0
Burkina Faso,1962,1318.7218,1060.0,Africa,4919673.0
Burkina Faso,1963,1461.997,1039.0,Africa,4993619.0
Burkina Faso,1964,1563.5737,1055.0,Africa,5071040.0
Burkina Faso,1965,1577.7579,1087.0,Africa,5152834.0
Burkina Faso,1966,1565.379,1082.0,Africa,5237939.0
Burkina Faso,1967,1591.9612,1165.0,Africa,5326349.0
Burkina Faso,1968,1606.5399,1189.0,Africa,5418644.0
Burkina Faso,1969,1608.312,1199.0,Africa,5513179.0
Burkina Faso,1970,1550.0488,1188.0,Africa,5610307.0
Burkina Faso,1971,1527.0017,1219.0,Africa,5708002.0
Burkina Faso,1972,1463.4625,1253.0,Africa,5807238.0
Burkina Faso,1973,1438.384,1172.0,Africa,5911926.0
Burkina Faso,1974,1465.663,1132.0,Africa,6024905.0
Burkina Faso,1975,1508.8202,1068.0,Africa,6147575.0
Burkina Faso,1976,1566.3428,1039.0,Africa,6280638.0
Burkina Faso,1977,1393.5237,1090.0,Africa,6428739.0
Burkina Faso,1978,1565.6199,1189.0,Africa,6590987.0
Burkina Faso,1979,1653.228,1173.0,Africa,6763902.0
Burkina Faso,1980,1535.8845,1165.0,Africa,6947900.0
Burkina Faso,1981,1473.251,1186.0,Africa,7140270.0
Burkina Faso,1982,1628.5471,1183.0,Africa,7340199.0
Burkina Faso,1983,1544.7806,1140.0,Africa,7551136.0
Burkina Faso,1984,1497.0414,1129.0,Africa,7772260.0
Burkina Faso,1985,1669.2616,1243.0,Africa,7999935.0
Burkina Faso,1986,1968.0889,1400.0,Africa,8228847.0
Burkina Faso,1987,1949.0696,1336.0,Africa,8457112.0
Burkina Faso,1988,1944.8572,1403.0,Africa,8687441.0
Burkina Faso,1989,2006.2239,1342.0,Africa,8921178.0
Burkina Faso,1990,2112.4795,1286.0,Africa,9159358.0
Burkina Faso,1991,2151.085,1331.2303,Africa,9394631.0
Burkina Faso,1992,2212.9094,1264.992,Africa,9629280.0
Burkina Faso,1993,2238.0889,1240.1422,Africa,9871715.0
Burkina Faso,1994,2272.9639,1189.1213,Africa,10123807.0
Burkina Faso,1995,2270.2378,1191.3074,Africa,10386723.0
Burkina Faso,1996,2275.92,1255.7749,Africa,10655943.0
Burkina Faso,1997,2254.0986,1268.2632,Africa,10934222.0
Burkina Faso,1998,2229.572,1293.5734,Africa,11240668.0
Burkina Faso,1999,2283.705,1318.7197,Africa,11574930.0
Burkina Faso,2000,2256.2773,1275.4819,Africa,11925548.0
Burkina Faso,2001,2265.8057,1283.3822,Africa,12294996.0
Burkina Faso,2002,2337.8188,1255.5571,Africa,12680904.0
Burkina Faso,2003,2411.3247,1277.5808,Africa,13082530.0
Burkina Faso,2004,2418.435,1268.6866,Africa,13500536.0
Burkina Faso,2005,2372.817,1309.9836,Africa,13932127.0
Burkina Faso,2006,2460.7766,1322.6372,Africa,14373713.0
Burkina Faso,2007,2446.1086,1308.5203,Africa,14816313.0
Burkina Faso,2008,2486.553,1315.4537,Africa,15258103.0
Burkina Faso,2009,2535.6802,1287.3678,Africa,15710067.0
Burkina Faso,2010,2595.462,1326.1975,Africa,16176503.0
Burkina Faso,2011,2573.1362,1344.0,Africa,16661907.0
Burkina Faso,2012,2632.802,1387.6171,Africa,17172284.0
Burkina Faso,2013,2652.606,1424.2133,Africa,17695411.0
Burkina Faso,2014,2639.1895,1443.2963,Africa,18229466.0
Burkina Faso,2015,2645.565,1456.9303,Africa,18777488.0
Burkina Faso,2016,2636.5513,1500.0236,Africa,19334854.0
Burkina Faso,2017,2610.0254,1548.481,Africa,19894413.0
Burkina Faso,2018,2648.921,1605.3588,Africa,20438289.0
Burkina Faso,2019,2628.216,1651.1173,Africa,20961956.0
Burkina Faso,2020,2683.8792,1638.8279,Africa,21478691.0
Burkina Faso,2021,2664.491,1706.9633,Africa,21995249.0
Burkina Faso,2022,2694.6262,1704.966,Africa,22509038.0
Burundi,2010,1463.4097,717.6115,Africa,9376448.0
Burundi,2011,1403.5532,719.0,Africa,9717980.0
Burundi,2012,1401.0671,727.0,Africa,10071033.0
Burundi,2013,1441.214,738.0,Africa,10439346.0
Burundi,2014,1549.6427,748.0,Africa,10799789.0
Burundi,2015,1647.2743,694.0,Africa,11047581.0
Burundi,2016,1695.8793,704.635,Africa,11239459.0
Burundi,2017,1683.0094,715.09454,Africa,11506764.0
Burundi,2018,1731.8253,730.9046,Africa,11859444.0
Burundi,2019,1724.6868,738.9831,Africa,12255339.0
Burundi,2020,1714.5459,720.446,Africa,12617041.0
Burundi,2021,1715.1482,723.1921,Africa,12965487.0
Burundi,2022,1697.9843,717.22845,Africa,13321102.0
Cambodia,1961,2015.6093,1031.0,Asia,5571174.0
Cambodia,1962,1990.8862,1084.0,Asia,5697559.0
Cambodia,1963,2063.907,1135.0,Asia,5823012.0
Cambodia,1964,2037.6431,1074.0,Asia,5946186.0
Cambodia,1965,2052.6892,1095.0,Asia,6072288.0
Cambodia,1966,2065.9941,1116.0,Asia,6201235.0
Cambodia,1967,2085.173,1143.0,Asia,6332946.0
Cambodia,1968,2118.8826,1164.0,Asia,6467323.0
Cambodia,1969,2107.4768,1151.0,Asia,6604731.0
Cambodia,1970,2208.3933,1031.0,Asia,6639187.0
Cambodia,1971,2240.2854,980.0,Asia,6620880.0
Cambodia,1972,2215.4011,920.0,Asia,6673890.0
Cambodia,1973,2151.724,1239.0,Asia,6739737.0
Cambodia,1974,2121.7605,1049.0,Asia,6783251.0
Cambodia,1975,1832.3496,925.0,Asia,6581373.0
Cambodia,1976,1839.8875,1025.0,Asia,6134989.0
Cambodia,1977,1956.0375,1143.0,Asia,5668561.0
Cambodia,1978,2112.4656,1291.0,Asia,5211654.0
Cambodia,1979,2151.7825,1325.0,Asia,5088812.0
Cambodia,1980,2166.9214,1320.0,Asia,5199874.0
Cambodia,1981,2272.5571,1301.0,Asia,5284493.0
Cambodia,1982,2314.1477,1358.0,Asia,5436436.0
Cambodia,1983,2405.563,1412.0,Asia,5636206.0
Cambodia,1984,2379.8752,1476.0,Asia,5845115.0
Cambodia,1985,2309.765,1540.0,Asia,6043782.0
Cambodia,1986,2276.5105,1578.0,Asia,6285699.0
Cambodia,1987,2401.35,1490.0,Asia,6557971.0
Cambodia,1988,2426.3555,1473.0,Asia,6812012.0
Cambodia,1989,2336.8389,1455.0,Asia,7073472.0
Cambodia,1990,2380.0747,1404.0,Asia,7374754.0
Cambodia,1991,2450.989,1425.0455,Asia,7686857.0
Cambodia,1992,2440.9597,1427.2858,Asia,8113085.0
Cambodia,1993,2369.44,1384.2925,Asia,8616383.0
Cambodia,1994,2300.679,1416.4637,Asia,9239160.0
Cambodia,1995,2190.6694,1439.2865,Asia,10018500.0
Cambodia,1996,1951.9922,1450.5251,Asia,10801268.0
Cambodia,1997,1866.3423,1466.3667,Asia,11570986.0
Cambodia,1998,1915.8152,1476.296,Asia,12058180.0
Cambodia,1999,2000.8522,1586.2104,Asia,12265734.0
Cambodia,2000,2074.3809,1659.0891,Asia,12462343.0
Cambodia,2001,2140.1736,1726.4713,Asia,12658486.0
Cambodia,2002,2238.2434,1770.9572,Asia,12855249.0
Cambodia,2003,2240.7344,1850.2043,Asia,13050977.0
Cambodia,2004,2258.5557,1965.8787,Asia,13244737.0
Cambodia,2005,2312.5935,2144.845,Asia,13439203.0
Cambodia,2006,2362.355,2286.3848,Asia,13639032.0
Cambodia,2007,2371.6497,2422.7566,Asia,13841773.0
Cambodia,2008,2383.7673,2482.0068,Asia,14053479.0
Cambodia,2009,2394.5144,2433.3062,Asia,14276819.0
Cambodia,2010,2521.0195,2426.687,Asia,14500730.0
Cambodia,2011,2610.723,2496.0,Asia,14722587.0
Cambodia,2012,2602.1758,2649.3062,Asia,14945090.0
Cambodia,2013,2590.7163,2813.6704,Asia,15170210.0
Cambodia,2014,2603.789,2982.7285,Asia,15396771.0
Cambodia,2015,2642.222,3149.8743,Asia,15623253.0
Cambodia,2016,2651.5796,3312.0815,Asia,15852802.0
Cambodia,2017,2675.357,3488.5952,Asia,16073374.0
Cambodia,2018,2674.9004,3692.43,Asia,16274522.0
Cambodia,2019,2716.7173,3896.7979,Asia,16481305.0
Cambodia,2020,2721.3882,3728.1985,Asia,16725484.0
Cambodia,2021,2694.4207,3796.4844,Asia,16974309.0
Cambodia,2022,2655.5457,3944.2468,Asia,17201721.0
Cameroon,1961,2103.5664,1321.0,Africa,5239281.0
Cameroon,1962,2116.627,1339.0,Africa,5338626.0
Cameroon,1963,2162.2007,1366.0,Africa,5456615.0
Cameroon,1964,2168.7405,1390.0,Africa,5578261.0
Cameroon,1965,2057.3396,1393.0,Africa,5704688.0
Cameroon,1966,2135.289,1431.0,Africa,5837300.0
Cameroon,1967,2141.5432,1443.0,Africa,5977315.0
Cameroon,1968,2209.814,1508.0,Africa,6125860.0
Cameroon,1969,2261.4575,1551.0,Africa,6283470.0
Cameroon,1970,2273.8687,1565.0,Africa,6449795.0
Cameroon,1971,2327.7273,1578.0,Africa,6624415.0
Cameroon,1972,2367.5637,1612.0,Africa,6806873.0
Cameroon,1973,2347.1265,1599.0,Africa,6996661.0
Cameroon,1974,2465.1326,1632.0,Africa,7193589.0
Cameroon,1975,2442.1863,1677.0,Africa,7397126.0
Cameroon,1976,2392.831,1664.0,Africa,7597962.0
Cameroon,1977,2382.9343,1706.0,Africa,7796510.0
Cameroon,1978,2357.8743,1744.0,Africa,8011917.0
Cameroon,1979,2392.8228,1785.0,Africa,8239642.0
Cameroon,1980,2358.8608,1900.0,Africa,8512217.0
Cameroon,1981,2274.061,2153.0,Africa,8816377.0
Cameroon,1982,2278.7139,2257.0,Africa,9028676.0
Cameroon,1983,2257.3594,2345.0,Africa,9215395.0
Cameroon,1984,2185.3076,2450.0,Africa,9475085.0
Cameroon,1985,2223.6504,2585.0,Africa,9761728.0
Cameroon,1986,2297.552,2683.0,Africa,10060342.0
Cameroon,1987,2155.1792,2471.0,Africa,10370753.0
Cameroon,1988,2112.261,2287.0,Africa,10684972.0
Cameroon,1989,2161.7788,2021.0,Africa,11002749.0
Cameroon,1990,2166.498,1930.0,Africa,11331827.0
Cameroon,1991,2146.743,1833.3545,Africa,11667186.0
Cameroon,1992,2252.1443,1754.2467,Africa,12006362.0
Cameroon,1993,2154.478,1677.14,Africa,12353131.0
Cameroon,1994,2166.684,1615.5973,Africa,12704900.0
Cameroon,1995,2184.6768,1648.6416,Africa,13058517.0
Cameroon,1996,2169.734,1710.106,Africa,13414761.0
Cameroon,1997,2239.15,1780.4967,Africa,13775216.0
Cameroon,1998,2242.992,1847.2189,Africa,14144857.0
Cameroon,1999,2264.3271,1902.266,Africa,14525145.0
Cameroon,2000,2260.0737,1961.0879,Africa,14912632.0
Cameroon,2001,2308.9407,2028.5474,Africa,15309489.0
Cameroon,2002,2352.068,2084.9207,Africa,15725534.0
Cameroon,2003,2379.836,2143.98,Africa,16160340.0
Cameroon,2004,2389.9392,2198.236,Africa,16610485.0
Cameroon,2005,2454.9285,2222.911,Africa,17074599.0
Cameroon,2006,2496.39,2269.518,Africa,17550403.0
Cameroon,2007,2516.0833,2315.607,Africa,18049897.0
Cameroon,2008,2580.4478,2352.7996,Africa,18574052.0
Cameroon,2009,2621.075,2370.1306,Africa,19113978.0
Cameroon,2010,2803.6152,2420.1328,Africa,19668063.0
Cameroon,2011,2821.945,2494.0,Africa,20232312.0
Cameroon,2012,2855.1018,2536.5469,Africa,20809530.0
Cameroon,2013,2865.8926,2590.71,Africa,21402379.0
Cameroon,2014,2805.2117,2657.403,Africa,22059894.0
Cameroon,2015,2806.5657,2718.3054,Africa,22763418.0
Cameroon,2016,2803.3594,2758.029,Africa,23454165.0
Cameroon,2017,2779.0115,2779.5483,Africa,24128609.0
Cameroon,2018,2810.2395,2815.3162,Africa,24806377.0
Cameroon,2019,2863.329,2832.0767,Africa,25506095.0
Cameroon,2020,2841.6514,2769.2869,Africa,26210566.0
Cameroon,2021,2865.5618,2791.79,Africa,26915765.0
Cameroon,2022,2868.8884,2812.2148,Africa,27632770.0
Canada,1961,2811.9062,14080.0,Northern America,18263078.0
Canada,1962,2849.782,14787.0,Northern America,18613597.0
Canada,1963,2905.0752,15248.0,Northern America,18964258.0
Canada,1964,2798.3748,15938.0,Northern America,19321670.0
Canada,1965,2924.5173,16694.0,Northern America,19685517.0
Canada,1966,2912.432,17448.0,Northern America,20053667.0
Canada,1967,2944.4211,17658.0,Northern America,20408776.0
Canada,1968,2931.9756,18297.0,Northern America,20734173.0
Canada,1969,2990.5786,18988.0,Northern America,21037620.0
Canada,1970,2957.1692,19207.0,Northern America,21440022.0
Canada,1971,2910.3462,20024.0,Northern America,21895694.0
Canada,1972,2922.6062,20837.0,Northern America,22230876.0
Canada,1973,2961.282,22058.0,Northern America,22512229.0
Canada,1974,2973.3374,22643.0,Northern America,22824085.0
Canada,1975,2878.385,22819.0,Northern America,23148981.0
Canada,1976,3028.3145,23754.0,Northern America,23455783.0
Canada,1977,3004.5635,24265.0,Northern America,23730341.0
Canada,1978,2935.3774,24994.0,Northern America,23978742.0
Canada,1979,2929.912,25775.0,Northern America,24237173.0
Canada,1980,2947.261,25784.0,Northern America,24533779.0
Canada,1981,2893.5383,26256.0,Northern America,24844977.0
Canada,1982,2946.0227,25151.0,Northern America,25140164.0
Canada,1983,2899.4072,25625.0,Northern America,25412605.0
Canada,1984,2978.0322,26836.0,Northern America,25670376.0
Canada,1985,3032.09,28025.0,Northern America,25927463.0
Canada,1986,3081.9927,28472.0,Northern America,26211036.0
Canada,1987,3138.537,29246.0,Northern America,26540913.0
Canada,1988,3013.4395,30275.0,Northern America,26927938.0
Canada,1989,3032.7717,30458.0,Northern America,27366046.0
Canada,1990,3008.702,30082.0,Northern America,27789437.0
Canada,1991,3025.994,29151.697,Northern America,28157154.0
Canada,1992,3075.6106,29141.191,Northern America,28500066.0
Canada,1993,3105.255,29657.574,Northern America,28830635.0
Canada,1994,3191.783,30745.822,Northern America,29147383.0
Canada,1995,3190.126,31330.72,Northern America,29459138.0
Canada,1996,3232.2031,31594.242,Northern America,29767210.0
Canada,1997,3365.356,32709.691,Northern America,30059088.0
Canada,1998,3437.4487,33785.746,Northern America,30329971.0
Canada,1999,3478.022,35345.723,Northern America,30599458.0
Canada,2000,3483.8916,36942.562,Northern America,30891800.0
Canada,2001,3475.5864,37307.207,Northern America,31213578.0
Canada,2002,3468.11,38123.99,Northern America,31535579.0
Canada,2003,3490.9841,38559.977,Northern America,31836483.0
Canada,2004,3501.0105,39491.57,Northern America,32132680.0
Canada,2005,3454.9502,40485.02,Northern America,32440172.0
Canada,2006,3454.3047,41247.15,Northern America,32759174.0
Canada,2007,3471.8254,41806.863,Northern America,33092171.0
Canada,2008,3456.8074,41896.426,Northern America,33449088.0
Canada,2009,3432.5386,40312.62,Northern America,33826370.0
Canada,2010,3536.4875,41209.426,Northern America,34196900.0
Canada,2011,3572.0742,42197.0,Northern America,34555449.0
Canada,2012,3553.993,42476.344,Northern America,34922513.0
Canada,2013,3529.0483,43008.83,Northern America,35293421.0
Canada,2014,3498.3577,43800.64,Northern America,35634265.0
Canada,2015,3503.2898,43761.527,Northern America,35962236.0
Canada,2016,3571.5132,43702.08,Northern America,36353345.0
Canada,2017,3568.3508,44493.652,Northern America,36808498.0
Canada,2018,3573.8647,45087.887,Northern America,37294996.0
Canada,2019,3556.1453,45284.215,Northern America,37782934.0
Canada,2020,3597.3623,42493.63,Northern America,38171903.0
Canada,2021,3549.4604,44379.594,Northern America,38454058.0
Canada,2022,3572.0554,45529.645,Northern America,38821259.0
Cape Verde,1961,1661.5868,1173.0,Africa,215095.0
Cape Verde,1962,1549.4344,1207.0,Africa,221930.0
Cape Verde,1963,1460.5381,1237.0,Africa,229386.0
Cape Verde,1964,1582.4181,1262.0,Africa,237017.0
Cape Verde,1965,1618.8151,1286.0,Africa,244868.0
Cape Verde,1966,1566.487,1309.0,Africa,252989.0
Cape Verde,1967,1584.7733,1328.0,Africa,261409.0
Cape Verde,1968,1508.972,1347.0,Africa,270172.0
Cape Verde,1969,1597.9001,1366.0,Africa,279254.0
Cape Verde,1970,1587.558,1385.0,Africa,287895.0
Cape Verde,1971,1605.1854,1435.0,Africa,294052.0
Cape Verde,1972,1723.1932,1457.0,Africa,297388.0
Cape Verde,1973,1739.151,1470.0,Africa,299890.0
Cape Verde,1974,1718.7205,1497.0,Africa,302578.0
Cape Verde,1975,1755.5885,1237.0,Africa,305853.0
Cape Verde,1976,1695.1613,1251.0,Africa,309462.0
Cape Verde,1977,1672.66,1176.0,Africa,312843.0
Cape Verde,1978,2008.4893,1275.0,Africa,316163.0
Cape Verde,1979,2026.6616,1301.0,Africa,319485.0
Cape Verde,1980,1959.7167,1352.0,Africa,323310.0
Cape Verde,1981,2096.4622,1447.0,Africa,327859.0
Cape Verde,1982,1965.8641,1470.0,Africa,332729.0
Cape Verde,1983,2204.329,1588.0,Africa,337661.0
Cape Verde,1984,2257.3728,1626.0,Africa,342511.0
Cape Verde,1985,2121.0986,1742.0,Africa,347370.0
Cape Verde,1986,2271.6558,1766.0,Africa,352321.0
Cape Verde,1987,2459.1892,1817.0,Africa,357308.0
Cape Verde,1988,2506.912,1898.0,Africa,362339.0
Cape Verde,1989,2323.4734,1980.0,Africa,367820.0
Cape Verde,1990,2220.1755,1965.0,Africa,375437.0
Cape Verde,1991,2123.8523,1988.3074,Africa,384603.0
Cape Verde,1992,2355.1035,2029.5961,Africa,393426.0
Cape Verde,1993,2305.244,2159.2202,Africa,401977.0
Cape Verde,1994,2314.921,2291.0803,Africa,410230.0
Cape Verde,1995,2199.617,2444.903,Africa,418116.0
Cape Verde,1996,2219.943,2594.0996,Africa,425592.0
Cape Verde,1997,2260.9316,2777.465,Africa,432803.0
Cape Verde,1998,2265.6638,2999.6245,Africa,439789.0
Cape Verde,1999,2262.6846,3346.88,Africa,446528.0
Cape Verde,2000,2299.0415,3583.587,Africa,453335.0
Cape Verde,2001,2318.1968,3799.0327,Africa,460300.0
Cape Verde,2002,2283.9146,3998.2617,Africa,467056.0
Cape Verde,2003,2381.445,4185.4893,Africa,473384.0
Cape Verde,2004,2494.7004,4368.0547,Africa,479377.0
Cape Verde,2005,2485.206,4659.396,Africa,485128.0
Cape Verde,2006,2468.3042,5140.8706,Africa,490728.0
Cape Verde,2007,2510.7336,5597.85,Africa,496196.0
Cape Verde,2008,2457.107,5985.107,Africa,501362.0
Cape Verde,2009,2456.1748,5926.5063,Africa,506148.0
Cape Verde,2010,2646.0105,6033.72,Africa,509793.0
Cape Verde,2011,2661.6372,6295.0,Africa,511453.0
Cape Verde,2012,2694.1074,6273.0,Africa,511966.0
Cape Verde,2013,2706.2407,6234.0,Africa,512231.0
Cape Verde,2014,2704.0837,6262.0,Africa,512334.0
Cape Verde,2015,2714.9817,6266.0,Africa,512405.0
Cape Verde,2016,2777.1558,6461.3506,Africa,512556.0
Cape Verde,2017,2817.1665,6676.986,Africa,512899.0
Cape Verde,2018,2884.2476,6848.757,Africa,513418.0
Cape Verde,2019,2917.3174,7297.2793,Africa,514116.0
Cape Verde,2020,3003.1572,5831.9985,Africa,514683.0
Cape Verde,2021,3000.508,6173.23,Africa,516655.0
Cape Verde,2022,3014.697,7202.767,Africa,519750.0
Central African Republic,1961,1988.6185,1597.0,Africa,1734583.0
Central African Republic,1962,1952.2777,1525.0,Africa,1768124.0
Central African Republic,1963,1890.287,1492.0,Africa,1803067.0
Central African Republic,1964,1858.2145,1486.0,Africa,1839582.0
Central African Republic,1965,2015.3063,1466.0,Africa,1877856.0
Central African Republic,1966,1825.0684,1427.0,Africa,1918087.0
Central African Republic,1967,1943.9531,1452.0,Africa,1960450.0
Central African Republic,1968,1938.7148,1435.0,Africa,2005104.0
Central African Republic,1969,1979.3508,1476.0,Africa,2051517.0
Central African Republic,1970,2040.4451,1508.0,Africa,2097513.0
Central African Republic,1971,2041.3971,1427.0,Africa,2141455.0
Central African Republic,1972,2053.537,1368.0,Africa,2183773.0
Central African Republic,1973,2111.0276,1403.0,Africa,2226007.0
Central African Republic,1974,2202.0908,1333.0,Africa,2269345.0
Central African Republic,1975,2071.1094,1323.0,Africa,2313925.0
Central African Republic,1976,2101.8894,1345.0,Africa,2348567.0
Central African Republic,1977,2130.391,1417.0,Africa,2372932.0
Central African Republic,1978,2114.0159,1398.0,Africa,2397963.0
Central African Republic,1979,2159.3762,1326.0,Africa,2423800.0
Central African Republic,1980,2143.5874,1234.0,Africa,2450537.0
Central African Republic,1981,2189.4897,1219.0,Africa,2478413.0
Central African Republic,1982,2151.018,1208.0,Africa,2507374.0
Central African Republic,1983,2062.652,1105.0,Africa,2537407.0
Central African Republic,1984,1912.5643,1146.0,Africa,2568610.0
Central African Republic,1985,1856.6152,1148.0,Africa,2600939.0
Central African Republic,1986,1938.9309,1162.0,Africa,2634262.0
Central African Republic,1987,1918.2812,1079.0,Africa,2669154.0
Central African Republic,1988,1922.7445,1073.0,Africa,2713967.0
Central African Republic,1989,1941.302,1070.0,Africa,2783977.0
Central African Republic,1990,1931.2382,1023.0,Africa,2871915.0
Central African Republic,1991,1922.8434,1006.9958,Africa,2963195.0
Central African Republic,1992,1899.1218,965.19336,Africa,3058837.0
Central African Republic,1993,1857.4789,933.0602,Africa,3157842.0
Central African Republic,1994,1847.1335,952.0174,Africa,3257956.0
Central African Republic,1995,1840.5143,978.55664,Africa,3348062.0
Central African Republic,1996,1848.5593,885.8864,Africa,3435973.0
Central African Republic,1997,1858.1136,917.48,Africa,3531700.0
Central African Republic,1998,1915.3612,936.2383,Africa,3628833.0
Central African Republic,1999,1847.4833,967.8432,Africa,3729452.0
Central African Republic,2000,1881.9102,963.94617,Africa,3833421.0
Central African Republic,2001,1878.6978,952.5118,Africa,3919498.0
Central African Republic,2002,1876.8806,928.77167,Africa,4006079.0
Central African Republic,2003,1835.1477,845.50555,Africa,4103092.0
Central African Republic,2004,1847.2416,853.182,Africa,4192828.0
Central African Republic,2005,1871.1434,858.5237,Africa,4288814.0
Central African Republic,2006,1868.8235,881.48517,Africa,4377582.0
Central African Republic,2007,1923.3832,897.47833,Africa,4462777.0
Central African Republic,2008,1958.023,901.8513,Africa,4558989.0
Central African Republic,2009,2014.7651,898.7005,Africa,4529051.0
Central African Republic,2010,2371.8838,910.31036,Africa,4493003.0
Central African Republic,2011,2350.6152,909.0,Africa,4565023.0
Central African Republic,2012,2351.5046,916.0,Africa,4610848.0
Central African Republic,2013,2230.061,567.0,Africa,4642423.0
Central African Republic,2014,2264.1138,561.0,Africa,4623187.0
Central African Republic,2015,2301.7598,576.0,Africa,4629322.0
Central African Republic,2016,2348.7126,592.92346,Africa,4713663.0
Central African Republic,2017,2353.8564,608.28564,Africa,4793512.0
Central African Republic,2018,2375.2043,619.18744,Africa,4878663.0
Central African Republic,2019,2399.526,623.5598,Africa,4944708.0
Central African Republic,2020,2409.3303,613.78937,Africa,5026629.0
Central African Republic,2021,2398.098,606.85913,Africa,5112103.0
Central African Republic,2022,2418.7656,596.393,Africa,5098038.0
Chad,1961,2220.0432,971.0,Africa,3111956.0
Chad,1962,2332.9475,1004.0,Africa,3175599.0
Chad,1963,2320.2703,972.0,Africa,3240909.0
Chad,1964,2285.1511,929.0,Africa,3307482.0
Chad,1965,2253.963,913.0,Africa,3374220.0
Chad,1966,2218.0164,878.0,Africa,3440907.0
Chad,1967,2210.353,866.0,Africa,3508513.0
Chad,1968,2177.9568,843.0,Africa,3578228.0
Chad,1969,2138.409,881.0,Africa,3651121.0
Chad,1970,2066.0483,880.0,Africa,3727834.0
Chad,1971,1980.3192,877.0,Africa,3807326.0
Chad,1972,1838.7749,800.0,Africa,3893253.0
Chad,1973,1731.9225,746.0,Africa,3985914.0
Chad,1974,1751.1401,829.0,Africa,4078363.0
Chad,1975,1689.6707,952.0,Africa,4167237.0
Chad,1976,1646.1135,918.0,Africa,4251299.0
Chad,1977,1653.2119,830.0,Africa,4331668.0
Chad,1978,1630.6553,808.0,Africa,4411370.0
Chad,1979,1634.7965,622.0,Africa,4505384.0
Chad,1980,1635.1084,583.0,Africa,4515461.0
Chad,1981,1647.1627,521.0,Africa,4520965.0
Chad,1982,1601.3646,524.0,Africa,4738486.0
Chad,1983,1538.4955,577.0,Africa,4979137.0
Chad,1984,1527.2136,601.0,Africa,5045152.0
Chad,1985,1763.5198,642.0,Africa,5096274.0
Chad,1986,1620.5045,662.0,Africa,5251074.0
Chad,1987,1562.9492,663.0,Africa,5438311.0
Chad,1988,1736.4366,692.0,Africa,5625601.0
Chad,1989,1652.3541,685.0,Africa,5819588.0
Chad,1990,1639.5055,692.0,Africa,5982838.0
Chad,1991,1781.8169,703.28375,Africa,6205688.0
Chad,1992,1780.89,698.739,Africa,6474651.0
Chad,1993,1630.2827,680.80054,Africa,6629147.0
Chad,1994,1970.99,713.8271,Africa,6783456.0
Chad,1995,1770.3384,700.70764,Africa,7089063.0
Chad,1996,1767.4563,694.10504,Africa,7410107.0
Chad,1997,1845.714,719.15314,Africa,7670371.0
Chad,1998,1981.8746,753.8608,Africa,7938841.0
Chad,1999,1935.8541,733.78125,Africa,8222710.0
Chad,2000,1898.7162,716.04236,Africa,8512092.0
Chad,2001,1976.0265,783.0552,Africa,8804122.0
Chad,2002,1934.2806,831.82916,Africa,9116195.0
Chad,2003,1986.2776,925.51263,Africa,9487830.0
Chad,2004,1973.9132,1200.2726,Africa,9920036.0
Chad,2005,1972.1428,1266.105,Africa,10328094.0
Chad,2006,1956.0079,1225.5164,Africa,10706426.0
Chad,2007,1957.055,1422.3408,Africa,11081667.0
Chad,2008,1948.3491,1422.2312,Africa,11476299.0
Chad,2009,1932.1732,1533.1794,Africa,11893753.0
Chad,2010,2255.3809,1720.3344,Africa,12312580.0
Chad,2011,2249.7163,1661.0,Africa,12755004.0
Chad,2012,2303.7322,1742.654,Africa,13211006.0
Chad,2013,2295.9163,1776.092,Africa,13691081.0
Chad,2014,2238.468,1829.8347,Africa,14188680.0
Chad,2015,2206.809,1802.3212,Africa,14647626.0
Chad,2016,2258.6145,1648.0383,Africa,15114652.0
Chad,2017,2259.1804,1555.7141,Africa,15622756.0
Chad,2018,2236.7578,1541.4716,Africa,16156535.0
Chad,2019,2218.1519,1543.8029,Africa,16685223.0
Chad,2020,2177.466,1463.5312,Africa,17224686.0
Chad,2021,2111.2505,1402.6732,Africa,17828274.0
Chad,2022,2097.067,1393.5635,Africa,18455319.0
Chile,1961,2353.3848,6923.0,Latin America & Caribbean,8324802.0
Chile,1962,2399.1316,7071.0,Latin America & Caribbean,8497068.0
Chile,1963,2506.0144,7336.0,Latin America & Caribbean,8670148.0
Chile,1964,2469.7966,7320.0,Latin America & Caribbean,8842536.0
Chile,1965,2461.8877,7208.0,Latin America & Caribbean,9012944.0
Chile,1966,2552.7166,7844.0,Latin America & Caribbean,9181729.0
Chile,1967,2533.266,7933.0,Latin America & Caribbean,9348941.0
Chile,1968,2568.887,8053.0,Latin America & Caribbean,9514712.0
Chile,1969,2568.6904,8187.0,Latin America & Caribbean,9680281.0
Chile,1970,2565.6611,8195.0,Latin America & Caribbean,9845347.0
Chile,1971,2639.0947,8773.0,Latin America & Caribbean,10009698.0
Chile,1972,2657.518,8520.0,Latin America & Caribbean,10174678.0
Chile,1973,2511.2358,7911.0,Latin America & Caribbean,10340367.0
Chile,1974,2657.9104,7857.0,Latin America & Caribbean,10505817.0
Chile,1975,2432.7017,6731.0,Latin America & Caribbean,10671567.0
Chile,1976,2539.9993,6868.0,Latin America & Caribbean,10838255.0
Chile,1977,2492.9868,7438.0,Latin America & Caribbean,11005518.0
Chile,1978,2545.0515,7936.0,Latin America & Caribbean,11172698.0
Chile,1979,2583.678,8475.0,Latin America & Caribbean,11339778.0
Chile,1980,2608.2292,9024.0,Latin America & Caribbean,11508553.0
Chile,1981,2625.0642,9427.0,Latin America & Caribbean,11678714.0
Chile,1982,2537.466,8016.0,Latin America & Caribbean,11850214.0
Chile,1983,2476.9004,7667.0,Latin America & Caribbean,12026139.0
Chile,1984,2514.8079,7992.0,Latin America & Caribbean,12207731.0
Chile,1985,2425.3457,8024.0,Latin America & Caribbean,12395277.0
Chile,1986,2435.2642,8325.0,Latin America & Caribbean,12588923.0
Chile,1987,2437.572,8721.0,Latin America & Caribbean,12790156.0
Chile,1988,2414.1235,9199.0,Latin America & Caribbean,12999426.0
Chile,1989,2455.7292,10005.0,Latin America & Caribbean,13215015.0
Chile,1990,2526.3308,10203.0,Latin America & Caribbean,13437181.0
Chile,1991,2561.691,10746.491,Latin America & Caribbean,13662482.0
Chile,1992,2673.1707,11773.301,Latin America & Caribbean,13884579.0
Chile,1993,2684.2544,12296.926,Latin America & Caribbean,14102276.0
Chile,1994,2723.6665,12692.551,Latin America & Caribbean,14316263.0
Chile,1995,2739.4226,13715.933,Latin America & Caribbean,14527382.0
Chile,1996,2765.411,14433.319,Latin America & Caribbean,14734049.0
Chile,1997,2777.7122,15079.831,Latin America & Caribbean,14932436.0
Chile,1998,2784.6907,15259.541,Latin America & Caribbean,15127799.0
Chile,1999,2790.256,14846.418,Latin America & Caribbean,15319311.0
Chile,2000,2823.9297,15211.623,Latin America & Caribbean,15503638.0
Chile,2001,2859.7983,15448.009,Latin America & Caribbean,15683852.0
Chile,2002,2893.0642,15509.825,Latin America & Caribbean,15857926.0
Chile,2003,2885.8123,15809.178,Latin America & Caribbean,16024755.0
Chile,2004,2913.5178,16478.973,Latin America & Caribbean,16187324.0
Chile,2005,2907.0818,17137.486,Latin America & Caribbean,16348780.0
Chile,2006,2956.2485,17920.803,Latin America & Caribbean,16509195.0
Chile,2007,2932.5476,18487.9,Latin America & Caribbean,16671571.0
Chile,2008,2941.604,18804.03,Latin America & Caribbean,16838987.0
Chile,2009,2888.9856,18184.48,Latin America & Caribbean,17009730.0
Chile,2010,2874.9626,18909.848,Latin America & Caribbean,17181463.0
Chile,2011,2902.8323,19705.0,Latin America & Caribbean,17351810.0
Chile,2012,2887.689,20690.797,Latin America & Caribbean,17519116.0
Chile,2013,2939.3135,21171.06,Latin America & Caribbean,17687006.0
Chile,2014,2938.084,21337.76,Latin America & Caribbean,17864192.0
Chile,2015,2925.5098,21574.018,Latin America & Caribbean,18047630.0
Chile,2016,2954.5056,21715.713,Latin America & Caribbean,18267225.0
Chile,2017,2956.4927,21709.428,Latin America & Caribbean,18558868.0
Chile,2018,2990.8167,22175.664,Latin America & Caribbean,18893185.0
Chile,2019,3022.5464,21924.408,Latin America & Caribbean,19197748.0
Chile,2020,3079.382,20205.87,Latin America & Caribbean,19370621.0
Chile,2021,3136.642,22324.96,Latin America & Caribbean,19456323.0
Chile,2022,3113.6423,22740.72,Latin America & Caribbean,19553033.0
China,1961,1426.0812,874.0,Asia,655773484.0
China,1962,1540.6578,926.0,Asia,665073690.0
China,1963,1590.2612,1034.0,Asia,684552646.0
China,1964,1645.5336,1152.0,Asia,704798263.0
China,1965,1767.5175,1253.0,Asia,723415737.0
China,1966,1832.2792,1261.0,Asia,742402206.0
China,1967,1789.0726,1237.0,Asia,761026025.0
China,1968,1734.8896,1178.0,Asia,781011030.0
China,1969,1710.5784,1264.0,Asia,802140341.0
China,1970,1820.0403,1398.0,Asia,823308964.0
China,1971,1826.742,1446.0,Asia,844069870.0
China,1972,1813.2631,1431.0,Asia,863677810.0
China,1973,1884.927,1513.0,Asia,882576945.0
China,1974,1883.9534,1519.0,Asia,900307580.0
China,1975,1903.693,1594.0,Asia,916116796.0
China,1976,1873.1554,1519.0,Asia,930372293.0
China,1977,1914.5631,1583.0,Asia,943546374.0
China,1978,2064.2698,1744.0,Asia,956161482.0
China,1979,2079.4,1859.0,Asia,969288071.0
China,1980,2147.8606,1930.0,Asia,983163540.0
China,1981,2164.7676,1962.0,Asia,997721072.0
China,1982,2325.5789,2128.0,Asia,1013588177.0
China,1983,2396.0232,2227.0,Asia,1029064952.0
China,1984,2434.0334,2444.0,Asia,1043849645.0
China,1985,2434.7097,2619.0,Asia,1059807818.0
China,1986,2434.7883,2748.0,Asia,1077233607.0
China,1987,2454.54,2931.0,Asia,1096217445.0
China,1988,2436.9785,3045.0,Asia,1115244168.0
China,1989,2429.4075,3022.0,Asia,1133991006.0
China,1990,2529.7139,2982.0,Asia,1153582725.0
China,1991,2456.3723,3051.3152,Asia,1170788533.0
China,1992,2485.6501,3227.7441,Asia,1184574236.0
China,1993,2571.4824,3506.48,Asia,1197308574.0
China,1994,2640.4407,3730.164,Asia,1209003099.0
China,1995,2729.3691,3999.7292,Asia,1220133929.0
China,1996,2732.1147,4219.644,Asia,1230944809.0
China,1997,2759.8708,4310.828,Asia,1241139623.0
China,1998,2801.8354,4309.847,Asia,1250847122.0
China,1999,2790.9294,4466.7363,Asia,1260176650.0
China,2000,2831.9927,4730.3545,Asia,1269581174.0
China,2001,2836.1829,4995.1445,Asia,1278725061.0
China,2002,2850.6072,5343.1123,Asia,1286866835.0
China,2003,2851.1482,5649.4634,Asia,1294517323.0
China,2004,2875.2415,6067.5913,Asia,1302100316.0
China,2005,2896.9106,6626.592,Asia,1310027135.0
China,2006,2900.6997,7271.0356,Asia,1318054030.0
China,2007,2937.7812,7895.713,Asia,1325813576.0
China,2008,2996.8909,8190.1123,Asia,1333821011.0
China,2009,3013.4585,8734.041,Asia,1342522717.0
China,2010,3041.4373,9658.419,Asia,1351561505.0
China,2011,3088.3298,10221.0,Asia,1360250658.0
China,2012,3103.4578,10946.834,Asia,1369520866.0
China,2013,3100.1692,11731.295,Asia,1379008040.0
China,2014,3199.879,12515.198,Asia,1387951970.0
China,2015,3235.5051,13325.432,Asia,1396134171.0
China,2016,3222.5378,14138.955,Asia,1404052628.0
China,2017,3257.5286,15030.447,Asia,1412354730.0
China,2018,3274.778,15977.008,Asia,1419008954.0
China,2019,3303.162,16879.54,Asia,1423520357.0
China,2020,3323.2466,17225.969,Asia,1426106093.0
China,2021,3403.8318,18666.605,Asia,1426437269.0
China,2022,3453.9045,19238.18,Asia,1425179562.0
Colombia,1961,2244.606,4049.0,Latin America & Caribbean,16095207.0
Colombia,1962,2256.4045,4135.0,Latin America & Caribbean,16599031.0
Colombia,1963,2141.0066,4140.0,Latin America & Caribbean,17113824.0
Colombia,1964,2187.6846,4264.0,Latin America & Caribbean,17637416.0
Colombia,1965,2143.0276,4286.0,Latin America & Caribbean,18169053.0
Colombia,1966,2079.2095,4383.0,Latin America & Caribbean,18702693.0
Colombia,1967,2064.5928,4438.0,Latin America & Caribbean,19235624.0
Colombia,1968,2070.917,4581.0,Latin America & Caribbean,19766802.0
Colombia,1969,2072.128,4744.0,Latin America & Caribbean,20291937.0
Colombia,1970,2098.4197,4932.0,Latin America & Caribbean,20811790.0
Colombia,1971,2180.9082,5091.0,Latin America & Caribbean,21319099.0
Colombia,1972,2204.5066,5348.0,Latin America & Caribbean,21819572.0
Colombia,1973,2228.283,5577.0,Latin America & Caribbean,22325375.0
Colombia,1974,2312.075,5767.0,Latin America & Caribbean,22833475.0
Colombia,1975,2355.9502,5772.0,Latin America & Caribbean,23344650.0
Colombia,1976,2489.8892,5918.0,Latin America & Caribbean,23858815.0
Colombia,1977,2465.7412,6046.0,Latin America & Caribbean,24393499.0
Colombia,1978,2548.7507,6443.0,Latin America & Caribbean,24950342.0
Colombia,1979,2529.8752,6658.0,Latin America & Caribbean,25515627.0
Colombia,1980,2601.2039,6786.0,Latin America & Caribbean,26104503.0
Colombia,1981,2593.7766,6782.0,Latin America & Caribbean,26713267.0
Colombia,1982,2589.7244,6698.0,Latin America & Caribbean,27338334.0
Colombia,1983,2625.2676,6655.0,Latin America & Caribbean,27988176.0
Colombia,1984,2596.1384,6741.0,Latin America & Caribbean,28642690.0
Colombia,1985,2561.8682,6809.0,Latin America & Caribbean,29268470.0
Colombia,1986,2552.7126,7071.0,Latin America & Caribbean,29879114.0
Colombia,1987,2649.878,7296.0,Latin America & Caribbean,30499471.0
Colombia,1988,2602.422,7442.0,Latin America & Caribbean,31130530.0
Colombia,1989,2639.1753,7533.0,Latin America & Caribbean,31776280.0
Colombia,1990,2631.4941,7693.0,Latin America & Caribbean,32440064.0
Colombia,1991,2633.5923,7713.022,Latin America & Caribbean,33098373.0
Colombia,1992,2703.1917,7888.1055,Latin America & Caribbean,33760571.0
Colombia,1993,2747.7869,8180.8706,Latin America & Caribbean,34441479.0
Colombia,1994,2773.8281,8447.857,Latin America & Caribbean,35127408.0
Colombia,1995,2831.5615,8735.884,Latin America & Caribbean,35804670.0
Colombia,1996,2816.4885,8770.583,Latin America & Caribbean,36462740.0
Colombia,1997,2826.1504,8952.473,Latin America & Caribbean,37121155.0
Colombia,1998,2784.0027,8863.262,Latin America & Caribbean,37792169.0
Colombia,1999,2818.9814,8382.14,Latin America & Caribbean,38454861.0
Colombia,2000,2836.447,8496.792,Latin America & Caribbean,39089939.0
Colombia,2001,2875.238,8528.033,Latin America & Caribbean,39709263.0
Colombia,2002,2843.492,8630.542,Latin America & Caribbean,40324684.0
Colombia,2003,2861.8765,8855.218,Latin America & Caribbean,40937426.0
Colombia,2004,2843.8552,9211.279,Latin America & Caribbean,41543177.0
Colombia,2005,2801.4417,9524.723,Latin America & Caribbean,42128978.0
Colombia,2006,2844.6123,10039.684,Latin America & Caribbean,42691081.0
Colombia,2007,2885.8867,10602.305,Latin America & Caribbean,43235374.0
Colombia,2008,2896.4336,10846.737,Latin America & Caribbean,43758805.0
Colombia,2009,2801.676,10894.103,Latin America & Caribbean,44271543.0
Colombia,2010,2801.4343,11191.687,Latin America & Caribbean,44777325.0
Colombia,2011,2803.96,11788.0,Latin America & Caribbean,45259614.0
Colombia,2012,2897.5862,12129.81,Latin America & Caribbean,45715807.0
Colombia,2013,2974.2944,12633.481,Latin America & Caribbean,46151583.0
Colombia,2014,3009.3745,12981.565,Latin America & Caribbean,46565426.0
Colombia,2015,3075.3164,13237.291,Latin America & Caribbean,46969938.0
Colombia,2016,3090.7598,13367.445,Latin America & Caribbean,47437513.0
Colombia,2017,3052.0144,13380.643,Latin America & Caribbean,48131076.0
Colombia,2018,3087.4905,13485.702,Latin America & Caribbean,49024463.0
Colombia,2019,3063.3657,13603.993,Latin America & Caribbean,49907987.0
Colombia,2020,3104.4768,12377.135,Latin America & Caribbean,50629997.0
Colombia,2021,3110.115,13553.399,Latin America & Caribbean,51188174.0
Colombia,2022,3120.596,14468.964,Latin America & Caribbean,51737944.0
Comoros,2010,2404.483,1432.5624,Africa,654846.0
Comoros,2011,2387.0962,1479.0,Africa,668064.0
Comoros,2012,2394.2183,1509.0,Africa,681637.0
Comoros,2013,2446.639,1619.0,Africa,696203.0
Comoros,2014,2444.236,1647.0,Africa,711512.0
Comoros,2015,2446.7046,1696.0,Africa,726685.0
Comoros,2016,2506.5952,1705.7402,Africa,741745.0
Comoros,2017,2499.8914,1764.7029,Africa,756672.0
Comoros,2018,2489.0107,1801.6912,Africa,771597.0
Comoros,2019,2503.4412,1832.4357,Africa,786582.0
Comoros,2020,2494.7822,1869.9441,Africa,802172.0
Comoros,2021,2447.8745,1886.0608,Africa,818178.0
Comoros,2022,2423.7202,1900.3983,Africa,834191.0
Congo,1961,2005.4003,2020.0,Africa,1084392.0
Congo,1962,2009.012,2039.0,Africa,1113180.0
Congo,1963,2006.4639,2059.0,Africa,1143269.0
Congo,1964,2043.295,2079.0,Africa,1174823.0
Congo,1965,1996.9716,2099.0,Africa,1207886.0
Congo,1966,1931.7063,2157.0,Africa,1242544.0
Congo,1967,1927.85,2216.0,Africa,1278697.0
Congo,1968,1925.9991,2275.0,Africa,1316525.0
Congo,1969,1850.0798,2335.0,Africa,1356188.0
Congo,1970,1806.2484,2396.0,Africa,1397640.0
Congo,1971,1845.7468,2546.0,Africa,1441047.0
Congo,1972,1907.3016,2582.0,Africa,1486478.0
Congo,1973,1859.1738,2950.0,Africa,1533685.0
Congo,1974,1806.9651,2848.0,Africa,1582304.0
Congo,1975,1913.091,2745.0,Africa,1627033.0
Congo,1976,1887.6786,2794.0,Africa,1667233.0
Congo,1977,1930.9839,2517.0,Africa,1707572.0
Congo,1978,1949.9164,2595.0,Africa,1748098.0
Congo,1979,1965.9658,2807.0,Africa,1788523.0
Congo,1980,2028.7339,3075.0,Africa,1828991.0
Congo,1981,2007.5529,3625.0,Africa,1869764.0
Congo,1982,2121.9526,4355.0,Africa,1910429.0
Congo,1983,2120.6157,4473.0,Africa,1950328.0
Congo,1984,2155.8435,4664.0,Africa,1999533.0
Congo,1985,2149.349,4484.0,Africa,2059317.0
Congo,1986,2137.391,4058.0,Africa,2120604.0
Congo,1987,2173.3591,3953.0,Africa,2183478.0
Congo,1988,2151.8086,3908.0,Africa,2247653.0
Congo,1989,2107.8494,3865.0,Africa,2313562.0
Congo,1990,2003.0493,3794.0,Africa,2380562.0
Congo,1991,1999.1741,3862.5742,Africa,2449235.0
Congo,1992,2006.037,3940.9717,Africa,2519467.0
Congo,1993,1981.8336,3874.1697,Africa,2595127.0
Congo,1994,1961.3737,3635.9893,Africa,2673147.0
Congo,1995,1957.5226,3763.5957,Africa,2749464.0
Congo,1996,1949.939,3988.8772,Africa,2826786.0
Congo,1997,1986.194,3899.7627,Africa,2887862.0
Congo,1998,2051.1917,4042.7783,Africa,2952062.0
Congo,1999,2106.6987,3925.6865,Africa,3032876.0
Congo,2000,2159.4885,4159.2227,Africa,3151349.0
Congo,2001,2186.6157,4256.6553,Africa,3272542.0
Congo,2002,2213.9854,4458.6343,Africa,3350770.0
Congo,2003,2182.297,4467.904,Africa,3445758.0
Congo,2004,2189.0183,4560.5127,Africa,3565565.0
Congo,2005,1958.2163,4820.7075,Africa,3696399.0
Congo,2006,2036.665,5016.0576,Africa,3837411.0
Congo,2007,2016.2307,4844.97,Africa,3980430.0
Congo,2008,1988.1687,5081.1313,Africa,4113514.0
Congo,2009,1998.798,5379.0044,Africa,4281218.0
Congo,2010,1974.6923,5738.163,Africa,4462304.0
Congo,2011,1940.6716,5875.0,Africa,4609728.0
Congo,2012,1994.7496,6300.0493,Africa,4740457.0
Congo,2013,2072.9937,6140.1865,Africa,4857104.0
Congo,2014,2118.4177,6428.496,Africa,4975887.0
Congo,2015,2120.4722,6079.4575,Africa,5097583.0
Congo,2016,2099.8071,5315.17,Africa,5222545.0
Congo,2017,2125.2583,4977.3423,Africa,5351013.0
Congo,2018,2110.701,4637.726,Africa,5483128.0
Congo,2019,2125.1895,4583.337,Africa,5616656.0
Congo,2020,2160.0042,4203.1104,Africa,5752792.0
Congo,2021,2174.6123,4168.0244,Africa,5892187.0
Congo,2022,2167.062,4187.507,Africa,6035104.0
Costa Rica,1961,1978.8448,4340.0,Latin America & Caribbean,1377918.0
Costa Rica,1962,2019.1942,4439.0,Latin America & Caribbean,1429445.0
Costa Rica,1963,2026.5402,4653.0,Latin America & Caribbean,1481605.0
Costa Rica,1964,2105.673,4720.0,Latin America & Caribbean,1533966.0
Costa Rica,1965,2169.595,4983.0,Latin America & Caribbean,1586214.0
Costa Rica,1966,2139.294,5193.0,Latin America & Caribbean,1638119.0
Costa Rica,1967,2089.3926,5338.0,Latin America & Caribbean,1689534.0
Costa Rica,1968,2153.63,5574.0,Latin America & Caribbean,1739734.0
Costa Rica,1969,2178.7075,5773.0,Latin America & Caribbean,1789281.0
Costa Rica,1970,2229.266,5984.0,Latin America & Caribbean,1838946.0
Costa Rica,1971,2285.6206,6199.0,Latin America & Caribbean,1888548.0
Costa Rica,1972,2308.0747,6564.0,Latin America & Caribbean,1938261.0
Costa Rica,1973,2332.4268,6884.0,Latin America & Caribbean,1988348.0
Costa Rica,1974,2339.9949,7061.0,Latin America & Caribbean,2039649.0
Costa Rica,1975,2377.819,7007.0,Latin America & Caribbean,2092716.0
Costa Rica,1976,2412.9702,7182.0,Latin America & Caribbean,2147772.0
Costa Rica,1977,2431.5986,7602.0,Latin America & Caribbean,2205035.0
Costa Rica,1978,2407.9265,7763.0,Latin America & Caribbean,2264516.0
Costa Rica,1979,2441.5786,7905.0,Latin America & Caribbean,2326490.0
Costa Rica,1980,2519.249,7828.0,Latin America & Caribbean,2390641.0
Costa Rica,1981,2449.7576,7461.0,Latin America & Caribbean,2456643.0
Costa Rica,1982,2376.9744,6751.0,Latin America & Caribbean,2524811.0
Costa Rica,1983,2474.132,6743.0,Latin America & Caribbean,2595155.0
Costa Rica,1984,2519.0964,7065.0,Latin America & Caribbean,2667597.0
Costa Rica,1985,2594.7542,6918.0,Latin America & Caribbean,2741903.0
Costa Rica,1986,2593.641,7087.0,Latin America & Caribbean,2817219.0
Costa Rica,1987,2629.7278,7221.0,Latin America & Caribbean,2892698.0
Costa Rica,1988,2657.9114,7270.0,Latin America & Caribbean,2968102.0
Costa Rica,1989,2674.8286,7489.0,Latin America & Caribbean,3043826.0
Costa Rica,1990,2704.4875,7567.0,Latin America & Caribbean,3121707.0
Costa Rica,1991,2687.6711,7552.3623,Latin America & Caribbean,3202182.0
Costa Rica,1992,2668.5273,8038.7676,Latin America & Caribbean,3284261.0
Costa Rica,1993,2703.7449,8363.483,Latin America & Caribbean,3367436.0
Costa Rica,1994,2698.582,8479.568,Latin America & Caribbean,3451122.0
Costa Rica,1995,2726.1812,8576.423,Latin America & Caribbean,3535179.0
Costa Rica,1996,2674.009,8446.781,Latin America & Caribbean,3619012.0
Costa Rica,1997,2685.9036,8683.948,Latin America & Caribbean,3701713.0
Costa Rica,1998,2735.7776,9053.852,Latin America & Caribbean,3782840.0
Costa Rica,1999,2788.41,9183.8955,Latin America & Caribbean,3862103.0
Costa Rica,2000,2794.4985,9319.767,Latin America & Caribbean,3937737.0
Costa Rica,2001,2803.829,9451.615,Latin America & Caribbean,4008951.0
Costa Rica,2002,2777.4082,9591.554,Latin America & Caribbean,4075710.0
Costa Rica,2003,2770.3933,9831.25,Latin America & Caribbean,4138791.0
Costa Rica,2004,2791.187,10086.783,Latin America & Caribbean,4200079.0
Costa Rica,2005,2851.7896,10308.374,Latin America & Caribbean,4261240.0
Costa Rica,2006,2919.9797,10880.477,Latin America & Caribbean,4321337.0
Costa Rica,2007,2911.9922,11584.677,Latin America & Caribbean,4380250.0
Costa Rica,2008,2903.5322,11935.158,Latin America & Caribbean,4440058.0
Costa Rica,2009,2906.9465,11638.002,Latin America & Caribbean,4499788.0
Costa Rica,2010,2879.7163,12031.571,Latin America & Caribbean,4555965.0
Costa Rica,2011,2881.9053,12366.0,Latin America & Caribbean,4609834.0
Costa Rica,2012,2878.9026,12800.048,Latin America & Caribbean,4663930.0
Costa Rica,2013,2889.1091,12952.746,Latin America & Caribbean,4716153.0
Costa Rica,2014,2919.4434,13241.992,Latin America & Caribbean,4767126.0
Costa Rica,2015,2931.285,13557.923,Latin America & Caribbean,4818045.0
Costa Rica,2016,3020.157,13959.342,Latin America & Caribbean,4867003.0
Costa Rica,2017,3056.0325,14372.68,Latin America & Caribbean,4913177.0
Costa Rica,2018,3053.234,14583.144,Latin America & Caribbean,4957813.0
Costa Rica,2019,3071.5771,14775.292,Latin America & Caribbean,4999549.0
Costa Rica,2020,3078.3848,13996.39,Latin America & Caribbean,5034323.0
Costa Rica,2021,3041.6873,14931.956,Latin America & Caribbean,5059991.0
Costa Rica,2022,2999.108,15496.82,Latin America & Caribbean,5081764.0
Cote d'Ivoire,1961,2199.874,2114.0,Africa,3810152.0
Cote d'Ivoire,1962,2289.8196,2128.0,Africa,3956950.0
Cote d'Ivoire,1963,2361.2048,2378.0,Africa,4112070.0
Cote d'Ivoire,1964,2426.8037,2691.0,Africa,4273955.0
Cote d'Ivoire,1965,2472.6948,2520.0,Africa,4442384.0
Cote d'Ivoire,1966,2461.32,2595.0,Africa,4617522.0
Cote d'Ivoire,1967,2455.36,2509.0,Africa,4799743.0
Cote d'Ivoire,1968,2565.1145,2758.0,Africa,4990023.0
Cote d'Ivoire,1969,2539.169,2737.0,Africa,5192227.0
Cote d'Ivoire,1970,2576.6482,2882.0,Africa,5411573.0
Cote d'Ivoire,1971,2521.1755,2874.0,Africa,5650875.0
Cote d'Ivoire,1972,2492.8628,2887.0,Africa,5909721.0
Cote d'Ivoire,1973,2466.8293,2974.0,Africa,6184949.0
Cote d'Ivoire,1974,2463.156,2931.0,Africa,6474062.0
Cote d'Ivoire,1975,2630.1936,2812.0,Africa,6776303.0
Cote d'Ivoire,1976,2646.6724,3017.0,Africa,7057963.0
Cote d'Ivoire,1977,2685.4753,3033.0,Africa,7321955.0
Cote d'Ivoire,1978,2751.591,3202.0,Africa,7603134.0
Cote d'Ivoire,1979,2911.582,3139.0,Africa,7902266.0
Cote d'Ivoire,1980,2934.0735,3253.0,Africa,8220717.0
Cote d'Ivoire,1981,3002.537,3242.0,Africa,8556600.0
Cote d'Ivoire,1982,2954.8481,3131.0,Africa,8907942.0
Cote d'Ivoire,1983,2856.468,2901.0,Africa,9272742.0
Cote d'Ivoire,1984,2894.988,2703.0,Africa,9650523.0
Cote d'Ivoire,1985,2820.6309,2735.0,Africa,10040486.0
Cote d'Ivoire,1986,2795.3267,2718.0,Africa,10440924.0
Cote d'Ivoire,1987,2682.0234,2579.0,Africa,10851481.0
Cote d'Ivoire,1988,2677.6558,2444.0,Africa,11275194.0
Cote d'Ivoire,1989,2610.0444,2343.0,Africa,11719774.0
Cote d'Ivoire,1990,2550.469,2083.0,Africa,12189780.0
Cote d'Ivoire,1991,2551.6643,2036.2988,Africa,12683875.0
Cote d'Ivoire,1992,2540.1018,2011.5693,Africa,13200313.0
Cote d'Ivoire,1993,2450.858,1983.2335,Africa,13735955.0
Cote d'Ivoire,1994,2452.2393,1951.5408,Africa,14287211.0
Cote d'Ivoire,1995,2462.3997,2035.1682,Africa,14855566.0
Cote d'Ivoire,1996,2472.095,2179.0356,Africa,15442322.0
Cote d'Ivoire,1997,2504.629,2288.8086,Africa,16047178.0
Cote d'Ivoire,1998,2445.4612,2393.499,Africa,16663948.0
Cote d'Ivoire,1999,2427.7673,2417.4575,Africa,17215937.0
Cote d'Ivoire,2000,2380.5952,2352.8564,Africa,17699007.0
Cote d'Ivoire,2001,2371.0154,2342.8276,Africa,18178920.0
Cote d'Ivoire,2002,2383.066,2298.4565,Africa,18654772.0
Cote d'Ivoire,2003,2376.616,2263.0925,Africa,19125546.0
Cote d'Ivoire,2004,2395.5232,2280.788,Africa,19594997.0
Cote d'Ivoire,2005,2415.5845,2312.8425,Africa,20068468.0
Cote d'Ivoire,2006,2392.262,2343.927,Africa,20546808.0
Cote d'Ivoire,2007,2382.8948,2380.1155,Africa,21030558.0
Cote d'Ivoire,2008,2324.677,2435.2705,Africa,21514446.0
Cote d'Ivoire,2009,2305.8948,2508.822,Africa,21997936.0
Cote d'Ivoire,2010,2471.6138,2555.0164,Africa,22488068.0
Cote d'Ivoire,2011,2519.9478,2444.0,Africa,22982003.0
Cote d'Ivoire,2012,2508.0415,2648.7744,Africa,23467083.0
Cote d'Ivoire,2013,2532.0308,2821.8762,Africa,23939775.0
Cote d'Ivoire,2014,2480.1936,2995.1501,Africa,24527393.0
Cote d'Ivoire,2015,2546.2651,3182.1077,Africa,25246347.0
Cote d'Ivoire,2016,2557.1155,3328.9795,Africa,25989404.0
Cote d'Ivoire,2017,2581.479,3450.22,Africa,26733376.0
Cote d'Ivoire,2018,2596.037,3497.8928,Africa,27464175.0
Cote d'Ivoire,2019,2642.596,3703.0876,Africa,28193014.0
Cote d'Ivoire,2020,2680.451,3682.1353,Africa,28915452.0
Cote d'Ivoire,2021,2725.1917,3853.1626,Africa,29639737.0
Cote d'Ivoire,2022,2736.1533,4011.7122,Africa,30395004.0
Croatia,1992,2314.787,9331.893,Europe,4782235.0
Croatia,1993,2255.2812,8739.54,Europe,4729734.0
Croatia,1994,2395.0874,9352.584,Europe,4675517.0
Croatia,1995,2584.9326,10180.252,Europe,4619362.0
Croatia,1996,2599.9434,11030.079,Europe,4562290.0
Croatia,1997,2583.6675,11997.593,Europe,4504627.0
Croatia,1998,2578.9,12476.047,Europe,4445669.0
Croatia,1999,2616.1604,12579.877,Europe,4385823.0
Croatia,2000,2643.972,13244.541,Europe,4326105.0
Croatia,2001,2830.891,13817.681,Europe,4301079.0
Croatia,2002,2898.7341,14683.838,Europe,4305783.0
Croatia,2003,2937.469,15740.499,Europe,4306683.0
Croatia,2004,3004.42,16628.574,Europe,4310050.0
Croatia,2005,3031.846,17581.357,Europe,4313946.0
Croatia,2006,3114.9553,18707.49,Europe,4315802.0
Croatia,2007,3114.8147,19984.037,Europe,4315959.0
Croatia,2008,3141.6887,20717.316,Europe,4314635.0
Croatia,2009,3085.996,19501.588,Europe,4310537.0
Croatia,2010,2996.1133,19511.35,Europe,4301150.0
Croatia,2011,3029.0273,19813.0,Europe,4280827.0
Croatia,2012,3031.3745,19413.893,Europe,4259233.0
Croatia,2013,3104.4644,19402.938,Europe,4242403.0
Croatia,2014,3019.0144,19403.594,Europe,4219485.0
Croatia,2015,3094.3826,20025.754,Europe,4183732.0
Croatia,2016,3210.6904,20915.227,Europe,4136438.0
Croatia,2017,3175.3208,21852.021,Europe,4079198.0
Croatia,2018,3250.2737,22678.035,Europe,4024868.0
Croatia,2019,3297.3352,23590.277,Europe,3986338.0
Croatia,2020,3335.37,21672.479,Europe,3953956.0
Croatia,2021,3383.899,25059.947,Europe,3924607.0
Croatia,2022,3421.4875,26986.752,Europe,3907031.0
Cuba,1961,2093.1147,3068.0,Latin America & Caribbean,7387120.0
Cuba,1962,2165.5188,2974.0,Latin America & Caribbean,7541103.0
Cuba,1963,2361.0693,2958.0,Latin America & Caribbean,7701665.0
Cuba,1964,2305.6047,3158.0,Latin America & Caribbean,7866016.0
Cuba,1965,2319.018,3088.0,Latin America & Caribbean,8030806.0
Cuba,1966,2210.256,3185.0,Latin America & Caribbean,8193453.0
Cuba,1967,2279.553,3489.0,Latin America & Caribbean,8352627.0
Cuba,1968,2386.6184,3229.0,Latin America & Caribbean,8509522.0
Cuba,1969,2439.475,3137.0,Latin America & Caribbean,8666638.0
Cuba,1970,2549.0054,2976.0,Latin America & Caribbean,8824389.0
Cuba,1971,2714.614,3161.0,Latin America & Caribbean,8979089.0
Cuba,1972,2623.2546,3253.0,Latin America & Caribbean,9123895.0
Cuba,1973,2590.6028,3486.0,Latin America & Caribbean,9255332.0
Cuba,1974,2808.158,3609.0,Latin America & Caribbean,9374184.0
Cuba,1975,2663.2249,3733.0,Latin America & Caribbean,9479729.0
Cuba,1976,2757.1309,3786.0,Latin America & Caribbean,9571240.0
Cuba,1977,2719.9224,3913.0,Latin America & Caribbean,9648443.0
Cuba,1978,2804.4268,4114.0,Latin America & Caribbean,9711985.0
Cuba,1979,2719.5168,4183.0,Latin America & Caribbean,9763358.0
Cuba,1980,2901.9114,4106.0,Latin America & Caribbean,9804798.0
Cuba,1981,2941.9138,4420.0,Latin America & Caribbean,9849325.0
Cuba,1982,3013.5588,4487.0,Latin America & Caribbean,9912681.0
Cuba,1983,3065.0752,4705.0,Latin America & Caribbean,9991027.0
Cuba,1984,3110.2595,5051.0,Latin America & Caribbean,10073306.0
Cuba,1985,3110.446,5120.0,Latin America & Caribbean,10157229.0
Cuba,1986,3058.903,5075.0,Latin America & Caribbean,10244250.0
Cuba,1987,3063.307,4887.0,Latin America & Caribbean,10335337.0
Cuba,1988,2979.5132,4994.0,Latin America & Caribbean,10432590.0
Cuba,1989,2999.6472,4991.0,Latin America & Caribbean,10533249.0
Cuba,1990,2911.542,4713.0,Latin America & Caribbean,10631796.0
Cuba,1991,2727.6677,3982.2656,Latin America & Caribbean,10717640.0
Cuba,1992,2496.5469,3399.9648,Latin America & Caribbean,10785807.0
Cuba,1993,2316.9236,2657.466,Latin America & Caribbean,10841040.0
Cuba,1994,2359.477,2683.0984,Latin America & Caribbean,10886022.0
Cuba,1995,2326.4126,2860.7573,Latin America & Caribbean,10925362.0
Cuba,1996,2451.2393,3249.6353,Latin America & Caribbean,10962009.0
Cuba,1997,2569.0747,3425.5618,Latin America & Caribbean,10997933.0
Cuba,1998,2658.0352,3415.5452,Latin America & Caribbean,11034716.0
Cuba,1999,2905.792,3623.5955,Latin America & Caribbean,11072230.0
Cuba,2000,3038.8818,4009.3398,Latin America & Caribbean,11109112.0
Cuba,2001,3084.5195,4231.3237,Latin America & Caribbean,11144134.0
Cuba,2002,3163.757,4369.0405,Latin America & Caribbean,11177422.0
Cuba,2003,3256.6047,4506.676,Latin America & Caribbean,11209379.0
Cuba,2004,3356.195,4561.0166,Latin America & Caribbean,11238756.0
Cuba,2005,3262.5078,4713.7065,Latin America & Caribbean,11262553.0
Cuba,2006,3266.489,5416.141,Latin America & Caribbean,11278550.0
Cuba,2007,3255.2415,5635.6885,Latin America & Caribbean,11287274.0
Cuba,2008,3121.1704,6004.894,Latin America & Caribbean,11291764.0
Cuba,2009,3231.363,6248.304,Latin America & Caribbean,11294719.0
Cuba,2010,3242.9011,6578.1904,Latin America & Caribbean,11297414.0
Cuba,2011,3329.6147,6928.0,Latin America & Caribbean,11301578.0
Cuba,2012,3360.728,7138.0,Latin America & Caribbean,11303172.0
Cuba,2013,3387.0156,7379.0,Latin America & Caribbean,11298163.0
Cuba,2014,3356.8005,7628.0,Latin America & Caribbean,11285780.0
Cuba,2015,3373.4531,7889.0,Latin America & Caribbean,11275069.0
Cuba,2016,3460.5083,7928.05,Latin America & Caribbean,11265615.0
Cuba,2017,3463.787,8075.465,Latin America & Caribbean,11247824.0
Cuba,2018,3415.5498,8262.988,Latin America & Caribbean,11227116.0
Cuba,2019,3458.4946,8257.785,Latin America & Caribbean,11202847.0
Cuba,2020,3417.0608,7364.1055,Latin America & Caribbean,11176349.0
Cuba,2021,3368.409,7485.821,Latin America & Caribbean,11122169.0
Cuba,2022,3315.2122,7648.704,Latin America & Caribbean,11059822.0
Cyprus,1961,2396.7678,3845.0,Asia,595522.0
Cyprus,1962,2329.4092,4211.0,Asia,601471.0
Cyprus,1963,2258.6826,4423.0,Asia,607254.0
Cyprus,1964,2455.781,3971.0,Asia,612531.0
Cyprus,1965,2540.346,4825.0,Asia,617743.0
Cyprus,1966,2596.5842,5083.0,Asia,623394.0
Cyprus,1967,2738.7244,5732.0,Asia,629255.0
Cyprus,1968,2818.8184,5947.0,Asia,635164.0
Cyprus,1969,2995.0498,6446.0,Asia,641196.0
Cyprus,1970,2898.1455,6590.0,Asia,647443.0
Cyprus,1971,2914.8333,7382.0,Asia,654058.0
Cyprus,1972,2679.8918,7809.0,Asia,661067.0
Cyprus,1973,2728.0515,7913.0,Asia,665946.0
Cyprus,1974,2343.3801,6503.0,Asia,663265.0
Cyprus,1975,2342.1008,5528.0,Asia,659408.0
Cyprus,1976,2294.8923,6652.0,Asia,662045.0
Cyprus,1977,2321.1523,7704.0,Asia,667104.0
Cyprus,1978,2405.6487,8257.0,Asia,672259.0
Cyprus,1979,2536.1301,9011.0,Asia,677552.0
Cyprus,1980,2461.8933,9451.0,Asia,683082.0
Cyprus,1981,2479.378,9631.0,Asia,688895.0
Cyprus,1982,2659.6929,10131.0,Asia,696503.0
Cyprus,1983,2616.15,10544.0,Asia,707224.0
Cyprus,1984,2701.3909,11330.0,Asia,719345.0
Cyprus,1985,2744.6074,11725.0,Asia,731290.0
Cyprus,1986,2622.3955,12121.0,Asia,743116.0
Cyprus,1987,2604.4614,12792.0,Asia,754796.0
Cyprus,1988,2529.094,13748.0,Asia,766238.0
Cyprus,1989,2593.7224,14712.0,Asia,777429.0
Cyprus,1990,2616.1602,15560.0,Asia,788355.0
Cyprus,1991,2690.1997,15417.124,Asia,798950.0
Cyprus,1992,2754.8633,16570.396,Asia,810344.0
Cyprus,1993,2775.1387,16439.24,Asia,826042.0
Cyprus,1994,2786.469,17210.986,Asia,844669.0
Cyprus,1995,2797.8098,18751.486,Asia,862698.0
Cyprus,1996,2701.4263,18875.29,Asia,880295.0
Cyprus,1997,2701.0708,19264.787,Asia,897574.0
Cyprus,1998,2707.4634,20212.738,Asia,914552.0
Cyprus,1999,2690.862,21147.525,Asia,931235.0
Cyprus,2000,2662.8215,22326.799,Asia,947667.0
Cyprus,2001,2639.4062,23095.736,Asia,964129.0
Cyprus,2002,2634.1213,23828.072,Asia,981443.0
Cyprus,2003,2606.8208,24347.076,Asia,999600.0
Cyprus,2004,2596.2087,25355.24,Asia,1017875.0
Cyprus,2005,2557.1873,26164.209,Asia,1036156.0
Cyprus,2006,2543.4094,27142.018,Asia,1054424.0
Cyprus,2007,2615.0708,28109.996,Asia,1072727.0
Cyprus,2008,2622.835,28736.975,Asia,1091029.0
Cyprus,2009,2586.4336,27735.033,Asia,1109377.0
Cyprus,2010,3011.1182,27630.104,Asia,1127826.0
Cyprus,2011,2990.1562,27272.0,Asia,1146493.0
Cyprus,2012,2957.3484,25933.494,Asia,1165403.0
Cyprus,2013,2909.601,24281.812,Asia,1183899.0
Cyprus,2014,2872.7795,24114.586,Asia,1201806.0
Cyprus,2015,2910.253,25081.504,Asia,1219504.0
Cyprus,2016,2869.7864,26607.555,Asia,1237114.0
Cyprus,2017,2863.3838,27872.812,Asia,1254274.0
Cyprus,2018,2857.8953,29089.975,Asia,1270743.0
Cyprus,2019,2906.5867,30284.795,Asia,1286669.0
Cyprus,2020,2877.7166,28634.457,Asia,1302250.0
Cyprus,2021,2867.393,30252.326,Asia,1317311.0
Cyprus,2022,2855.2139,31523.498,Asia,1331376.0
Czechia,1993,3043.355,12974.197,Europe,10320404.0
Czechia,1994,2984.2512,13517.582,Europe,10322332.0
Czechia,1995,3217.3894,14550.1045,Europe,10312041.0
Czechia,1996,3329.2703,15386.32,Europe,10296140.0
Czechia,1997,3245.743,15494.317,Europe,10280049.0
Czechia,1998,3277.1428,15657.426,Europe,10265430.0
Czechia,1999,3123.6619,16102.508,Europe,10251385.0
Czechia,2000,3082.9675,17056.16,Europe,10236809.0
Czechia,2001,3169.7083,17868.568,Europe,10231942.0
Czechia,2002,3234.932,18431.027,Europe,10239474.0
Czechia,2003,3304.4573,19344.09,Europe,10248907.0
Czechia,2004,3304.6953,20555.035,Europe,10261453.0
Czechia,2005,3302.1348,22128.58,Europe,10280155.0
Czechia,2006,3269.5835,23888.164,Europe,10304592.0
Czechia,2007,3261.1455,25382.807,Europe,10337539.0
Czechia,2008,3278.6123,26186.045,Europe,10378298.0
Czechia,2009,3296.4385,25093.863,Europe,10420985.0
Czechia,2010,3266.5833,25922.395,Europe,10464035.0
Czechia,2011,3274.502,26725.0,Europe,10495508.0
Czechia,2012,3272.8318,26483.38,Europe,10507339.0
Czechia,2013,3301.463,26467.629,Europe,10511164.0
Czechia,2014,3205.0269,27030.19,Europe,10517223.0
Czechia,2015,3133.556,28437.604,Europe,10524418.0
Czechia,2016,3258.3218,29097.504,Europe,10531946.0
Czechia,2017,3298.7173,30531.383,Europe,10541343.0
Czechia,2018,3300.2764,31405.09,Europe,10548934.0
Czechia,2019,3338.9854,32226.553,Europe,10554872.0
Czechia,2020,3352.6243,30365.37,Europe,10550129.0
Czechia,2021,3380.7585,31452.557,Europe,10530683.0
Czechia,2022,3368.2048,32247.395,Europe,10673216.0
Czechoslovakia,1961,3303.635,8389.0,Europe,13780000.0
Czechoslovakia,1962,3351.6233,8454.0,Europe,13860000.0
Czechoslovakia,1963,3397.0,8241.0,Europe,13950000.0
Czechoslovakia,1964,3369.3086,8563.0,Europe,14050000.0
Czechoslovakia,1965,3366.781,8820.0,Europe,14150000.0
Czechoslovakia,1966,3395.854,9151.0,Europe,14220000.0
Czechoslovakia,1967,3382.387,9507.0,Europe,14280000.0
Czechoslovakia,1968,3433.5554,9919.0,Europe,14320000.0
Czechoslovakia,1969,3394.2869,10128.0,Europe,14280000.0
Czechoslovakia,1970,3360.282,10307.0,Europe,14320000.0
Czechoslovakia,1971,3359.1995,10613.0,Europe,14380000.0
Czechoslovakia,1972,3351.0845,10932.0,Europe,14460000.0
Czechoslovakia,1973,3369.5369,11223.0,Europe,14550000.0
Czechoslovakia,1974,3369.4749,11545.0,Europe,14660000.0
Czechoslovakia,1975,3360.5603,11794.0,Europe,14770000.0
Czechoslovakia,1976,3350.9678,11893.0,Europe,14880000.0
Czechoslovakia,1977,3303.2693,12344.0,Europe,14990000.0
Czechoslovakia,1978,3357.5442,12411.0,Europe,15090000.0
Czechoslovakia,1979,3342.6782,12439.0,Europe,15180000.0
Czechoslovakia,1980,3344.1914,12723.0,Europe,15250000.0
Czechoslovakia,1981,3394.1008,12612.0,Europe,15310000.0
Czechoslovakia,1982,3445.0352,12824.0,Europe,15350000.0
Czechoslovakia,1983,3407.7705,12986.0,Europe,15390000.0
Czechoslovakia,1984,3450.4475,13260.0,Europe,15420000.0
Czechoslovakia,1985,3436.8875,13337.0,Europe,15450000.0
Czechoslovakia,1986,3475.5286,13560.0,Europe,15480000.0
Czechoslovakia,1987,3489.7197,13603.0,Europe,15510000.0
Czechoslovakia,1988,3586.7573,13882.0,Europe,15540000.0
Czechoslovakia,1989,3601.6682,13976.0,Europe,15560000.0
Czechoslovakia,1990,3648.1245,13570.0,Europe,15570000.0
Czechoslovakia,1991,3301.2117,11949.633,Europe,15590000.0
Czechoslovakia,1992,3161.6072,11742.929,Europe,15620000.0
Democratic Republic of Congo,2010,2163.8176,637.1298,Africa,68563038.0
Democratic Republic of Congo,2011,2185.6885,681.0,Africa,70849311.0
Democratic Republic of Congo,2012,2144.6108,714.7897,Africa,73254623.0
Democratic Republic of Congo,2013,2115.3728,756.906,Africa,75789397.0
Democratic Republic of Congo,2014,2167.8557,784.5593,Africa,78403248.0
Democratic Republic of Congo,2015,2133.414,806.7695,Africa,81035532.0
Democratic Republic of Congo,2016,2085.9963,783.0341,Africa,83956416.0
Democratic Republic of Congo,2017,2121.072,785.1293,Africa,87083400.0
Democratic Republic of Congo,2018,2101.0217,796.89246,Africa,90047647.0
Democratic Republic of Congo,2019,2091.0916,806.479,Africa,92947450.0
Democratic Republic of Congo,2020,2026.1703,794.2714,Africa,95990000.0
Democratic Republic of Congo,2021,2047.3108,817.43225,Africa,99148930.0
Democratic Republic of Congo,2022,2078.9473,844.172,Africa,102396974.0
Denmark,1961,3188.826,14843.0,Europe,4611358.0
Denmark,1962,3103.024,15537.0,Europe,4647466.0
Denmark,1963,3099.1455,15513.0,Europe,4684268.0
Denmark,1964,3112.7322,16832.0,Europe,4721889.0
Denmark,1965,3106.759,17459.0,Europe,4758837.0
Denmark,1966,3117.2207,17789.0,Europe,4797199.0
Denmark,1967,3078.309,18230.0,Europe,4835223.0
Denmark,1968,3093.1265,18868.0,Europe,4864801.0
Denmark,1969,3083.905,19974.0,Europe,4891798.0
Denmark,1970,3157.8494,20221.0,Europe,4928674.0
Denmark,1971,3186.0317,20617.0,Europe,4963064.0
Denmark,1972,3098.4045,21579.0,Europe,4991569.0
Denmark,1973,3033.5134,22228.0,Europe,5021765.0
Denmark,1974,3032.607,21919.0,Europe,5045639.0
Denmark,1975,2989.3525,21712.0,Europe,5060403.0
Denmark,1976,2989.2349,23059.0,Europe,5072803.0
Denmark,1977,3014.3945,23360.0,Europe,5088571.0
Denmark,1978,3031.7646,23632.0,Europe,5104341.0
Denmark,1979,3057.68,24409.0,Europe,5116862.0
Denmark,1980,3128.9517,24272.0,Europe,5123079.0
Denmark,1981,3136.0635,24063.0,Europe,5121628.0
Denmark,1982,3095.083,24807.0,Europe,5117897.0
Denmark,1983,3036.6885,25450.0,Europe,5114468.0
Denmark,1984,3020.8716,26581.0,Europe,5111831.0
Denmark,1985,3166.4563,27710.0,Europe,5113878.0
Denmark,1986,3134.8984,28681.0,Europe,5120691.0
Denmark,1987,3209.016,28728.0,Europe,5127134.0
Denmark,1988,3244.1548,29049.0,Europe,5129650.0
Denmark,1989,3180.6948,29108.0,Europe,5132717.0
Denmark,1990,3160.3704,29412.0,Europe,5141024.0
Denmark,1991,3226.7834,29915.447,Europe,5154346.0
Denmark,1992,3337.7598,30573.574,Europe,5171372.0
Denmark,1993,3340.52,30649.537,Europe,5188638.0
Denmark,1994,3318.064,32359.297,Europe,5206188.0
Denmark,1995,3394.764,33356.14,Europe,5233364.0
Denmark,1996,3288.3228,34325.44,Europe,5263071.0
Denmark,1997,3359.8804,35499.062,Europe,5285041.0
Denmark,1998,3391.6313,36361.23,Europe,5304263.0
Denmark,1999,3330.238,37523.426,Europe,5321814.0
Denmark,2000,3311.9707,39021.176,Europe,5339659.0
Denmark,2001,3332.6196,39425.863,Europe,5358825.0
Denmark,2002,3368.6287,39709.37,Europe,5375967.0
Denmark,2003,3338.274,39983.145,Europe,5390621.0
Denmark,2004,3378.4995,41178.562,Europe,5404594.0
Denmark,2005,3413.0237,42264.63,Europe,5419550.0
Denmark,2006,3409.24,44025.484,Europe,5437425.0
Denmark,2007,3449.0344,44481.47,Europe,5461604.0
Denmark,2008,3327.355,44246.4,Europe,5493762.0
Denmark,2009,3340.5024,42090.17,Europe,5523169.0
Denmark,2010,3410.6943,42932.4,Europe,5547865.0
Denmark,2011,3394.6687,43575.0,Europe,5570848.0
Denmark,2012,3401.3252,43509.613,Europe,5591911.0
Denmark,2013,3430.533,43743.61,Europe,5615333.0
Denmark,2014,3437.46,44215.633,Europe,5643795.0
Denmark,2015,3412.0657,44940.887,Europe,5683698.0
Denmark,2016,3411.117,46018.984,Europe,5728196.0
Denmark,2017,3426.2676,47022.01,Europe,5765164.0
Denmark,2018,3557.3816,47717.457,Europe,5793824.0
Denmark,2019,3569.1108,48238.656,Europe,5814618.0
Denmark,2020,3592.2585,47171.086,Europe,5831529.0
Denmark,2021,3580.5403,49258.75,Europe,5856774.0
Denmark,2022,3579.619,50689.68,Europe,5902901.0
Djibouti,1961,1587.6162,4114.0,Africa,89407.0
Djibouti,1962,1657.253,4057.0,Africa,93305.0
Djibouti,1963,1645.7241,4092.0,Africa,97887.0
Djibouti,1964,1637.5686,4055.0,Africa,103214.0
Djibouti,1965,1671.6465,4047.0,Africa,109108.0
Djibouti,1966,1719.8917,4063.0,Africa,115284.0
Djibouti,1967,1814.3746,4055.0,Africa,121659.0
Djibouti,1968,1861.0054,4028.0,Africa,128264.0
Djibouti,1969,1741.4946,4018.0,Africa,136090.0
Djibouti,1970,1881.1472,4774.0,Africa,145188.0
Djibouti,1971,1880.0531,4846.0,Africa,155152.0
Djibouti,1972,1814.0292,4787.0,Africa,166268.0
Djibouti,1973,1899.7255,4801.0,Africa,178460.0
Djibouti,1974,1798.6003,4414.0,Africa,192622.0
Djibouti,1975,1772.3916,4691.0,Africa,209922.0
Djibouti,1976,1744.9111,4878.0,Africa,230747.0
Djibouti,1977,1707.551,4036.0,Africa,254629.0
Djibouti,1978,1581.5627,3419.0,Africa,280042.0
Djibouti,1979,1507.1866,3308.0,Africa,304525.0
Djibouti,1980,1581.124,3167.0,Africa,325822.0
Djibouti,1981,1589.3906,3091.0,Africa,343056.0
Djibouti,1982,1621.3955,3043.0,Africa,356887.0
Djibouti,1983,1632.3689,2963.0,Africa,369558.0
Djibouti,1984,1607.0425,2944.0,Africa,384072.0
Djibouti,1985,1644.6556,2880.0,Africa,402691.0
Djibouti,1986,1698.3992,2743.0,Africa,426345.0
Djibouti,1987,1674.0293,2670.0,Africa,454409.0
Djibouti,1988,1722.7628,2652.0,Africa,484531.0
Djibouti,1989,1633.8977,2436.0,Africa,523362.0
Djibouti,1990,1642.1013,2308.0,Africa,579544.0
Djibouti,1991,1463.7885,2013.3427,Africa,631096.0
Djibouti,1992,1513.1786,2141.634,Africa,626016.0
Djibouti,1993,1645.1167,2290.7847,Africa,614247.0
Djibouti,1994,1662.9324,2175.3618,Africa,626717.0
Djibouti,1995,1790.385,2262.4287,Africa,633075.0
Djibouti,1996,1763.1047,2081.9954,Africa,648354.0
Djibouti,1997,1799.2992,2080.5134,Africa,671826.0
Djibouti,1998,1856.7108,1974.5657,Africa,699355.0
Djibouti,1999,1868.9032,1930.5078,Africa,724228.0
Djibouti,2000,1928.1265,1880.9988,Africa,747326.0
Djibouti,2001,1886.1238,1845.6991,Africa,771311.0
Djibouti,2002,1920.8423,1824.4551,Africa,795576.0
Djibouti,2003,1943.3505,1945.6655,Africa,813528.0
Djibouti,2004,1980.5237,2097.1233,Africa,826133.0
Djibouti,2005,2097.1873,2126.8052,Africa,839174.0
Djibouti,2006,2130.7576,2342.2192,Africa,855767.0
Djibouti,2007,2205.5115,2396.018,Africa,874530.0
Djibouti,2008,2220.2122,2463.4448,Africa,892739.0
Djibouti,2009,2223.8054,2521.5046,Africa,911524.0
Djibouti,2010,2423.422,2543.8733,Africa,930252.0
Djibouti,2011,2478.5986,2590.0,Africa,948565.0
Djibouti,2012,2518.6506,2654.0,Africa,966754.0
Djibouti,2013,2570.5417,2724.0,Africa,984833.0
Djibouti,2014,2657.5085,2823.0,Africa,1002720.0
Djibouti,2015,2719.5913,2941.0,Africa,1020316.0
Djibouti,2016,2699.7573,3084.5425,Africa,1037660.0
Djibouti,2017,2716.6838,3197.9792,Africa,1054844.0
Djibouti,2018,2749.387,3308.117,Africa,1071886.0
Djibouti,2019,2756.1643,3436.9502,Africa,1088710.0
Djibouti,2020,2764.2913,3426.696,Africa,1105193.0
Djibouti,2021,2762.7688,3541.5713,Africa,1121251.0
Djibouti,2022,2726.3806,3623.0603,Africa,1137101.0
Dominica,1961,1756.168,1176.0,Latin America & Caribbean,60230.0
Dominica,1962,1829.4215,1333.0,Latin America & Caribbean,60969.0
Dominica,1963,1876.9734,1372.0,Latin America & Caribbean,61759.0
Dominica,1964,1883.1348,1419.0,Latin America & Caribbean,62602.0
Dominica,1965,1927.836,1203.0,Latin America & Caribbean,63522.0
Dominica,1966,1945.569,1323.0,Latin America & Caribbean,64522.0
Dominica,1967,1955.0596,1325.0,Latin America & Caribbean,65598.0
Dominica,1968,2053.9468,1288.0,Latin America & Caribbean,66751.0
Dominica,1969,2049.8557,1388.0,Latin America & Caribbean,67956.0
Dominica,1970,2061.1807,1492.0,Latin America & Caribbean,68927.0
Dominica,1971,2036.349,1578.0,Latin America & Caribbean,69548.0
Dominica,1972,2041.6714,1674.0,Latin America & Caribbean,70072.0
Dominica,1973,1940.654,1793.0,Latin America & Caribbean,70603.0
Dominica,1974,1967.429,1894.0,Latin America & Caribbean,71106.0
Dominica,1975,2001.4248,1940.0,Latin America & Caribbean,71589.0
Dominica,1976,2069.3264,2066.0,Latin America & Caribbean,72036.0
Dominica,1977,2152.988,2117.0,Latin America & Caribbean,72424.0
Dominica,1978,2242.1467,2365.0,Latin America & Caribbean,72741.0
Dominica,1979,2112.9656,1932.0,Latin America & Caribbean,72978.0
Dominica,1980,2288.925,2219.0,Latin America & Caribbean,73102.0
Dominica,1981,2314.599,2499.0,Latin America & Caribbean,73004.0
Dominica,1982,2353.0342,2592.0,Latin America & Caribbean,72704.0
Dominica,1983,2332.3203,2644.0,Latin America & Caribbean,72385.0
Dominica,1984,2488.741,2802.0,Latin America & Caribbean,72075.0
Dominica,1985,2566.4084,2872.0,Latin America & Caribbean,71768.0
Dominica,1986,2771.7637,3107.0,Latin America & Caribbean,71426.0
Dominica,1987,2886.324,3370.0,Latin America & Caribbean,71044.0
Dominica,1988,2984.8784,3687.0,Latin America & Caribbean,70628.0
Dominica,1989,3029.371,3714.0,Latin America & Caribbean,70171.0
Dominica,1990,3020.691,3939.0,Latin America & Caribbean,69644.0
Dominica,1991,2974.3367,4083.9958,Latin America & Caribbean,69321.0
Dominica,1992,2940.5862,4271.69,Latin America & Caribbean,69344.0
Dominica,1993,2919.6147,4339.817,Latin America & Caribbean,69453.0
Dominica,1994,2934.2812,4459.365,Latin America & Caribbean,69493.0
Dominica,1995,3006.9507,4606.734,Latin America & Caribbean,69490.0
Dominica,1996,2962.8503,4894.842,Latin America & Caribbean,69422.0
Dominica,1997,3001.2263,5170.808,Latin America & Caribbean,69315.0
Dominica,1998,2949.0627,5462.6973,Latin America & Caribbean,69144.0
Dominica,1999,2975.4802,5584.024,Latin America & Caribbean,68883.0
Dominica,2000,3128.8398,5696.955,Latin America & Caribbean,68527.0
Dominica,2001,3115.712,5799.8164,Latin America & Caribbean,68299.0
Dominica,2002,3054.471,5771.375,Latin America & Caribbean,68385.0
Dominica,2003,3069.4946,6321.9556,Latin America & Caribbean,68552.0
Dominica,2004,3014.5344,6602.7,Latin America & Caribbean,68664.0
Dominica,2005,3019.6946,6697.5347,Latin America & Caribbean,68750.0
Dominica,2006,3009.2703,7133.7812,Latin America & Caribbean,68823.0
Dominica,2007,3136.4468,7698.7734,Latin America & Caribbean,68862.0
Dominica,2008,3114.6138,8454.0625,Latin America & Caribbean,68866.0
Dominica,2009,3130.5188,8511.858,Latin America & Caribbean,68879.0
Dominica,2010,2979.2332,8768.478,Latin America & Caribbean,68872.0
Dominica,2011,2959.0652,8944.0,Latin America & Caribbean,69073.0
Dominica,2012,2978.7666,8823.0,Latin America & Caribbean,69138.0
Dominica,2013,2958.6196,9145.0,Latin America & Caribbean,69733.0
Dominica,2014,2969.7224,9507.0,Latin America & Caribbean,70387.0
Dominica,2015,3014.807,9319.0,Latin America & Caribbean,70429.0
Dominica,2016,3006.8464,9567.251,Latin America & Caribbean,69627.0
Dominica,2017,3037.2573,8877.882,Latin America & Caribbean,68514.0
Dominica,2018,3042.264,9153.232,Latin America & Caribbean,68195.0
Dominica,2019,3137.4666,9575.093,Latin America & Caribbean,67901.0
Dominica,2020,3146.5112,7974.3066,Latin America & Caribbean,67588.0
Dominica,2021,3255.3909,8419.473,Latin America & Caribbean,67222.0
Dominica,2022,3278.3,8879.6455,Latin America & Caribbean,66847.0
Dominican Republic,1961,1739.2864,1964.0,Latin America & Caribbean,3373237.0
Dominican Republic,1962,1877.86,2222.0,Latin America & Caribbean,3479940.0
Dominican Republic,1963,1890.0162,2291.0,Latin America & Caribbean,3588293.0
Dominican Republic,1964,1899.9487,2365.0,Latin America & Caribbean,3698563.0
Dominican Republic,1965,1835.853,2007.0,Latin America & Caribbean,3808965.0
Dominican Republic,1966,1958.775,2206.0,Latin America & Caribbean,3921849.0
Dominican Republic,1967,1920.5983,2211.0,Latin America & Caribbean,4038932.0
Dominican Republic,1968,1980.7817,2150.0,Latin America & Caribbean,4157191.0
Dominican Republic,1969,2034.5063,2316.0,Latin America & Caribbean,4277039.0
Dominican Republic,1970,2016.5881,2488.0,Latin America & Caribbean,4399294.0
Dominican Republic,1971,2047.2247,2678.0,Latin America & Caribbean,4524238.0
Dominican Republic,1972,2071.5183,2928.0,Latin America & Caribbean,4651892.0
Dominican Republic,1973,2134.1091,3196.0,Latin America & Caribbean,4782235.0
Dominican Republic,1974,2173.8398,3295.0,Latin America & Caribbean,4914198.0
Dominican Republic,1975,2133.4436,3365.0,Latin America & Caribbean,5046783.0
Dominican Republic,1976,2145.007,3504.0,Latin America & Caribbean,5180404.0
Dominican Republic,1977,2219.4219,3586.0,Latin America & Caribbean,5315446.0
Dominican Republic,1978,2185.1018,3583.0,Latin America & Caribbean,5451891.0
Dominican Republic,1979,2214.808,3649.0,Latin America & Caribbean,5589694.0
Dominican Republic,1980,2299.2646,3781.0,Latin America & Caribbean,5729043.0
Dominican Republic,1981,2261.4817,3846.0,Latin America & Caribbean,5868459.0
Dominican Republic,1982,2240.1104,3826.0,Latin America & Caribbean,6007115.0
Dominican Republic,1983,2255.5278,3905.0,Latin America & Caribbean,6147244.0
Dominican Republic,1984,2305.58,3830.0,Latin America & Caribbean,6289048.0
Dominican Republic,1985,2404.4958,3653.0,Latin America & Caribbean,6430404.0
Dominican Republic,1986,2407.2295,3682.0,Latin America & Caribbean,6571213.0
Dominican Republic,1987,2332.3867,3877.0,Latin America & Caribbean,6712519.0
Dominican Republic,1988,2262.9768,3821.0,Latin America & Caribbean,6855737.0
Dominican Republic,1989,2300.3342,4219.0,Latin America & Caribbean,7002300.0
Dominican Republic,1990,2096.1487,3939.0,Latin America & Caribbean,7151165.0
Dominican Republic,1991,2169.04,3969.5686,Latin America & Caribbean,7299849.0
Dominican Republic,1992,2167.5989,4185.406,Latin America & Caribbean,7447476.0
Dominican Republic,1993,2247.3118,4490.016,Latin America & Caribbean,7594567.0
Dominican Republic,1994,2278.851,4597.151,Latin America & Caribbean,7741694.0
Dominican Republic,1995,2281.7056,4851.629,Latin America & Caribbean,7888120.0
Dominican Republic,1996,2198.314,5198.5664,Latin America & Caribbean,8032895.0
Dominican Republic,1997,2174.577,5616.89,Latin America & Caribbean,8174081.0
Dominican Republic,1998,2162.2883,6012.6924,Latin America & Caribbean,8310369.0
Dominican Republic,1999,2169.8108,6419.7812,Latin America & Caribbean,8446207.0
Dominican Republic,2000,2244.4165,6788.084,Latin America & Caribbean,8584196.0
Dominican Republic,2001,2278.3816,6917.0303,Latin America & Caribbean,8720287.0
Dominican Republic,2002,2306.365,7327.3657,Latin America & Caribbean,8852231.0
Dominican Republic,2003,2164.5654,7324.6973,Latin America & Caribbean,8980626.0
Dominican Republic,2004,2240.8523,7441.4478,Latin America & Caribbean,9104889.0
Dominican Republic,2005,2357.7693,8156.431,Latin America & Caribbean,9225035.0
Dominican Republic,2006,2401.921,9059.885,Latin America & Caribbean,9341187.0
Dominican Republic,2007,2443.493,9866.458,Latin America & Caribbean,9455663.0
Dominican Republic,2008,2395.4536,10225.529,Latin America & Caribbean,9573135.0
Dominican Republic,2009,2438.5632,10365.675,Latin America & Caribbean,9695270.0
Dominican Republic,2010,2590.8745,11276.461,Latin America & Caribbean,9820180.0
Dominican Republic,2011,2647.2048,11679.0,Latin America & Caribbean,9945623.0
Dominican Republic,2012,2682.519,11854.366,Latin America & Caribbean,10070409.0
Dominican Republic,2013,2741.9688,12290.143,Latin America & Caribbean,10193838.0
Dominican Republic,2014,2812.9592,13011.521,Latin America & Caribbean,10315523.0
Dominican Republic,2015,2795.5999,13765.119,Latin America & Caribbean,10434826.0
Dominican Republic,2016,2890.5444,14530.1,Latin America & Caribbean,10551430.0
Dominican Republic,2017,2932.161,15053.832,Latin America & Caribbean,10666846.0
Dominican Republic,2018,2994.5354,15944.744,Latin America & Caribbean,10782048.0
Dominican Republic,2019,3046.4746,16587.236,Latin America & Caribbean,10894043.0
Dominican Republic,2020,3097.5876,15325.654,Latin America & Caribbean,11008298.0
Dominican Republic,2021,3147.462,17046.646,Latin America & Caribbean,11123480.0
Dominican Republic,2022,3227.89,17713.52,Latin America & Caribbean,11230734.0
Ecuador,1961,1970.1984,3633.0,Latin America & Caribbean,4722334.0
Ecuador,1962,1997.8672,3716.0,Latin America & Caribbean,4859272.0
Ecuador,1963,2033.7983,3698.0,Latin America & Caribbean,5001721.0
Ecuador,1964,2026.6128,3843.0,Latin America & Caribbean,5149925.0
Ecuador,1965,2168.1682,4090.0,Latin America & Caribbean,5303960.0
Ecuador,1966,2159.079,4074.0,Latin America & Caribbean,5463749.0
Ecuador,1967,2119.0884,4163.0,Latin America & Caribbean,5629060.0
Ecuador,1968,2103.6943,4264.0,Latin America & Caribbean,5799683.0
Ecuador,1969,2116.1748,4366.0,Latin America & Caribbean,5975234.0
Ecuador,1970,2145.566,4535.0,Latin America & Caribbean,6155392.0
Ecuador,1971,2077.7222,4658.0,Latin America & Caribbean,6340056.0
Ecuador,1972,2143.5493,4801.0,Latin America & Caribbean,6529040.0
Ecuador,1973,2063.0735,5244.0,Latin America & Caribbean,6722036.0
Ecuador,1974,2079.229,5392.0,Latin America & Caribbean,6918571.0
Ecuador,1975,2166.816,5514.0,Latin America & Caribbean,7118258.0
Ecuador,1976,2224.8962,5877.0,Latin America & Caribbean,7320913.0
Ecuador,1977,2220.0864,6073.0,Latin America & Caribbean,7526826.0
Ecuador,1978,2214.988,6314.0,Latin America & Caribbean,7736176.0
Ecuador,1979,2219.6375,6472.0,Latin America & Caribbean,7948871.0
Ecuador,1980,2309.0042,6582.0,Latin America & Caribbean,8165882.0
Ecuador,1981,2250.034,6664.0,Latin America & Caribbean,8386913.0
Ecuador,1982,2256.7085,6558.0,Latin America & Caribbean,8611296.0
Ecuador,1983,2131.1829,6252.0,Latin America & Caribbean,8840424.0
Ecuador,1984,2179.299,6336.0,Latin America & Caribbean,9074783.0
Ecuador,1985,2143.4915,6433.0,Latin America & Caribbean,9311152.0
Ecuador,1986,2219.2776,6452.0,Latin America & Caribbean,9545999.0
Ecuador,1987,2194.5706,5893.0,Latin America & Caribbean,9779290.0
Ecuador,1988,2253.0046,6357.0,Latin America & Caribbean,10010804.0
Ecuador,1989,2213.5522,6207.0,Latin America & Caribbean,10241859.0
Ecuador,1990,2180.6812,6221.0,Latin America & Caribbean,10473674.0
Ecuador,1991,2124.0173,6513.337,Latin America & Caribbean,10702377.0
Ecuador,1992,2250.473,6715.474,Latin America & Caribbean,10930128.0
Ecuador,1993,2254.7712,6770.1787,Latin America & Caribbean,11154283.0
Ecuador,1994,2345.07,6940.0903,Latin America & Caribbean,11372197.0
Ecuador,1995,2255.288,6985.1553,Latin America & Caribbean,11590519.0
Ecuador,1996,2249.5679,6993.644,Latin America & Caribbean,11810954.0
Ecuador,1997,2286.0256,7181.101,Latin America & Caribbean,12031129.0
Ecuador,1998,2211.5815,7307.1694,Latin America & Caribbean,12251188.0
Ecuador,1999,2295.6594,6884.7925,Latin America & Caribbean,12470800.0
Ecuador,2000,2256.8696,6908.243,Latin America & Caribbean,12689215.0
Ecuador,2001,2194.7222,7131.194,Latin America & Caribbean,12910736.0
Ecuador,2002,2219.5227,7359.707,Latin America & Caribbean,13138473.0
Ecuador,2003,2186.8005,7468.5034,Latin America & Caribbean,13372304.0
Ecuador,2004,2212.9634,7958.921,Latin America & Caribbean,13608700.0
Ecuador,2005,2236.7712,8256.777,Latin America & Caribbean,13846162.0
Ecuador,2006,2219.1672,8521.56,Latin America & Caribbean,14086138.0
Ecuador,2007,2203.6123,8633.584,Latin America & Caribbean,14328783.0
Ecuador,2008,2287.0398,9103.872,Latin America & Caribbean,14575201.0
Ecuador,2009,2279.194,9081.37,Latin America & Caribbean,14825960.0
Ecuador,2010,2595.9446,9327.213,Latin America & Caribbean,15076697.0
Ecuador,2011,2601.4905,9985.0,Latin America & Caribbean,15326232.0
Ecuador,2012,2594.671,10398.948,Latin America & Caribbean,15572195.0
Ecuador,2013,2553.0076,10761.351,Latin America & Caribbean,15807132.0
Ecuador,2014,2601.2761,11016.161,Latin America & Caribbean,16035127.0
Ecuador,2015,2603.843,10878.766,Latin America & Caribbean,16266229.0
Ecuador,2016,2537.4006,10603.806,Latin America & Caribbean,16505142.0
Ecuador,2017,2549.7742,10715.15,Latin America & Caribbean,16759515.0
Ecuador,2018,2541.5408,10716.904,Latin America & Caribbean,17049542.0
Ecuador,2019,2508.7085,10586.937,Latin America & Caribbean,17340017.0
Ecuador,2020,2545.8577,9646.065,Latin America & Caribbean,17546058.0
Ecuador,2021,2578.4722,9937.696,Latin America & Caribbean,17682454.0
Ecuador,2022,2574.2866,10124.076,Latin America & Caribbean,17823900.0
Egypt,1961,2165.137,1643.0,Africa,27600903.0
Egypt,1962,2248.2756,1712.0,Africa,28337017.0
Egypt,1963,2264.14,1785.0,Africa,29091868.0
Egypt,1964,2302.951,1859.0,Africa,29858925.0
Egypt,1965,2334.873,1934.0,Africa,30629174.0
Egypt,1966,2396.349,1900.0,Africa,31406543.0
Egypt,1967,2338.9028,1835.0,Africa,32196366.0
Egypt,1968,2382.2085,1827.0,Africa,32998322.0
Egypt,1969,2381.9902,1914.0,Africa,33811619.0
Egypt,1970,2384.7346,1999.0,Africa,34623990.0
Egypt,1971,2371.714,2045.0,Africa,35433370.0
Egypt,1972,2411.178,2047.0,Africa,36258327.0
Egypt,1973,2450.2341,2063.0,Africa,37102044.0
Egypt,1974,2490.5493,2099.0,Africa,37969667.0
Egypt,1975,2522.7407,2265.0,Africa,38875326.0
Egypt,1976,2603.544,2560.0,Africa,39795558.0
Egypt,1977,2642.4397,2817.0,Africa,40748878.0
Egypt,1978,2732.064,2939.0,Africa,41761437.0
Egypt,1979,2849.413,3076.0,Africa,42818635.0
Egypt,1980,2920.808,3298.0,Africa,43950413.0
Egypt,1981,3055.1133,3309.0,Africa,45147226.0
Egypt,1982,3102.5173,3543.0,Africa,46407612.0
Egypt,1983,3070.2405,3701.0,Africa,47786401.0
Egypt,1984,3053.441,3810.0,Africa,49247336.0
Egypt,1985,3045.5312,3939.0,Africa,50734974.0
Egypt,1986,3022.2263,3921.0,Africa,52206296.0
Egypt,1987,3083.5662,3929.0,Africa,53674436.0
Egypt,1988,3061.3066,4001.0,Africa,55187680.0
Egypt,1989,3023.6467,4030.0,Africa,56710641.0
Egypt,1990,3068.8074,4022.0,Africa,58396625.0
Egypt,1991,3031.4905,4180.133,Africa,60029001.0
Egypt,1992,3014.41,4338.9536,Africa,61480663.0
Egypt,1993,3013.6792,4542.6323,Africa,62915681.0
Egypt,1994,3053.5002,4746.5884,Africa,64285596.0
Egypt,1995,3088.5579,5001.067,Africa,65652621.0
Egypt,1996,3088.2173,5293.1006,Africa,67028045.0
Egypt,1997,3098.8389,5594.597,Africa,68431738.0
Egypt,1998,3059.285,5884.802,Africa,69943297.0
Egypt,1999,3054.6138,6211.0156,Africa,71520953.0
Egypt,2000,3047.8845,6593.5317,Africa,73083287.0
Egypt,2001,3068.884,6914.937,Africa,74652035.0
Egypt,2002,3076.5366,7142.6865,Africa,76239140.0
Egypt,2003,3013.488,7365.8027,Africa,77853548.0
Egypt,2004,2939.0178,7661.86,Africa,79477441.0
Egypt,2005,2979.9446,8021.8833,Africa,81101012.0
Egypt,2006,2991.116,8509.614,Africa,82700404.0
Egypt,2007,3034.3357,9130.598,Africa,84276224.0
Egypt,2008,3068.3948,9698.017,Africa,85864791.0
Egypt,2009,3019.1753,10159.002,Africa,87501635.0
Egypt,2010,3219.5012,10719.291,Africa,89196073.0
Egypt,2011,3182.4023,10737.0,Africa,91093066.0
Egypt,2012,3189.3735,10774.53,Africa,93161000.0
Egypt,2013,3143.367,10871.145,Africa,95333551.0
Egypt,2014,3123.245,11135.728,Africa,97528655.0
Egypt,2015,3128.2263,11312.848,Africa,99597334.0
Egypt,2016,3079.8733,11458.447,Africa,101644583.0
Egypt,2017,3091.855,11545.594,Africa,103696055.0
Egypt,2018,3061.431,11895.312,Africa,105682092.0
Egypt,2019,3082.315,12300.201,Africa,107553159.0
Egypt,2020,3098.2053,12234.504,Africa,109315118.0
Egypt,2021,3067.784,12868.262,Africa,110957005.0
Egypt,2022,3071.079,13205.406,Africa,112618252.0
El Salvador,1961,1568.9514,2821.0,Latin America & Caribbean,2870022.0
El Salvador,1962,1611.9773,3062.0,Latin America & Caribbean,2949211.0
El Salvador,1963,1659.9817,3096.0,Latin America & Caribbean,3028678.0
El Salvador,1964,1642.2882,3282.0,Latin America & Caribbean,3111893.0
El Salvador,1965,1720.6166,3351.0,Latin America & Caribbean,3199474.0
El Salvador,1966,1730.4265,3464.0,Latin America & Caribbean,3290962.0
El Salvador,1967,1750.8962,3534.0,Latin America & Caribbean,3385192.0
El Salvador,1968,1780.3,3524.0,Latin America & Caribbean,3480775.0
El Salvador,1969,1772.0032,3520.0,Latin America & Caribbean,3576488.0
El Salvador,1970,1775.9447,3488.0,Latin America & Caribbean,3668799.0
El Salvador,1971,1832.4852,3553.0,Latin America & Caribbean,3757531.0
El Salvador,1972,1832.4207,3668.0,Latin America & Caribbean,3846835.0
El Salvador,1973,1890.7908,3767.0,Latin America & Caribbean,3938073.0
El Salvador,1974,1942.3909,3912.0,Latin America & Caribbean,4029675.0
El Salvador,1975,2088.0374,4030.0,Latin America & Caribbean,4120451.0
El Salvador,1976,2120.223,4084.0,Latin America & Caribbean,4210312.0
El Salvador,1977,2164.2793,4221.0,Latin America & Caribbean,4301259.0
El Salvador,1978,2198.7307,4375.0,Latin America & Caribbean,4394126.0
El Salvador,1979,2261.1433,4194.0,Latin America & Caribbean,4480389.0
El Salvador,1980,2305.669,3781.0,Latin America & Caribbean,4540377.0
El Salvador,1981,2363.581,3507.0,Latin America & Caribbean,4570602.0
El Salvador,1982,2330.527,3339.0,Latin America & Caribbean,4622478.0
El Salvador,1983,2306.9553,3330.0,Latin America & Caribbean,4707368.0
El Salvador,1984,2324.9136,3357.0,Latin America & Caribbean,4798003.0
El Salvador,1985,2290.0183,3366.0,Latin America & Caribbean,4894703.0
El Salvador,1986,2213.2834,3327.0,Latin America & Caribbean,4992772.0
El Salvador,1987,2186.7002,3351.0,Latin America & Caribbean,5092443.0
El Salvador,1988,2227.7874,3344.0,Latin America & Caribbean,5195828.0
El Salvador,1989,2243.2375,3322.0,Latin America & Caribbean,5298977.0
El Salvador,1990,2284.1802,3378.0,Latin America & Caribbean,5399728.0
El Salvador,1991,2375.3152,3493.5762,Latin America & Caribbean,5495081.0
El Salvador,1992,2377.8079,3750.5173,Latin America & Caribbean,5585611.0
El Salvador,1993,2357.4814,4052.9578,Latin America & Caribbean,5659959.0
El Salvador,1994,2363.9543,4316.398,Latin America & Caribbean,5714138.0
El Salvador,1995,2386.1323,4592.2837,Latin America & Caribbean,5762135.0
El Salvador,1996,2404.7097,4671.339,Latin America & Caribbean,5805286.0
El Salvador,1997,2432.3296,4882.68,Latin America & Caribbean,5844578.0
El Salvador,1998,2437.8782,5077.892,Latin America & Caribbean,5880786.0
El Salvador,1999,2417.1528,5263.8867,Latin America & Caribbean,5913908.0
El Salvador,2000,2547.6853,5403.715,Latin America & Caribbean,5943363.0
El Salvador,2001,2635.4602,5550.187,Latin America & Caribbean,5968058.0
El Salvador,2002,2652.435,5751.0605,Latin America & Caribbean,5986629.0
El Salvador,2003,2610.1626,5957.201,Latin America & Caribbean,5998597.0
El Salvador,2004,2586.3772,6145.98,Latin America & Caribbean,6004673.0
El Salvador,2005,2599.8613,6441.4956,Latin America & Caribbean,6005583.0
El Salvador,2006,2617.649,6782.2314,Latin America & Caribbean,6002321.0
El Salvador,2007,2614.3242,7139.182,Latin America & Caribbean,6009820.0
El Salvador,2008,2626.3816,7312.656,Latin America & Caribbean,6029302.0
El Salvador,2009,2631.3318,7166.159,Latin America & Caribbean,6048284.0
El Salvador,2010,2627.8147,7351.1147,Latin America & Caribbean,6068253.0
El Salvador,2011,2630.3284,7607.0,Latin America & Caribbean,6090128.0
El Salvador,2012,2650.826,7726.0,Latin America & Caribbean,6113977.0
El Salvador,2013,2640.2742,7845.0,Latin America & Caribbean,6138845.0
El Salvador,2014,2644.1943,7935.0,Latin America & Caribbean,6162952.0
El Salvador,2015,2649.6135,8109.0,Latin America & Caribbean,6183675.0
El Salvador,2016,2697.3887,8289.273,Latin America & Caribbean,6200808.0
El Salvador,2017,2750.7534,8454.2,Latin America & Caribbean,6213538.0
El Salvador,2018,2785.5823,8644.79,Latin America & Caribbean,6219803.0
El Salvador,2019,2848.1704,8849.834,Latin America & Caribbean,6222316.0
El Salvador,2020,2798.5063,8137.9746,Latin America & Caribbean,6234679.0
El Salvador,2021,2828.6477,9017.392,Latin America & Caribbean,6255780.0
El Salvador,2022,2861.1096,9218.905,Latin America & Caribbean,6280316.0
Estonia,1992,2487.8804,13214.388,Europe,1540214.0
Estonia,1993,2553.1501,12207.185,Europe,1504344.0
Estonia,1994,2665.3096,12070.061,Europe,1475716.0
Estonia,1995,2883.2144,12881.278,Europe,1452774.0
Estonia,1996,3014.7966,13547.661,Europe,1434655.0
Estonia,1997,2961.0825,15074.775,Europe,1421494.0
Estonia,1998,2909.0947,15593.005,Europe,1411206.0
Estonia,1999,3048.8936,15335.106,Europe,1403578.0
Estonia,2000,2982.3171,16806.975,Europe,1397001.0
Estonia,2001,2977.5964,17696.61,Europe,1388174.0
Estonia,2002,2973.6487,18589.15,Europe,1379438.0
Estonia,2003,3002.5815,19771.742,Europe,1370849.0
Estonia,2004,3010.6511,20803.758,Europe,1362682.0
Estonia,2005,3097.2317,22518.541,Europe,1354847.0
Estonia,2006,3136.6873,24578.816,Europe,1346885.0
Estonia,2007,3155.4097,26177.871,Europe,1340709.0
Estonia,2008,3240.9507,24429.021,Europe,1337078.0
Estonia,2009,3268.904,20538.049,Europe,1334528.0
Estonia,2010,3235.6287,20713.426,Europe,1331450.0
Estonia,2011,3222.5454,21997.0,Europe,1327366.0
Estonia,2012,3156.9153,22784.3,Europe,1322615.0
Estonia,2013,3180.9248,23204.111,Europe,1317920.0
Estonia,2014,3177.2166,23982.828,Europe,1314457.0
Estonia,2015,3133.8706,24473.66,Europe,1314580.0
Estonia,2016,3106.989,25196.154,Europe,1315850.0
Estonia,2017,3104.813,26661.627,Europe,1317430.0
Estonia,2018,3200.3108,27596.41,Europe,1321972.0
Estonia,2019,3253.6946,28505.604,Europe,1326822.0
Estonia,2020,3246.856,28261.582,Europe,1329675.0
Estonia,2021,3244.4922,30499.156,Europe,1331750.0
Estonia,2022,3238.8308,30067.395,Europe,1350093.0
Eswatini,1961,2252.7961,861.0,Africa,353265.0
Eswatini,1962,2213.971,1017.0,Africa,361376.0
Eswatini,1963,2156.401,1047.0,Africa,369768.0
Eswatini,1964,2134.1836,1172.0,Africa,378660.0
Eswatini,1965,2185.3933,1320.0,Africa,388342.0
Eswatini,1966,2171.0571,1341.0,Africa,398773.0
Eswatini,1967,2105.018,1431.0,Africa,409044.0
Eswatini,1968,2254.2024,1329.0,Africa,419154.0
Eswatini,1969,2255.39,1350.0,Africa,429884.0
Eswatini,1970,2318.8364,1704.0,Africa,441223.0
Eswatini,1971,2297.0662,1722.0,Africa,453192.0
Eswatini,1972,2302.286,1889.0,Africa,465791.0
Eswatini,1973,2404.2832,1902.0,Africa,479043.0
Eswatini,1974,2422.4104,2204.0,Africa,493004.0
Eswatini,1975,2472.5977,2856.0,Africa,507675.0
Eswatini,1976,2535.966,3142.0,Africa,523339.0
Eswatini,1977,2399.0798,3083.0,Africa,540353.0
Eswatini,1978,2435.974,3030.0,Africa,558446.0
Eswatini,1979,2407.0613,2990.0,Africa,577208.0
Eswatini,1980,2396.2058,2946.0,Africa,596657.0
Eswatini,1981,2399.1643,3049.0,Africa,616816.0
Eswatini,1982,2449.1514,3005.0,Africa,637656.0
Eswatini,1983,2399.5066,2888.0,Africa,658958.0
Eswatini,1984,2450.1536,2858.0,Africa,680790.0
Eswatini,1985,2381.9321,2812.0,Africa,706204.0
Eswatini,1986,2429.8728,3210.0,Africa,734736.0
Eswatini,1987,2428.0923,3403.0,Africa,763812.0
Eswatini,1988,2419.6067,3492.0,Africa,799806.0
Eswatini,1989,2441.8447,3668.0,Africa,837810.0
Eswatini,1990,2306.7778,3881.0,Africa,872436.0
Eswatini,1991,2231.6787,3851.2898,Africa,908193.0
Eswatini,1992,2234.808,3901.4001,Africa,943426.0
Eswatini,1993,2175.5105,3982.2793,Africa,971327.0
Eswatini,1994,2238.4524,4134.208,Africa,971221.0
Eswatini,1995,2196.0361,4383.6777,Africa,970439.0
Eswatini,1996,2206.144,4514.5493,Africa,989847.0
Eswatini,1997,2156.756,4620.9185,Africa,1006647.0
Eswatini,1998,2195.9385,4712.536,Africa,1019657.0
Eswatini,1999,2302.8274,4827.286,Africa,1030785.0
Eswatini,2000,2401.9558,4894.5205,Africa,1041428.0
Eswatini,2001,2366.6924,4976.905,Africa,1051066.0
Eswatini,2002,2438.814,5136.7246,Africa,1059456.0
Eswatini,2003,2484.6284,5377.5576,Africa,1066706.0
Eswatini,2004,2519.2234,5559.47,Africa,1073170.0
Eswatini,2005,2429.1072,5867.2334,Africa,1079022.0
Eswatini,2006,2396.947,6187.766,Africa,1084442.0
Eswatini,2007,2403.7947,6467.8203,Africa,1090713.0
Eswatini,2008,2371.8994,6791.392,Africa,1098098.0
Eswatini,2009,2389.0938,7011.095,Africa,1105158.0
Eswatini,2010,2146.032,7192.752,Africa,1111651.0
Eswatini,2011,2203.4524,7389.0,Africa,1117845.0
Eswatini,2012,2275.5012,7552.0,Africa,1123870.0
Eswatini,2013,2370.0564,7805.0,Africa,1130000.0
Eswatini,2014,2403.9097,7927.0,Africa,1136305.0
Eswatini,2015,2387.1418,7969.0,Africa,1142822.0
Eswatini,2016,2390.8203,7993.1494,Africa,1149516.0
Eswatini,2017,2417.5454,8092.3403,Africa,1158198.0
Eswatini,2018,2478.9656,8219.499,Africa,1168933.0
Eswatini,2019,2465.2427,8375.426,Africa,1179885.0
Eswatini,2020,2510.3267,8167.6895,Africa,1192734.0
Eswatini,2021,2518.8599,8725.725,Africa,1206598.0
Eswatini,2022,2517.1543,8522.45,Africa,1218921.0
Ethiopia,1993,1498.148,699.22723,Africa,53708892.0
Ethiopia,1994,1533.5673,731.7509,Africa,55611514.0
Ethiopia,1995,1556.9838,744.1418,Africa,57537340.0
Ethiopia,1996,1636.8369,782.99414,Africa,59467640.0
Ethiopia,1997,1661.497,815.14545,Africa,61404541.0
Ethiopia,1998,1657.17,786.279,Africa,63363523.0
Ethiopia,1999,1694.8885,761.90326,Africa,65374561.0
Ethiopia,2000,1749.2396,771.7315,Africa,67411496.0
Ethiopia,2001,1788.7084,783.89636,Africa,69487767.0
Ethiopia,2002,1800.5608,793.9149,Africa,71635521.0
Ethiopia,2003,1836.9805,764.52826,Africa,73832664.0
Ethiopia,2004,1832.2466,771.4652,Africa,76077211.0
Ethiopia,2005,1922.4598,829.2432,Africa,78367476.0
Ethiopia,2006,1908.1998,880.6544,Africa,80703495.0
Ethiopia,2007,1894.3074,936.3743,Africa,83103218.0
Ethiopia,2008,1949.0533,989.9804,Africa,85543670.0
Ethiopia,2009,1978.0962,1043.5319,Africa,88007641.0
Ethiopia,2010,2180.7239,1106.383,Africa,90538518.0
Ethiopia,2011,2195.9424,1199.0,Africa,93149977.0
Ethiopia,2012,2246.1848,1291.7769,Africa,95798771.0
Ethiopia,2013,2306.1084,1385.158,Africa,98438752.0
Ethiopia,2014,2342.2273,1488.9333,Africa,101115615.0
Ethiopia,2015,2411.3474,1601.2638,Africa,103867140.0
Ethiopia,2016,2425.1504,1722.3092,Africa,106718163.0
Ethiopia,2017,2449.9873,1840.3696,Africa,109666482.0
Ethiopia,2018,2416.4385,1936.8275,Africa,112664157.0
Ethiopia,2019,2376.935,2030.6775,Africa,115737384.0
Ethiopia,2020,2421.1355,2121.8591,Africa,118917670.0
Ethiopia,2021,2426.005,2190.6753,Africa,122138588.0
Ethiopia,2022,2441.0837,2289.409,Africa,125384285.0
Finland,1961,3266.4653,10613.0,Europe,4460998.0
Finland,1962,3153.2876,10869.0,Europe,4491739.0
Finland,1963,3072.3906,11148.0,Europe,4523897.0
Finland,1964,3089.8984,11647.0,Europe,4549092.0
Finland,1965,3123.5815,12226.0,Europe,4564150.0
Finland,1966,3136.953,12471.0,Europe,4581446.0
Finland,1967,3051.9255,12667.0,Europe,4606642.0
Finland,1968,3043.5637,12900.0,Europe,4627352.0
Finland,1969,3161.6812,14151.0,Europe,4624083.0
Finland,1970,3128.47,15266.0,Europe,4606308.0
Finland,1971,3145.3923,15565.0,Europe,4612135.0
Finland,1972,3159.7087,16654.0,Europe,4639548.0
Finland,1973,3200.1187,17669.0,Europe,4665909.0
Finland,1974,3154.0984,18109.0,Europe,4690366.0
Finland,1975,3204.883,18237.0,Europe,4711172.0
Finland,1976,3147.1052,18104.0,Europe,4725340.0
Finland,1977,3045.2693,18100.0,Europe,4738581.0
Finland,1978,3039.5647,18425.0,Europe,4752243.0
Finland,1979,3007.0928,19657.0,Europe,4764437.0
Finland,1980,3093.7683,20640.0,Europe,4779358.0
Finland,1981,3025.7253,20935.0,Europe,4799849.0
Finland,1982,3108.4307,21495.0,Europe,4826884.0
Finland,1983,2987.282,21944.0,Europe,4855791.0
Finland,1984,3000.2615,22486.0,Europe,4881827.0
Finland,1985,2962.8416,23148.0,Europe,4902262.0
Finland,1986,2965.6536,23621.0,Europe,4918256.0
Finland,1987,2944.829,24519.0,Europe,4932257.0
Finland,1988,3101.3638,25644.0,Europe,4946629.0
Finland,1989,3230.2595,27012.0,Europe,4964525.0
Finland,1990,3145.2673,26884.0,Europe,4986576.0
Finland,1991,3103.9705,25174.898,Europe,5013889.0
Finland,1992,3185.4795,24219.76,Europe,5042145.0
Finland,1993,3034.6458,23943.744,Europe,5066594.0
Finland,1994,2987.5586,24797.66,Europe,5088454.0
Finland,1995,3031.048,25761.625,Europe,5107919.0
Finland,1996,3017.7566,26637.266,Europe,5124715.0
Finland,1997,3150.6575,28239.875,Europe,5139927.0
Finland,1998,3176.664,29715.342,Europe,5153545.0
Finland,1999,3172.683,30986.889,Europe,5165516.0
Finland,2000,3150.8801,32689.77,Europe,5176197.0
Finland,2001,3171.0183,33481.68,Europe,5187970.0
Finland,2002,3151.668,33986.555,Europe,5200548.0
Finland,2003,3154.0254,34607.22,Europe,5212958.0
Finland,2004,3187.9104,35888.613,Europe,5228147.0
Finland,2005,3200.9524,36787.258,Europe,5246078.0
Finland,2006,3238.077,38160.703,Europe,5266248.0
Finland,2007,3283.0378,39998.523,Europe,5288715.0
Finland,2008,3238.8142,40129.652,Europe,5313379.0
Finland,2009,3236.1162,36662.613,Europe,5338854.0
Finland,2010,3158.1846,37615.113,Europe,5363347.0
Finland,2011,3182.491,38432.0,Europe,5388236.0
Finland,2012,3256.259,37715.01,Europe,5413978.0
Finland,2013,3236.6487,37203.145,Europe,5439057.0
Finland,2014,3231.8345,36907.92,Europe,5461686.0
Finland,2015,3228.6074,36986.7,Europe,5479719.0
Finland,2016,3258.693,37924.152,Europe,5495468.0
Finland,2017,3259.6975,39043.19,Europe,5508398.0
Finland,2018,3308.3982,39430.906,Europe,5515730.0
Finland,2019,3333.3508,39874.8,Europe,5521754.0
Finland,2020,3352.9016,38871.703,Europe,5529616.0
Finland,2021,3328.0767,39977.855,Europe,5541069.0
Finland,2022,3360.3848,40701.465,Europe,5569300.0
France,1961,3154.915,12302.0,Europe,46893841.0
France,1962,3233.188,12859.0,Europe,47352626.0
France,1963,3223.2761,13330.0,Europe,47817823.0
France,1964,3219.661,14057.0,Europe,48319087.0
France,1965,3239.7065,14609.0,Europe,48772824.0
France,1966,3228.709,15213.0,Europe,49184651.0
France,1967,3286.602,15792.0,Europe,49574907.0
France,1968,3284.104,16365.0,Europe,49947252.0
France,1969,3283.3936,17352.0,Europe,50355300.0
France,1970,3298.9036,18187.0,Europe,50813071.0
France,1971,3276.458,18881.0,Europe,51293056.0
France,1972,3243.3071,19549.0,Europe,51743877.0
France,1973,3259.5237,20441.0,Europe,52162210.0
France,1974,3267.4043,20902.0,Europe,52504744.0
France,1975,3244.7458,20653.0,Europe,52746324.0
France,1976,3283.4775,21465.0,Europe,52959120.0
France,1977,3344.2056,22177.0,Europe,53197133.0
France,1978,3387.2114,22698.0,Europe,53429668.0
France,1979,3382.2808,23326.0,Europe,53660898.0
France,1980,3374.996,23537.0,Europe,53941061.0
France,1981,3413.7249,23655.0,Europe,54255004.0
France,1982,3413.2744,24120.0,Europe,54582405.0
France,1983,3450.2446,24300.0,Europe,54889407.0
France,1984,3439.779,24519.0,Europe,55176626.0
France,1985,3482.6594,24755.0,Europe,55467153.0
France,1986,3459.5886,25238.0,Europe,55752833.0
France,1987,3528.646,25756.0,Europe,56048366.0
France,1988,3556.1567,26763.0,Europe,56361846.0
France,1989,3549.408,27576.0,Europe,56685081.0
France,1990,3497.1265,28129.0,Europe,56990239.0
France,1991,3530.2688,28294.264,Europe,57271564.0
France,1992,3535.689,28619.805,Europe,57554867.0
France,1993,3528.8245,28336.16,Europe,57801261.0
France,1994,3499.413,28907.977,Europe,57999868.0
France,1995,3522.8738,29418.863,Europe,58192207.0
France,1996,3509.0762,29736.645,Europe,58380638.0
France,1997,3537.8757,30341.807,Europe,58568662.0
France,1998,3584.27,31323.078,Europe,58778817.0
France,1999,3592.4587,32284.611,Europe,59084209.0
France,2000,3588.5933,33409.68,Europe,59483716.0
France,2001,3621.5203,33920.098,Europe,59905131.0
France,2002,3639.077,34152.773,Europe,60327247.0
France,2003,3574.4146,34292.03,Europe,60741119.0
France,2004,3544.9907,35093.824,Europe,61175244.0
France,2005,3527.664,35495.465,Europe,61625031.0
France,2006,3501.4033,36166.16,Europe,62049831.0
France,2007,3453.7065,36845.684,Europe,62432438.0
France,2008,3538.1497,36761.793,Europe,62780187.0
France,2009,3517.78,35534.926,Europe,63106460.0
France,2010,3502.2107,36086.727,Europe,63417366.0
France,2011,3489.1448,36691.0,Europe,63733776.0
France,2012,3453.0413,36625.926,Europe,64058465.0
France,2013,3458.1497,36647.22,Europe,64387736.0
France,2014,3423.4922,36818.54,Europe,64692495.0
France,2015,3410.8108,37077.89,Europe,64916337.0
France,2016,3453.6045,37343.84,Europe,65086853.0
France,2017,3457.092,38037.336,Europe,65284775.0
France,2018,3442.4482,38555.465,Europe,65519537.0
France,2019,3463.752,39084.656,Europe,65729460.0
France,2020,3489.1384,35913.82,Europe,65905273.0
France,2021,3493.231,38242.133,Europe,66083547.0
France,2022,3505.4783,39065.71,Europe,66277412.0
Gabon,1961,1856.4198,4415.0,Africa,518275.0
Gabon,1962,1868.5272,4497.0,Africa,524656.0
Gabon,1963,1823.373,4599.0,Africa,531459.0
Gabon,1964,1816.5891,4616.0,Africa,538665.0
Gabon,1965,1829.7482,4626.0,Africa,546320.0
Gabon,1966,1864.1083,4761.0,Africa,554471.0
Gabon,1967,1913.0123,4882.0,Africa,563114.0
Gabon,1968,1964.7297,4927.0,Africa,572267.0
Gabon,1969,1919.0995,5252.0,Africa,583284.0
Gabon,1970,1927.563,5587.0,Africa,595856.0
Gabon,1971,1957.0498,6027.0,Africa,608355.0
Gabon,1972,1922.8237,6559.0,Africa,620968.0
Gabon,1973,1909.2797,6935.0,Africa,634003.0
Gabon,1974,2066.67,9083.0,Africa,647699.0
Gabon,1975,2152.8076,9985.0,Africa,662205.0
Gabon,1976,2171.7217,12747.0,Africa,677631.0
Gabon,1977,2229.0466,10849.0,Africa,693994.0
Gabon,1978,2284.8296,8013.0,Africa,711250.0
Gabon,1979,2208.5168,8091.0,Africa,729380.0
Gabon,1980,2204.9827,8402.0,Africa,748395.0
Gabon,1981,2203.7979,8625.0,Africa,768394.0
Gabon,1982,2277.6035,8099.0,Africa,789291.0
Gabon,1983,2333.6123,8281.0,Africa,811007.0
Gabon,1984,2396.081,8612.0,Africa,833501.0
Gabon,1985,2373.6714,8131.0,Africa,856737.0
Gabon,1986,2383.9705,7818.0,Africa,880706.0
Gabon,1987,2339.1855,6320.0,Africa,905481.0
Gabon,1988,2396.3318,6982.0,Africa,931023.0
Gabon,1989,2379.6062,7422.0,Africa,957147.0
Gabon,1990,2267.047,7646.0,Africa,983740.0
Gabon,1991,2462.2896,8296.574,Africa,1010821.0
Gabon,1992,2404.213,8194.499,Africa,1038386.0
Gabon,1993,2439.9158,8551.059,Africa,1066404.0
Gabon,1994,2369.126,9192.5625,Africa,1094724.0
Gabon,1995,2449.0122,9833.989,Africa,1123212.0
Gabon,1996,2535.6426,10389.21,Africa,1152018.0
Gabon,1997,2527.212,11202.839,Africa,1181445.0
Gabon,1998,2560.8157,11758.16,Africa,1211744.0
Gabon,1999,2608.444,10648.09,Africa,1243023.0
Gabon,2000,2610.437,10637.8,Africa,1275578.0
Gabon,2001,2582.6516,11104.553,Africa,1309594.0
Gabon,2002,2525.7854,11141.463,Africa,1345142.0
Gabon,2003,2533.27,11665.832,Africa,1382354.0
Gabon,2004,2535.5383,12022.507,Africa,1421620.0
Gabon,2005,2558.2354,12437.96,Africa,1463503.0
Gabon,2006,2544.3289,12342.779,Africa,1508338.0
Gabon,2007,2520.6985,13455.612,Africa,1556242.0
Gabon,2008,2448.011,13330.255,Africa,1607182.0
Gabon,2009,2467.4185,13617.896,Africa,1661567.0
Gabon,2010,2691.998,14926.699,Africa,1719883.0
Gabon,2011,2738.5225,16403.0,Africa,1781987.0
Gabon,2012,2757.0295,16682.309,Africa,1846893.0
Gabon,2013,2741.242,16964.445,Africa,1913061.0
Gabon,2014,2739.5564,17098.143,Africa,1978400.0
Gabon,2015,2735.8518,17180.0,Africa,2040990.0
Gabon,2016,2660.409,16995.238,Africa,2100310.0
Gabon,2017,2611.8518,16576.176,Africa,2156902.0
Gabon,2018,2630.4973,16253.897,Africa,2212320.0
Gabon,2019,2576.5503,16449.715,Africa,2267711.0
Gabon,2020,2584.644,15745.749,Africa,2322538.0
Gabon,2021,2546.9465,15597.771,Africa,2376729.0
Gabon,2022,2507.9507,15720.901,Africa,2430750.0
Gambia,1961,1907.416,1318.0,Africa,408937.0
Gambia,1962,1900.9403,1262.0,Africa,420171.0
Gambia,1963,1906.4122,1232.0,Africa,431766.0
Gambia,1964,1893.5728,1274.0,Africa,443693.0
Gambia,1965,2015.7295,1368.0,Africa,455960.0
Gambia,1966,1936.7034,1545.0,Africa,468524.0
Gambia,1967,1972.0348,1548.0,Africa,481598.0
Gambia,1968,1986.024,1519.0,Africa,495278.0
Gambia,1969,1982.1177,1629.0,Africa,509443.0
Gambia,1970,1907.8618,1422.0,Africa,524115.0
Gambia,1971,1938.4346,1376.0,Africa,539394.0
Gambia,1972,1776.3964,1334.0,Africa,555380.0
Gambia,1973,1768.95,1411.0,Africa,572006.0
Gambia,1974,1677.5247,1452.0,Africa,589093.0
Gambia,1975,1553.1377,1497.0,Africa,606829.0
Gambia,1976,1579.7007,1436.0,Africa,625678.0
Gambia,1977,1561.6812,1417.0,Africa,645781.0
Gambia,1978,1613.4742,1446.0,Africa,667107.0
Gambia,1979,1607.1359,1360.0,Africa,689783.0
Gambia,1980,1657.3767,1325.0,Africa,713921.0
Gambia,1981,1721.614,1521.0,Africa,739132.0
Gambia,1982,1755.9049,1581.0,Africa,765759.0
Gambia,1983,1821.1442,1482.0,Africa,794528.0
Gambia,1984,1852.6151,1462.0,Africa,825634.0
Gambia,1985,2021.5933,1451.0,Africa,858879.0
Gambia,1986,2193.7107,1422.0,Africa,894019.0
Gambia,1987,2157.0054,1406.0,Africa,931102.0
Gambia,1988,2134.9539,1417.0,Africa,970162.0
Gambia,1989,2099.3467,1407.0,Africa,1011367.0
Gambia,1990,2192.7253,1400.0,Africa,1054703.0
Gambia,1991,2196.5835,1390.705,Africa,1099960.0
Gambia,1992,2136.9382,1391.4054,Africa,1145583.0
Gambia,1993,2092.557,1385.5908,Africa,1188372.0
Gambia,1994,2011.0769,1345.035,Africa,1227233.0
Gambia,1995,2017.6364,1317.2426,Africa,1264320.0
Gambia,1996,2013.596,1336.8473,Africa,1301421.0
Gambia,1997,2084.1409,1308.4867,Africa,1338898.0
Gambia,1998,1983.8597,1324.9244,Africa,1376994.0
Gambia,1999,2116.7153,1385.6318,Africa,1415786.0
Gambia,2000,2187.5615,1440.8619,Africa,1455095.0
Gambia,2001,2136.4937,1495.0918,Africa,1495023.0
Gambia,2002,2089.3958,1473.4006,Africa,1535700.0
Gambia,2003,2099.2363,1478.9562,Africa,1577619.0
Gambia,2004,2116.364,1585.7992,Africa,1621309.0
Gambia,2005,2105.027,1541.6116,Africa,1667035.0
Gambia,2006,2070.9993,1530.6844,Africa,1715285.0
Gambia,2007,2195.075,1557.8474,Africa,1765778.0
Gambia,2008,2247.392,1618.4445,Africa,1817859.0
Gambia,2009,2280.0706,1692.6423,Africa,1871428.0
Gambia,2010,2678.4893,1772.7268,Africa,1926634.0
Gambia,2011,2655.3083,1669.0,Africa,1983785.0
Gambia,2012,2642.5776,1725.0,Africa,2043097.0
Gambia,2013,2608.818,1767.0,Africa,2103825.0
Gambia,2014,2562.0273,1743.0,Africa,2164535.0
Gambia,2015,2577.0518,1786.0,Africa,2224530.0
Gambia,2016,2556.3252,1770.3645,Africa,2283775.0
Gambia,2017,2568.7195,1805.8812,Africa,2342191.0
Gambia,2018,2487.1797,1886.0532,Africa,2399633.0
Gambia,2019,2526.8455,1952.326,Africa,2456847.0
Gambia,2020,2496.564,1914.1969,Africa,2515744.0
Gambia,2021,2492.896,1964.4937,Africa,2576015.0
Gambia,2022,2516.9207,2010.5322,Africa,2636472.0
Georgia,1992,1946.8693,5286.925,Asia,5294186.0
Georgia,1993,1941.4291,3792.6177,Asia,5178784.0
Georgia,1994,1999.5557,3463.476,Asia,5046267.0
Georgia,1995,2456.482,3610.8408,Asia,4925742.0
Georgia,1996,2637.6804,4030.8848,Asia,4812774.0
Georgia,1997,2775.8167,4480.898,Asia,4695359.0
Georgia,1998,2768.6045,4619.905,Asia,4576447.0
Georgia,1999,2810.2778,4763.3506,Asia,4455581.0
Georgia,2000,2812.405,4891.664,Asia,4328361.0
Georgia,2001,2934.007,5125.1274,Asia,4209641.0
Georgia,2002,3079.203,5406.953,Asia,4127854.0
Georgia,2003,3200.1458,6013.0093,Asia,4085489.0
Georgia,2004,3230.3462,6342.708,Asia,4056076.0
Georgia,2005,3315.568,6849.789,Asia,4026135.0
Georgia,2006,3186.057,7398.0527,Asia,3996584.0
Georgia,2007,3235.0605,8300.144,Asia,3967592.0
Georgia,2008,3331.1433,8461.917,Asia,3941192.0
Georgia,2009,3309.508,8062.084,Asia,3918935.0
Georgia,2010,2766.8596,8443.437,Asia,3895932.0
Georgia,2011,2791.0579,8946.0,Asia,3868724.0
Georgia,2012,2812.646,9497.121,Asia,3839208.0
Georgia,2013,2830.7524,9856.679,Asia,3809128.0
Georgia,2014,2853.367,10307.604,Asia,3792921.0
Georgia,2015,2932.3164,10629.594,Asia,3791570.0
Georgia,2016,2845.8594,10945.466,Asia,3792061.0
Georgia,2017,2846.3828,11479.426,Asia,3792860.0
Georgia,2018,2960.4644,12035.715,Asia,3794881.0
Georgia,2019,3036.4146,12631.664,Asia,3796722.0
Georgia,2020,3021.0083,11770.782,Asia,3795680.0
Georgia,2021,3022.0173,12994.772,Asia,3788450.0
Georgia,2022,3064.7148,14360.359,Asia,3794782.0
Germany,1961,2875.384,12675.0,Europe,73376114.0
Germany,1962,2936.8633,13106.0,Europe,73997000.0
Germany,1963,2920.6943,13367.0,Europe,74698003.0
Germany,1964,3009.043,14062.0,Europe,75313480.0
Germany,1965,3039.2795,14642.0,Europe,75966968.0
Germany,1966,3039.1267,14964.0,Europe,76611025.0
Germany,1967,3040.655,14979.0,Europe,76970794.0
Germany,1968,3107.0151,15723.0,Europe,77321280.0
Germany,1969,3081.2202,16641.0,Europe,77944022.0
Germany,1970,3143.8994,17277.0,Europe,78205103.0
Germany,1971,3156.5054,17657.0,Europe,78345876.0
Germany,1972,3181.8513,18301.0,Europe,78719924.0
Germany,1973,3196.6643,19074.0,Europe,78966975.0
Germany,1974,3139.9717,19228.0,Europe,78996691.0
Germany,1975,3158.2969,19193.0,Europe,78701861.0
Germany,1976,3242.2476,20218.0,Europe,78364503.0
Germany,1977,3198.867,20837.0,Europe,78185560.0
Germany,1978,3312.8723,21447.0,Europe,78115357.0
Germany,1979,3328.3977,22305.0,Europe,78147898.0
Germany,1980,3313.7297,22497.0,Europe,78315373.0
Germany,1981,3297.6558,22553.0,Europe,78448044.0
Germany,1982,3359.4895,22380.0,Europe,78393670.0
Germany,1983,3404.6384,22840.0,Europe,78224137.0
Germany,1984,3426.989,23564.0,Europe,77998197.0
Germany,1985,3468.3938,24133.0,Europe,77863423.0
Germany,1986,3455.4875,24657.0,Europe,77923806.0
Germany,1987,3435.5784,25027.0,Europe,78062321.0
Germany,1988,3457.675,25759.0,Europe,78385992.0
Germany,1989,3446.7156,26393.0,Europe,79007062.0
Germany,1990,3292.8718,25391.0,Europe,79707963.0
Germany,1991,3352.9104,26769.96,Europe,80303190.0
Germany,1992,3420.922,27385.055,Europe,80934901.0
Germany,1993,3231.0085,27250.701,Europe,81486771.0
Germany,1994,3251.3635,28140.057,Europe,81773613.0
Germany,1995,3293.687,28868.945,Europe,82019890.0
Germany,1996,3342.1208,29349.982,Europe,82263195.0
Germany,1997,3218.456,30186.945,Europe,82389631.0
Germany,1998,3344.6448,31129.584,Europe,82011933.0
Germany,1999,3351.7722,32087.604,Europe,81678279.0
Germany,2000,3405.9338,33367.285,Europe,81797255.0
Germany,2001,3430.6885,34260.29,Europe,81933882.0
Germany,2002,3494.5088,34590.93,Europe,82068328.0
Germany,2003,3459.2097,34716.44,Europe,82111619.0
Germany,2004,3483.975,35528.715,Europe,82092706.0
Germany,2005,3525.2373,36205.574,Europe,82046733.0
Germany,2006,3552.4583,38014.137,Europe,81701971.0
Germany,2007,3625.9336,39752.207,Europe,81298546.0
Germany,2008,3615.3943,40715.434,Europe,81110780.0
Germany,2009,3612.6182,38962.938,Europe,80935276.0
Germany,2010,3618.2969,41109.582,Europe,80830916.0
Germany,2011,3651.8833,43189.0,Europe,80857877.0
Germany,2012,3605.5693,43288.32,Europe,80916391.0
Germany,2013,3594.037,43359.137,Europe,81041581.0
Germany,2014,3577.4673,44132.758,Europe,81376078.0
Germany,2015,3590.451,44405.168,Europe,82077546.0
Germany,2016,3564.5898,45030.47,Europe,82760102.0
Germany,2017,3554.8835,46065.1,Europe,83104010.0
Germany,2018,3586.3186,46377.39,Europe,83368507.0
Germany,2019,3616.84,46761.945,Europe,83559184.0
Germany,2020,3629.2363,44996.43,Europe,83628711.0
Germany,2021,3607.7498,46159.05,Europe,83697080.0
Germany,2022,3573.1267,46647.793,Europe,84086227.0
Ghana,1961,1932.7804,2212.0,Africa,7162672.0
Ghana,1962,1873.5358,2257.0,Africa,7337378.0
Ghana,1963,1796.18,2270.0,Africa,7514721.0
Ghana,1964,1826.8141,2254.0,Africa,7695744.0
Ghana,1965,1831.2455,2220.0,Africa,7882609.0
Ghana,1966,1942.814,2158.0,Africa,8074529.0
Ghana,1967,2042.7686,2134.0,Africa,8271924.0
Ghana,1968,1973.8391,2101.0,Africa,8475734.0
Ghana,1969,1976.1969,2112.0,Africa,8690384.0
Ghana,1970,2067.908,2270.0,Africa,8925813.0
Ghana,1971,2060.472,2377.0,Africa,9176264.0
Ghana,1972,1987.5063,2235.0,Africa,9438189.0
Ghana,1973,2024.0688,2227.0,Africa,9714615.0
Ghana,1974,2057.068,2319.0,Africa,10000528.0
Ghana,1975,1928.3278,1988.0,Africa,10294312.0
Ghana,1976,1796.6704,1878.0,Africa,10594918.0
Ghana,1977,1593.1405,1882.0,Africa,10911869.0
Ghana,1978,1541.0359,2008.0,Africa,11248453.0
Ghana,1979,1479.3097,1929.0,Africa,11597251.0
Ghana,1980,1438.2825,1844.0,Africa,11941451.0
Ghana,1981,1432.1018,1820.0,Africa,12281722.0
Ghana,1982,1353.0026,1661.0,Africa,12643820.0
Ghana,1983,1394.1223,1487.0,Africa,13029841.0
Ghana,1984,1627.1012,1530.0,Africa,13370591.0
Ghana,1985,1662.5553,1559.0,Africa,13661237.0
Ghana,1986,1722.9072,1575.0,Africa,13965221.0
Ghana,1987,1831.2281,1605.0,Africa,14289110.0
Ghana,1988,1809.64,1648.0,Africa,14636577.0
Ghana,1989,1826.6874,1685.0,Africa,15006814.0
Ghana,1990,1643.0085,1693.0,Africa,15394650.0
Ghana,1991,1991.4413,1742.6276,Africa,15787495.0
Ghana,1992,2024.7126,1771.6003,Africa,16184863.0
Ghana,1993,2185.238,1791.1127,Africa,16589521.0
Ghana,1994,2222.9944,1813.6117,Africa,16993190.0
Ghana,1995,2264.7888,1856.5728,Africa,17399023.0
Ghana,1996,2291.4258,1907.9348,Africa,17810184.0
Ghana,1997,2306.8945,1964.9125,Africa,18238961.0
Ghana,1998,2333.6187,2017.9895,Africa,18688041.0
Ghana,1999,2366.4155,2066.7412,Africa,19149875.0
Ghana,2000,2406.1997,2100.293,Africa,19637085.0
Ghana,2001,2452.872,2143.1062,Africa,20167073.0
Ghana,2002,2534.1714,2192.0203,Africa,20729392.0
Ghana,2003,2544.3384,2256.8174,Africa,21296710.0
Ghana,2004,2555.3955,2329.5156,Africa,21868298.0
Ghana,2005,2620.4382,2411.2876,Africa,22449446.0
Ghana,2006,2690.072,2503.9578,Africa,23040704.0
Ghana,2007,2670.6548,2553.1658,Africa,23642284.0
Ghana,2008,2811.326,2725.7883,Africa,24249945.0
Ghana,2009,2889.2373,2793.8708,Africa,24862667.0
Ghana,2010,2942.2725,2946.0393,Africa,25475000.0
Ghana,2011,2915.4922,3283.0,Africa,26095091.0
Ghana,2012,2907.7068,3467.1042,Africa,26734273.0
Ghana,2013,2885.6648,3621.6008,Africa,27386193.0
Ghana,2014,2877.8162,3627.8384,Africa,28041592.0
Ghana,2015,2814.2153,3610.646,Africa,28696071.0
Ghana,2016,2793.776,3640.779,Africa,29356736.0
Ghana,2017,2888.473,3841.8796,Africa,30008364.0
Ghana,2018,2972.7722,3983.1216,Africa,30637592.0
Ghana,2019,3036.3162,4143.3774,Africa,31258943.0
Ghana,2020,3070.145,4069.252,Africa,31887802.0
Ghana,2021,3143.6902,4190.578,Africa,32518662.0
Ghana,2022,3132.9773,4242.4106,Africa,33149152.0
Greece,1961,2803.6038,5408.0,Europe,8447008.0
Greece,1962,2766.0977,5577.0,Europe,8473374.0
Greece,1963,2788.2822,6122.0,Europe,8488371.0
Greece,1964,2879.0298,6601.0,Europe,8504000.0
Greece,1965,2934.168,7187.0,Europe,8521368.0
Greece,1966,2952.842,7570.0,Europe,8579991.0
Greece,1967,3001.8223,7892.0,Europe,8655153.0
Greece,1968,3035.6992,8394.0,Europe,8717916.0
Greece,1969,3040.976,9191.0,Europe,8747069.0
Greece,1970,3162.2634,9900.0,Europe,8747778.0
Greece,1971,3187.95,10559.0,Europe,8787031.0
Greece,1972,3141.657,11795.0,Europe,8849379.0
Greece,1973,3427.1511,12202.0,Europe,8893404.0
Greece,1974,3370.9922,11716.0,Europe,8929111.0
Greece,1975,3353.1306,12309.0,Europe,9016969.0
Greece,1976,3320.2947,12919.0,Europe,9160211.0
Greece,1977,3337.1123,13158.0,Europe,9282025.0
Greece,1978,3347.4165,13860.0,Europe,9389966.0
Greece,1979,3341.151,14193.0,Europe,9526008.0
Greece,1980,3191.5515,14300.0,Europe,9653419.0
Greece,1981,3358.8853,14180.0,Europe,9754398.0
Greece,1982,3391.2957,14153.0,Europe,9837470.0
Greece,1983,3411.0083,14132.0,Europe,9911493.0
Greece,1984,3519.4836,14453.0,Europe,9978779.0
Greece,1985,3474.9568,14850.0,Europe,10037038.0
Greece,1986,3299.6973,15047.0,Europe,10088766.0
Greece,1987,3417.4468,14944.0,Europe,10134533.0
Greece,1988,3498.0305,15596.0,Europe,10177007.0
Greece,1989,3585.9338,16117.0,Europe,10218041.0
Greece,1990,3506.3567,15964.0,Europe,10258494.0
Greece,1991,3517.5254,16409.69,Europe,10306645.0
Greece,1992,3601.557,16545.963,Europe,10359895.0
Greece,1993,3562.771,16331.314,Europe,10412752.0
Greece,1994,3616.1665,16724.287,Europe,10466266.0
Greece,1995,3566.047,17148.197,Europe,10519233.0
Greece,1996,3572.4014,17719.557,Europe,10570083.0
Greece,1997,3585.044,18588.295,Europe,10622327.0
Greece,1998,3608.3757,19378.709,Europe,10675411.0
Greece,1999,3699.3545,20076.559,Europe,10727953.0
Greece,2000,3670.2683,20965.332,Europe,10782638.0
Greece,2001,3670.6052,21913.797,Europe,10843166.0
Greece,2002,3684.3486,22893.959,Europe,10890287.0
Greece,2003,3688.964,24380.066,Europe,10918467.0
Greece,2004,3748.7698,25780.385,Europe,10947369.0
Greece,2005,3612.8474,26091.523,Europe,10981340.0
Greece,2006,3496.6714,27731.111,Europe,11016107.0
Greece,2007,3517.7585,28822.916,Europe,11045737.0
Greece,2008,3520.946,28907.926,Europe,11076874.0
Greece,2009,3501.8235,27839.898,Europe,11108067.0
Greece,2010,3502.4998,26517.465,Europe,11124666.0
Greece,2011,3499.157,24349.0,Europe,11108838.0
Greece,2012,3490.9165,22746.207,Europe,11048291.0
Greece,2013,3506.883,22335.27,Europe,10967534.0
Greece,2014,3435.629,22591.598,Europe,10893169.0
Greece,2015,3402.749,22696.203,Europe,10820902.0
Greece,2016,3344.9326,22679.81,Europe,10775506.0
Greece,2017,3371.8284,22972.889,Europe,10753532.0
Greece,2018,3362.5237,23403.611,Europe,10730846.0
Greece,2019,3374.6934,23869.793,Europe,10718581.0
Greece,2020,3311.6948,21767.22,Europe,10699370.0
Greece,2021,3350.118,23732.201,Europe,10579561.0
Greece,2022,3389.062,25283.906,Europe,10412481.0
Guatemala,1961,1843.9601,3532.0,Latin America & Caribbean,4186205.0
Guatemala,1962,1871.3937,3543.0,Latin America & Caribbean,4312050.0
Guatemala,1963,1912.3373,3762.0,Latin America & Caribbean,4440271.0
Guatemala,1964,1969.6178,3814.0,Latin America & Caribbean,4571105.0
Guatemala,1965,1972.9253,3900.0,Latin America & Caribbean,4704973.0
Guatemala,1966,1975.3569,4033.0,Latin America & Caribbean,4840960.0
Guatemala,1967,1980.7928,4114.0,Latin America & Caribbean,4978867.0
Guatemala,1968,1991.3862,4385.0,Latin America & Caribbean,5118119.0
Guatemala,1969,2022.3376,4497.0,Latin America & Caribbean,5257088.0
Guatemala,1970,2036.1536,4653.0,Latin America & Caribbean,5396972.0
Guatemala,1971,2009.6205,4801.0,Latin America & Caribbean,5538359.0
Guatemala,1972,2020.779,5037.0,Latin America & Caribbean,5682834.0
Guatemala,1973,2078.0388,5255.0,Latin America & Caribbean,5831640.0
Guatemala,1974,2060.7085,5461.0,Latin America & Caribbean,5981201.0
Guatemala,1975,2145.6086,5439.0,Latin America & Caribbean,6128733.0
Guatemala,1976,2100.628,5705.0,Latin America & Caribbean,6262409.0
Guatemala,1977,2144.7405,6005.0,Latin America & Caribbean,6401516.0
Guatemala,1978,2160.818,6156.0,Latin America & Caribbean,6561540.0
Guatemala,1979,2166.0364,6298.0,Latin America & Caribbean,6727798.0
Guatemala,1980,2192.5637,6384.0,Latin America & Caribbean,6900215.0
Guatemala,1981,2424.2346,6256.0,Latin America & Caribbean,7075648.0
Guatemala,1982,2298.7878,5903.0,Latin America & Caribbean,7240249.0
Guatemala,1983,2153.2136,5585.0,Latin America & Caribbean,7419642.0
Guatemala,1984,2041.4905,5469.0,Latin America & Caribbean,7630682.0
Guatemala,1985,2216.6782,5292.0,Latin America & Caribbean,7849691.0
Guatemala,1986,2361.1174,5136.0,Latin America & Caribbean,8070818.0
Guatemala,1987,2333.7063,5098.0,Latin America & Caribbean,8296488.0
Guatemala,1988,2337.9587,5086.0,Latin America & Caribbean,8532104.0
Guatemala,1989,2196.8623,5144.0,Latin America & Caribbean,8775549.0
Guatemala,1990,2319.8306,5165.0,Latin America & Caribbean,9024775.0
Guatemala,1991,2276.5674,5166.55,Latin America & Caribbean,9272592.0
Guatemala,1992,2230.8718,5303.5986,Latin America & Caribbean,9522265.0
Guatemala,1993,2276.084,5382.9785,Latin America & Caribbean,9779760.0
Guatemala,1994,2293.3667,5414.541,Latin America & Caribbean,10043713.0
Guatemala,1995,2203.3923,5501.042,Latin America & Caribbean,10312999.0
Guatemala,1996,2165.8618,5511.905,Latin America & Caribbean,10583528.0
Guatemala,1997,2050.9722,5601.2075,Latin America & Caribbean,10857754.0
Guatemala,1998,2068.3005,5730.646,Latin America & Caribbean,11139147.0
Guatemala,1999,2050.8508,5824.8833,Latin America & Caribbean,11422977.0
Guatemala,2000,2068.8564,5860.272,Latin America & Caribbean,11697592.0
Guatemala,2001,2127.1218,5882.7197,Latin America & Caribbean,11969423.0
Guatemala,2002,2266.3647,5980.242,Latin America & Caribbean,12246923.0
Guatemala,2003,2258.3499,6004.1445,Latin America & Caribbean,12525843.0
Guatemala,2004,2244.2659,6070.1943,Latin America & Caribbean,12807409.0
Guatemala,2005,2308.5952,6130.4824,Latin America & Caribbean,13087637.0
Guatemala,2006,2347.7112,6305.8184,Latin America & Caribbean,13367455.0
Guatemala,2007,2387.1262,6545.7524,Latin America & Caribbean,13652042.0
Guatemala,2008,2328.9949,6604.6826,Latin America & Caribbean,13935172.0
Guatemala,2009,2419.8005,6488.646,Latin America & Caribbean,14215614.0
Guatemala,2010,2481.3772,6526.4575,Latin America & Caribbean,14500118.0
Guatemala,2011,2490.7495,6650.0,Latin America & Caribbean,14792123.0
Guatemala,2012,2490.005,6718.332,Latin America & Caribbean,15089639.0
Guatemala,2013,2484.2095,6813.4116,Latin America & Caribbean,15387339.0
Guatemala,2014,2487.979,6978.106,Latin America & Caribbean,15681725.0
Guatemala,2015,2526.667,7126.9927,Latin America & Caribbean,15971745.0
Guatemala,2016,2564.4307,7186.66,Latin America & Caribbean,16268761.0
Guatemala,2017,2606.6257,7279.7397,Latin America & Caribbean,16567363.0
Guatemala,2018,2588.0898,7399.198,Latin America & Caribbean,16845688.0
Guatemala,2019,2636.2708,7565.846,Latin America & Caribbean,17103803.0
Guatemala,2020,2713.1423,7309.368,Latin America & Caribbean,17357331.0
Guatemala,2021,2745.3123,7764.6963,Latin America & Caribbean,17598652.0
Guatemala,2022,2790.4397,7969.431,Latin America & Caribbean,17847877.0
Guinea,1961,1964.2699,703.0,Africa,3619554.0
Guinea,1962,1945.0161,741.0,Africa,3684278.0
Guinea,1963,1939.4678,689.0,Africa,3750961.0
Guinea,1964,2049.7659,720.0,Africa,3819729.0
Guinea,1965,2011.8363,756.0,Africa,3890724.0
Guinea,1966,2004.2662,759.0,Africa,3964159.0
Guinea,1967,1999.9718,767.0,Africa,4040156.0
Guinea,1968,1986.1344,776.0,Africa,4118553.0
Guinea,1969,1947.7017,784.0,Africa,4198302.0
Guinea,1970,1987.633,795.0,Africa,4277540.0
Guinea,1971,1998.4924,822.0,Africa,4355205.0
Guinea,1972,1959.5717,826.0,Africa,4431293.0
Guinea,1973,2054.8953,821.0,Africa,4506326.0
Guinea,1974,2015.3839,848.0,Africa,4580513.0
Guinea,1975,2028.3088,854.0,Africa,4653877.0
Guinea,1976,2029.667,905.0,Africa,4727031.0
Guinea,1977,2053.1353,858.0,Africa,4801129.0
Guinea,1978,2092.3928,897.0,Africa,4877853.0
Guinea,1979,2143.807,869.0,Africa,4959287.0
Guinea,1980,2096.3628,872.0,Africa,5047423.0
Guinea,1981,2168.5603,859.0,Africa,5143296.0
Guinea,1982,2090.4275,858.0,Africa,5247672.0
Guinea,1983,2091.6443,850.0,Africa,5359815.0
Guinea,1984,2180.7048,824.0,Africa,5480098.0
Guinea,1985,2173.8801,821.0,Africa,5610369.0
Guinea,1986,2222.3196,819.0,Africa,5750669.0
Guinea,1987,2217.8438,826.0,Africa,5900199.0
Guinea,1988,2297.0024,856.0,Africa,6056575.0
Guinea,1989,2309.35,869.0,Africa,6215816.0
Guinea,1990,2273.5046,861.0,Africa,6434383.0
Guinea,1991,2296.2234,827.0069,Africa,6697167.0
Guinea,1992,2385.1147,833.22675,Africa,6914370.0
Guinea,1993,2434.6702,862.73126,Africa,7128174.0
Guinea,1994,2467.4617,882.49445,Africa,7345106.0
Guinea,1995,2466.2952,906.2644,Africa,7553252.0
Guinea,1996,2450.3674,927.12946,Africa,7770035.0
Guinea,1997,2398.416,976.49664,Africa,7931371.0
Guinea,1998,2368.004,1010.79193,Africa,8081993.0
Guinea,1999,2417.4023,1031.3826,Africa,8265121.0
Guinea,2000,2447.7651,1046.567,Africa,8428837.0
Guinea,2001,2426.8665,1090.652,Africa,8539963.0
Guinea,2002,2458.0637,1148.5447,Africa,8674072.0
Guinea,2003,2490.421,1146.3353,Africa,8870790.0
Guinea,2004,2510.9316,1159.8251,Africa,9062724.0
Guinea,2005,2530.236,1186.6047,Africa,9245844.0
Guinea,2006,2597.8652,1188.4846,Africa,9441174.0
Guinea,2007,2604.7415,1253.4077,Africa,9662278.0
Guinea,2008,2640.5247,1290.4037,Africa,9898870.0
Guinea,2009,2658.8132,1255.2418,Africa,10143540.0
Guinea,2010,2422.9763,1291.6963,Africa,10396090.0
Guinea,2011,2496.0903,1347.0,Africa,10656812.0
Guinea,2012,2535.4297,1397.0,Africa,10921580.0
Guinea,2013,2584.8977,1421.0,Africa,11191874.0
Guinea,2014,2627.6748,1399.0,Africa,11472921.0
Guinea,2015,2609.9197,1364.0,Africa,11767077.0
Guinea,2016,2629.7622,1472.953,Africa,12073031.0
Guinea,2017,2664.6619,1583.5482,Africa,12385668.0
Guinea,2018,2722.0862,1642.1047,Africa,12704776.0
Guinea,2019,2779.3362,1690.8837,Africa,13034349.0
Guinea,2020,2824.3186,1726.5083,Africa,13371185.0
Guinea,2021,2867.3938,1769.8623,Africa,13710515.0
Guinea,2022,2872.6372,1809.2666,Africa,14055136.0
Guinea-Bissau,1961,1779.8251,851.0,Africa,582546.0
Guinea-Bissau,1962,1726.9623,899.0,Africa,589479.0
Guinea-Bissau,1963,1750.5829,932.0,Africa,594426.0
Guinea-Bissau,1964,1806.7726,1027.0,Africa,588550.0
Guinea-Bissau,1965,1907.049,1097.0,Africa,575012.0
Guinea-Bissau,1966,1951.2661,1165.0,Africa,566915.0
Guinea-Bissau,1967,1912.593,1232.0,Africa,569016.0
Guinea-Bissau,1968,1778.882,1270.0,Africa,578180.0
Guinea-Bissau,1969,1877.978,1333.0,Africa,581625.0
Guinea-Bissau,1970,1792.789,1395.0,Africa,584409.0
Guinea-Bissau,1971,1948.3241,1333.0,Africa,586230.0
Guinea-Bissau,1972,1930.3839,1412.0,Africa,586632.0
Guinea-Bissau,1973,1959.9504,1411.0,Africa,592815.0
Guinea-Bissau,1974,1993.9968,1458.0,Africa,613346.0
Guinea-Bissau,1975,2007.8282,1479.0,Africa,650972.0
Guinea-Bissau,1976,1992.407,1443.0,Africa,694194.0
Guinea-Bissau,1977,1969.4108,1317.0,Africa,741796.0
Guinea-Bissau,1978,1977.413,1465.0,Africa,791693.0
Guinea-Bissau,1979,1909.9232,1468.0,Africa,819878.0
Guinea-Bissau,1980,1992.4419,1207.0,Africa,829314.0
Guinea-Bissau,1981,2117.4404,1173.0,Africa,842436.0
Guinea-Bissau,1982,2126.7183,1195.0,Africa,855899.0
Guinea-Bissau,1983,2139.5327,1129.0,Africa,869596.0
Guinea-Bissau,1984,2149.6318,1162.0,Africa,883528.0
Guinea-Bissau,1985,2379.1394,1184.0,Africa,897707.0
Guinea-Bissau,1986,2295.5295,1146.0,Africa,912129.0
Guinea-Bissau,1987,2319.2156,1183.0,Africa,926872.0
Guinea-Bissau,1988,2285.6692,1235.0,Africa,942065.0
Guinea-Bissau,1989,2275.0764,1259.0,Africa,957792.0
Guinea-Bissau,1990,2349.0652,1270.0,Africa,973678.0
Guinea-Bissau,1991,2427.0881,1282.7288,Africa,994640.0
Guinea-Bissau,1992,2467.1333,1287.2765,Africa,1024365.0
Guinea-Bissau,1993,2372.903,1280.342,Africa,1058755.0
Guinea-Bissau,1994,2387.062,1284.927,Africa,1092037.0
Guinea-Bissau,1995,2377.8206,1310.1874,Africa,1119950.0
Guinea-Bissau,1996,2293.2349,1337.4675,Africa,1143544.0
Guinea-Bissau,1997,2234.5845,1388.1027,Africa,1165550.0
Guinea-Bissau,1998,2207.3132,1130.8127,Africa,1187478.0
Guinea-Bissau,1999,2223.8767,1256.0825,Africa,1210211.0
Guinea-Bissau,2000,2319.706,1230.6406,Africa,1234747.0
Guinea-Bissau,2001,2348.4458,1233.072,Africa,1261281.0
Guinea-Bissau,2002,2345.4526,1196.2325,Africa,1289317.0
Guinea-Bissau,2003,2298.2456,1181.9435,Africa,1318809.0
Guinea-Bissau,2004,2326.2886,1194.6708,Africa,1349569.0
Guinea-Bissau,2005,2339.4827,1226.5609,Africa,1381590.0
Guinea-Bissau,2006,2312.9897,1233.8132,Africa,1415315.0
Guinea-Bissau,2007,2345.1672,1252.574,Africa,1450989.0
Guinea-Bissau,2008,2348.81,1270.7228,Africa,1488059.0
Guinea-Bissau,2009,2314.7373,1292.0293,Africa,1526384.0
Guinea-Bissau,2010,2267.4358,1329.3724,Africa,1566352.0
Guinea-Bissau,2011,2235.1504,1413.0,Africa,1608084.0
Guinea-Bissau,2012,2224.0227,1361.0,Africa,1651425.0
Guinea-Bissau,2013,2193.8572,1378.0,Africa,1695980.0
Guinea-Bissau,2014,2206.6145,1355.0,Africa,1741126.0
Guinea-Bissau,2015,2204.6006,1393.0,Africa,1786461.0
Guinea-Bissau,2016,2232.297,1443.4241,Africa,1831898.0
Guinea-Bissau,2017,2262.1265,1492.0392,Africa,1877074.0
Guinea-Bissau,2018,2277.9631,1511.8668,Africa,1922167.0
Guinea-Bissau,2019,2279.4983,1543.4176,Africa,1967704.0
Guinea-Bissau,2020,2300.284,1531.3096,Africa,2013259.0
Guinea-Bissau,2021,2294.532,1593.8186,Africa,2058841.0
Guinea-Bissau,2022,2291.1282,1625.3876,Africa,2105535.0
Haiti,1961,1919.7373,1702.0,Latin America & Caribbean,3929036.0
Haiti,1962,1954.8583,1828.0,Latin America & Caribbean,4001578.0
Haiti,1963,1956.1617,1675.0,Latin America & Caribbean,4073068.0
Haiti,1964,1894.7867,1604.0,Latin America & Caribbean,4146245.0
Haiti,1965,1969.5787,1588.0,Latin America & Caribbean,4223822.0
Haiti,1966,1938.3751,1546.0,Latin America & Caribbean,4302647.0
Haiti,1967,1929.0427,1482.0,Latin America & Caribbean,4383003.0
Haiti,1968,1900.8529,1510.0,Latin America & Caribbean,4465327.0
Haiti,1969,1911.0757,1527.0,Latin America & Caribbean,4549340.0
Haiti,1970,1905.4847,1567.0,Latin America & Caribbean,4635126.0
Haiti,1971,1906.705,1651.0,Latin America & Caribbean,4723251.0
Haiti,1972,1928.5253,1635.0,Latin America & Caribbean,4813866.0
Haiti,1973,1952.9135,1678.0,Latin America & Caribbean,4906746.0
Haiti,1974,1949.369,1742.0,Latin America & Caribbean,5001803.0
Haiti,1975,1946.9965,1726.0,Latin America & Caribbean,5099095.0
Haiti,1976,1983.5151,1835.0,Latin America & Caribbean,5198354.0
Haiti,1977,1947.5864,1808.0,Latin America & Caribbean,5299480.0
Haiti,1978,1977.6451,1859.0,Latin America & Caribbean,5402580.0
Haiti,1979,1988.9321,1959.0,Latin America & Caribbean,5507590.0
Haiti,1980,1980.9742,2063.0,Latin America & Caribbean,5614494.0
Haiti,1981,2025.1843,1964.0,Latin America & Caribbean,5723727.0
Haiti,1982,2000.309,1855.0,Latin America & Caribbean,5835939.0
Haiti,1983,1992.9663,1835.0,Latin America & Caribbean,5951101.0
Haiti,1984,1936.5017,1803.0,Latin America & Caribbean,6069238.0
Haiti,1985,1962.8715,1776.0,Latin America & Caribbean,6190868.0
Haiti,1986,1940.7133,1729.0,Latin America & Caribbean,6316123.0
Haiti,1987,1861.6503,1682.0,Latin America & Caribbean,6445125.0
Haiti,1988,1803.1998,1701.0,Latin America & Caribbean,6578150.0
Haiti,1989,1759.2124,1619.0,Latin America & Caribbean,6714732.0
Haiti,1990,1812.1339,1602.0,Latin America & Caribbean,6854444.0
Haiti,1991,1819.0768,1628.7188,Latin America & Caribbean,6995455.0
Haiti,1992,1787.6357,1535.9707,Latin America & Caribbean,7136577.0
Haiti,1993,1777.8718,1443.1808,Latin America & Caribbean,7278182.0
Haiti,1994,1765.2518,1262.337,Latin America & Caribbean,7419776.0
Haiti,1995,1825.1405,1378.5417,Latin America & Caribbean,7562551.0
Haiti,1996,1874.5858,1426.4126,Latin America & Caribbean,7707560.0
Haiti,1997,1904.956,1456.2339,Latin America & Caribbean,7854304.0
Haiti,1998,1988.1072,1480.5769,Latin America & Caribbean,8002144.0
Haiti,1999,2023.5969,1513.3318,Latin America & Caribbean,8151301.0
Haiti,2000,2022.8132,1520.7292,Latin America & Caribbean,8303151.0
Haiti,2001,1956.2444,1501.1024,Latin America & Caribbean,8455917.0
Haiti,2002,1957.7612,1494.1837,Latin America & Caribbean,8607648.0
Haiti,2003,1922.452,1495.8921,Latin America & Caribbean,8759913.0
Haiti,2004,1935.584,1439.2076,Latin America & Caribbean,8910267.0
Haiti,2005,1925.5266,1461.8,Latin America & Caribbean,9061274.0
Haiti,2006,1978.3325,1493.0382,Latin America & Caribbean,9216569.0
Haiti,2007,1999.5712,1541.7675,Latin America & Caribbean,9373300.0
Haiti,2008,2036.6569,1555.4932,Latin America & Caribbean,9530782.0
Haiti,2009,2076.0332,1604.1127,Latin America & Caribbean,9689585.0
Haiti,2010,2160.7893,1556.5504,Latin America & Caribbean,9803299.0
Haiti,2011,2154.1675,1648.0,Latin America & Caribbean,9914904.0
Haiti,2012,2134.336,1674.0,Latin America & Caribbean,10069770.0
Haiti,2013,2164.1929,1722.0,Latin America & Caribbean,10222365.0
Haiti,2014,2222.8118,1749.0,Latin America & Caribbean,10373241.0
Haiti,2015,2224.812,1742.0,Latin America & Caribbean,10523249.0
Haiti,2016,2175.206,1748.7269,Latin America & Caribbean,10671462.0
Haiti,2017,2183.803,1767.923,Latin America & Caribbean,10817759.0
Haiti,2018,2139.3225,1773.1095,Latin America & Caribbean,10962373.0
Haiti,2019,2124.1406,1719.4462,Latin America & Caribbean,11105165.0
Haiti,2020,2110.6716,1641.7617,Latin America & Caribbean,11243846.0
Haiti,2021,2088.5747,1591.76,Latin America & Caribbean,11374592.0
Haiti,2022,1991.8953,1546.4222,Latin America & Caribbean,11503603.0
Honduras,1961,1836.6228,2130.0,Latin America & Caribbean,2121245.0
Honduras,1962,1816.4302,2174.0,Latin America & Caribbean,2182064.0
Honduras,1963,1836.85,2177.0,Latin America & Caribbean,2244884.0
Honduras,1964,1841.3354,2209.0,Latin America & Caribbean,2309861.0
Honduras,1965,1899.494,2314.0,Latin America & Caribbean,2377163.0
Honduras,1966,1955.3842,2364.0,Latin America & Caribbean,2446752.0
Honduras,1967,2002.6975,2410.0,Latin America & Caribbean,2518650.0
Honduras,1968,2011.6365,2463.0,Latin America & Caribbean,2593057.0
Honduras,1969,2049.6606,2396.0,Latin America & Caribbean,2670286.0
Honduras,1970,2029.9496,2391.0,Latin America & Caribbean,2750721.0
Honduras,1971,1982.8069,2404.0,Latin America & Caribbean,2834624.0
Honduras,1972,1952.1145,2448.0,Latin America & Caribbean,2922075.0
Honduras,1973,1982.4836,2544.0,Latin America & Caribbean,3011471.0
Honduras,1974,1956.6068,2797.0,Latin America & Caribbean,3099844.0
Honduras,1975,2021.5574,2764.0,Latin America & Caribbean,3193239.0
Honduras,1976,2048.8123,2954.0,Latin America & Caribbean,3294460.0
Honduras,1977,2034.6074,3153.0,Latin America & Caribbean,3398659.0
Honduras,1978,2000.794,3346.0,Latin America & Caribbean,3505466.0
Honduras,1979,1989.063,3382.0,Latin America & Caribbean,3614990.0
Honduras,1980,2019.3611,3282.0,Latin America & Caribbean,3727179.0
Honduras,1981,2073.81,3231.0,Latin America & Caribbean,3841781.0
Honduras,1982,1984.4491,3076.0,Latin America & Caribbean,3958735.0
Honduras,1983,2051.609,2947.0,Latin America & Caribbean,4078177.0
Honduras,1984,2053.6133,2968.0,Latin America & Caribbean,4199855.0
Honduras,1985,2097.7588,2982.0,Latin America & Caribbean,4323338.0
Honduras,1986,2117.786,2898.0,Latin America & Caribbean,4448905.0
Honduras,1987,2147.3281,2970.0,Latin America & Caribbean,4576911.0
Honduras,1988,2205.9565,3009.0,Latin America & Caribbean,4707683.0
Honduras,1989,2251.6487,3045.0,Latin America & Caribbean,4841843.0
Honduras,1990,2275.5063,2960.0,Latin America & Caribbean,4980493.0
Honduras,1991,2240.6497,2993.124,Latin America & Caribbean,5123797.0
Honduras,1992,2281.181,3094.5479,Latin America & Caribbean,5271437.0
Honduras,1993,2284.6582,3216.8804,Latin America & Caribbean,5423253.0
Honduras,1994,2303.3997,3105.972,Latin America & Caribbean,5579247.0
Honduras,1995,2327.5498,3163.8262,Latin America & Caribbean,5739636.0
Honduras,1996,2335.5698,3210.2703,Latin America & Caribbean,5903962.0
Honduras,1997,2317.5012,3303.2676,Latin America & Caribbean,6071458.0
Honduras,1998,2311.6445,3332.9067,Latin America & Caribbean,6234436.0
Honduras,1999,2286.1401,3215.1848,Latin America & Caribbean,6400470.0
Honduras,2000,2245.907,3335.7153,Latin America & Caribbean,6577781.0
Honduras,2001,2309.411,3365.233,Latin America & Caribbean,6757992.0
Honduras,2002,2316.0996,3431.2512,Latin America & Caribbean,6938866.0
Honduras,2003,2310.7463,3527.1218,Latin America & Caribbean,7119213.0
Honduras,2004,2297.5413,3686.6667,Latin America & Caribbean,7299003.0
Honduras,2005,2297.0952,3851.0554,Latin America & Caribbean,7478362.0
Honduras,2006,2325.1926,4045.2976,Latin America & Caribbean,7656832.0
Honduras,2007,2353.636,4237.302,Latin America & Caribbean,7834806.0
Honduras,2008,2378.6523,4358.763,Latin America & Caribbean,8012590.0
Honduras,2009,2367.8079,4200.1606,Latin America & Caribbean,8189904.0
Honduras,2010,2600.3596,4305.892,Latin America & Caribbean,8365881.0
Honduras,2011,2624.5532,4421.0,Latin America & Caribbean,8540587.0
Honduras,2012,2616.9543,4518.0,Latin America & Caribbean,8715081.0
Honduras,2013,2610.738,4561.0,Latin America & Caribbean,8889276.0
Honduras,2014,2559.68,4620.0,Latin America & Caribbean,9063127.0
Honduras,2015,2578.4695,4706.0,Latin America & Caribbean,9237306.0
Honduras,2016,2615.325,4803.2803,Latin America & Caribbean,9412380.0
Honduras,2017,2613.7964,4949.0254,Latin America & Caribbean,9588144.0
Honduras,2018,2633.022,5052.2056,Latin America & Caribbean,9765209.0
Honduras,2019,2637.183,5099.8145,Latin America & Caribbean,9943637.0
Honduras,2020,2618.169,4567.8857,Latin America & Caribbean,10119638.0
Honduras,2021,2661.3442,5062.1187,Latin America & Caribbean,10289881.0
Honduras,2022,2646.4614,5186.5303,Latin America & Caribbean,10463880.0
Hong Kong,1961,2718.6572,5169.0,Asia,3076660.0
Hong Kong,1962,3056.1086,5780.0,Asia,2889091.0
Hong Kong,1963,3485.125,6381.0,Asia,2662600.0
Hong Kong,1964,3059.8818,6664.0,Asia,3136041.0
Hong Kong,1965,2566.93,7414.0,Asia,3855425.0
Hong Kong,1966,2545.0764,7412.0,Asia,4015304.0
Hong Kong,1967,3019.0486,7474.0,Asia,3474133.0
Hong Kong,1968,3539.0854,7696.0,Asia,3065330.0
Hong Kong,1969,3231.8096,8534.0,Asia,3395527.0
Hong Kong,1970,3048.9985,9250.0,Asia,3739916.0
Hong Kong,1971,2938.2996,9787.0,Asia,3989231.0
Hong Kong,1972,2923.6936,10632.0,Asia,4117125.0
Hong Kong,1973,2913.153,11717.0,Asia,4223248.0
Hong Kong,1974,2877.2039,11719.0,Asia,4330727.0
Hong Kong,1975,2856.3123,11456.0,Asia,4438382.0
Hong Kong,1976,2891.8796,12929.0,Asia,4545134.0
Hong Kong,1977,2914.0012,13986.0,Asia,4650487.0
Hong Kong,1978,2919.081,14689.0,Asia,4754069.0
Hong Kong,1979,2985.8071,15903.0,Asia,4857668.0
Hong Kong,1980,2972.8286,17086.0,Asia,4962488.0
Hong Kong,1981,3023.4263,18301.0,Asia,5060960.0
Hong Kong,1982,3047.9927,18527.0,Asia,5150097.0
Hong Kong,1983,3084.58,19349.0,Asia,5235115.0
Hong Kong,1984,3073.5442,21042.0,Asia,5315980.0
Hong Kong,1985,3083.458,20883.0,Asia,5393122.0
Hong Kong,1986,3126.2622,22823.0,Asia,5451437.0
Hong Kong,1987,3214.4143,25414.0,Asia,5486376.0
Hong Kong,1988,3280.6057,27063.0,Asia,5514904.0
Hong Kong,1989,3345.6443,27377.0,Asia,5540576.0
Hong Kong,1990,3313.4775,27960.0,Asia,5560599.0
Hong Kong,1991,3316.0574,29008.7,Asia,5628091.0
Hong Kong,1992,3174.3274,30202.54,Asia,5759558.0
Hong Kong,1993,3193.5762,31242.2,Asia,5902506.0
Hong Kong,1994,3208.9243,32219.357,Asia,6042259.0
Hong Kong,1995,3234.5715,31941.908,Asia,6177105.0
Hong Kong,1996,3148.2185,32261.803,Asia,6302469.0
Hong Kong,1997,3133.9814,33385.82,Asia,6416674.0
Hong Kong,1998,3069.9106,30866.428,Asia,6521331.0
Hong Kong,1999,3106.7444,31134.166,Asia,6616524.0
Hong Kong,2000,3108.271,32894.01,Asia,6704665.0
Hong Kong,2001,3136.0295,32734.201,Asia,6774243.0
Hong Kong,2002,3166.4998,33038.15,Asia,6821412.0
Hong Kong,2003,3201.2908,33594.316,Asia,6858906.0
Hong Kong,2004,3212.1152,36052.992,Asia,6888164.0
Hong Kong,2005,3218.641,38191.9,Asia,6908483.0
Hong Kong,2006,3236.5918,40172.855,Asia,6931089.0
Hong Kong,2007,3229.0774,42230.887,Asia,6971344.0
Hong Kong,2008,3216.677,42635.48,Asia,7020689.0
Hong Kong,2009,3228.523,41076.234,Asia,7064464.0
Hong Kong,2010,3127.2156,43170.55,Asia,7101614.0
Hong Kong,2011,3144.9067,44532.0,Asia,7142969.0
Hong Kong,2012,3099.2986,44795.11,Asia,7201059.0
Hong Kong,2013,3090.6455,45997.89,Asia,7264330.0
Hong Kong,2014,3121.3032,46941.586,Asia,7319502.0
Hong Kong,2015,3066.7742,47653.695,Asia,7366411.0
Hong Kong,2016,3105.5723,48385.113,Asia,7408006.0
Hong Kong,2017,3156.766,49841.457,Asia,7444889.0
Hong Kong,2018,3182.281,50847.723,Asia,7471190.0
Hong Kong,2019,3195.262,49631.062,Asia,7485817.0
Hong Kong,2020,3103.2551,46550.258,Asia,7490240.0
Hong Kong,2021,3046.8257,50006.348,Asia,7484604.0
Hong Kong,2022,3004.8472,48289.383,Asia,7465913.0
Hungary,1961,2871.2837,6083.0,Europe,10026515.0
Hungary,1962,3054.1038,6315.0,Europe,10058067.0
Hungary,1963,3080.9285,6644.0,Europe,10083843.0
Hungary,1964,3058.5254,6994.0,Europe,10114375.0
Hungary,1965,3100.8062,7029.0,Europe,10141118.0
Hungary,1966,3295.1694,7406.0,Europe,10170409.0
Hungary,1967,3135.8582,7801.0,Europe,10206812.0
Hungary,1968,3168.0818,7865.0,Europe,10244548.0
Hungary,1969,3241.6174,8069.0,Europe,10281595.0
Hungary,1970,3259.7224,8015.0,Europe,10315142.0
Hungary,1971,3281.018,8349.0,Europe,10343972.0
Hungary,1972,3217.1865,8505.0,Europe,10374303.0
Hungary,1973,3272.8882,8920.0,Europe,10407441.0
Hungary,1974,3388.2632,9111.0,Europe,10453918.0
Hungary,1975,3388.147,9253.0,Europe,10515654.0
Hungary,1976,3296.2944,9231.0,Europe,10573770.0
Hungary,1977,3287.598,9765.0,Europe,10623145.0
Hungary,1978,3330.6318,9967.0,Europe,10660190.0
Hungary,1979,3286.7476,9964.0,Europe,10688259.0
Hungary,1980,3397.09,10052.0,Europe,10695372.0
Hungary,1981,3416.46,10123.0,Europe,10679329.0
Hungary,1982,3431.4514,10493.0,Europe,10656109.0
Hungary,1983,3438.4324,10401.0,Europe,10622989.0
Hungary,1984,3405.3967,10696.0,Europe,10584329.0
Hungary,1985,3430.3518,10452.0,Europe,10547258.0
Hungary,1986,3445.2039,10678.0,Europe,10511099.0
Hungary,1987,3602.3704,10861.0,Europe,10475103.0
Hungary,1988,3531.834,11207.0,Europe,10440534.0
Hungary,1989,3498.211,11003.0,Europe,10403421.0
Hungary,1990,3381.2112,10296.0,Europe,10381280.0
Hungary,1991,3202.4756,9255.909,Europe,10378174.0
Hungary,1992,3279.9504,9153.921,Europe,10371477.0
Hungary,1993,3107.138,9294.464,Europe,10356869.0
Hungary,1994,3032.1643,9772.224,Europe,10339936.0
Hungary,1995,2957.344,10134.834,Europe,10322792.0
Hungary,1996,2937.3113,10359.182,Europe,10302238.0
Hungary,1997,3017.4817,10942.326,Europe,10278600.0
Hungary,1998,3017.179,11663.028,Europe,10251717.0
Hungary,1999,3008.7434,12316.724,Europe,10219797.0
Hungary,2000,3182.397,13129.273,Europe,10190598.0
Hungary,2001,3102.919,13933.562,Europe,10166693.0
Hungary,2002,3084.2625,14899.307,Europe,10138461.0
Hungary,2003,3071.0015,15829.9,Europe,10108970.0
Hungary,2004,3202.1946,16999.006,Europe,10085788.0
Hungary,2005,3279.8425,18140.617,Europe,10065703.0
Hungary,2006,3286.8242,19253.062,Europe,10049946.0
Hungary,2007,3172.4873,19763.791,Europe,10034084.0
Hungary,2008,3158.226,20380.63,Europe,10016653.0
Hungary,2009,3149.299,19461.07,Europe,10001381.0
Hungary,2010,3043.3972,20036.334,Europe,9979128.0
Hungary,2011,3056.7793,20886.0,Europe,9946675.0
Hungary,2012,3001.6865,20731.67,Europe,9916621.0
Hungary,2013,3024.7788,21163.564,Europe,9889344.0
Hungary,2014,3071.6243,22118.75,Europe,9862843.0
Hungary,2015,3177.006,22993.375,Europe,9839211.0
Hungary,2016,3201.0708,23568.926,Europe,9810529.0
Hungary,2017,3236.4917,24641.197,Europe,9785608.0
Hungary,2018,3294.7024,25995.51,Europe,9774395.0
Hungary,2019,3309.7825,27272.312,Europe,9770346.0
Hungary,2020,3368.634,26091.4,Europe,9749459.0
Hungary,2021,3419.7742,28085.963,Europe,9707848.0
Hungary,2022,3530.3574,29451.855,Europe,9684308.0
Iceland,1961,3255.7454,10728.0,Europe,179014.0
Iceland,1962,3334.662,11435.0,Europe,182360.0
Iceland,1963,3109.7178,12366.0,Europe,185658.0
Iceland,1964,3141.2854,13386.0,Europe,189043.0
Iceland,1965,3150.3557,14100.0,Europe,192344.0
Iceland,1966,3075.4739,15058.0,Europe,195604.0
Iceland,1967,2952.0867,14642.0,Europe,198796.0
Iceland,1968,2898.9822,13648.0,Europe,201519.0
Iceland,1969,2872.3345,13880.0,Europe,203383.0
Iceland,1970,3008.7878,14830.0,Europe,204489.0
Iceland,1971,2962.8657,16606.0,Europe,206171.0
Iceland,1972,3079.5999,17366.0,Europe,209209.0
Iceland,1973,2953.5278,18277.0,Europe,212385.0
Iceland,1974,2944.2615,19054.0,Europe,215273.0
Iceland,1975,2974.6042,18935.0,Europe,218029.0
Iceland,1976,3035.296,19877.0,Europe,220196.0
Iceland,1977,3049.1702,21465.0,Europe,221842.0
Iceland,1978,3113.8384,22579.0,Europe,223580.0
Iceland,1979,3206.334,23443.0,Europe,225765.0
Iceland,1980,3164.9595,24528.0,Europe,228147.0
Iceland,1981,3303.518,25284.0,Europe,230754.0
Iceland,1982,3179.374,25477.0,Europe,233852.0
Iceland,1983,3173.9812,24605.0,Europe,236968.0
Iceland,1984,3197.1375,25357.0,Europe,239513.0
Iceland,1985,3157.5757,25990.0,Europe,241414.0
Iceland,1986,3304.9036,27439.0,Europe,243195.0
Iceland,1987,3222.8223,29576.0,Europe,245864.0
Iceland,1988,3116.3157,28934.0,Europe,249734.0
Iceland,1989,3137.281,28652.0,Europe,252861.0
Iceland,1990,3058.8953,28760.0,Europe,254842.0
Iceland,1991,3107.1226,28258.018,Europe,257817.0
Iceland,1992,3093.0686,26859.281,Europe,261087.0
Iceland,1993,3065.408,26833.8,Europe,263760.0
Iceland,1994,3111.5188,27457.807,Europe,266063.0
Iceland,1995,3104.9993,27235.834,Europe,267516.0
Iceland,1996,3043.6448,28277.787,Europe,268967.0
Iceland,1997,3128.6975,29939.143,Europe,271194.0
Iceland,1998,3138.366,31444.615,Europe,274121.0
Iceland,1999,3166.2642,32186.932,Europe,277450.0
Iceland,2000,3148.7168,33108.29,Europe,281293.0
Iceland,2001,3136.3162,33794.453,Europe,285058.0
Iceland,2002,3207.1946,33470.496,Europe,287609.0
Iceland,2003,3240.2905,33920.707,Europe,289616.0
Iceland,2004,3299.3237,36209.242,Europe,292172.0
Iceland,2005,3324.6567,37884.06,Europe,296852.0
Iceland,2006,3368.7341,38707.215,Europe,303883.0
Iceland,2007,3384.0828,41111.156,Europe,311662.0
Iceland,2008,3336.027,40810.23,Europe,317519.0
Iceland,2009,3344.7974,37701.85,Europe,318619.0
Iceland,2010,3316.6697,36272.688,Europe,318163.0
Iceland,2011,3308.7148,36740.0,Europe,319139.0
Iceland,2012,3361.0408,36933.895,Europe,320851.0
Iceland,2013,3368.9111,38245.496,Europe,323891.0
Iceland,2014,3405.9387,38463.027,Europe,327517.0
Iceland,2015,3478.4797,39756.527,Europe,330962.0
Iceland,2016,3586.3445,41682.867,Europe,335571.0
Iceland,2017,3643.666,42419.383,Europe,343537.0
Iceland,2018,3656.6326,43321.062,Europe,352860.0
Iceland,2019,3691.334,43136.605,Europe,360709.0
Iceland,2020,3668.7605,39368.4,Europe,366626.0
Iceland,2021,3652.2888,40412.617,Europe,372647.0
Iceland,2022,3604.709,42145.594,Europe,380368.0
India,1961,2064.2925,1208.0,Asia,446564731.0
India,1962,2099.9202,1208.0,Asia,457283091.0
India,1963,2012.9432,1242.0,Asia,468138576.0
India,1964,2029.8745,1309.0,Asia,479229599.0
India,1965,1961.7762,1229.0,Asia,490140142.0
India,1966,1969.6519,1215.0,Asia,500740250.0
India,1967,2022.5833,1286.0,Asia,511606377.0
India,1968,2042.4701,1290.0,Asia,522716893.0
India,1969,2070.7168,1347.0,Asia,533880545.0
India,1970,2147.1038,1384.0,Asia,545864271.0
India,1971,2024.6179,1364.0,Asia,558096385.0
India,1972,2020.8977,1329.0,Asia,570482138.0
India,1973,2083.617,1360.0,Asia,583465599.0
India,1974,1973.5814,1344.0,Asia,597041391.0
India,1975,2096.8066,1430.0,Asia,611309536.0
India,1976,1956.8661,1417.0,Asia,625861887.0
India,1977,2142.5916,1494.0,Asia,640801106.0
India,1978,2186.034,1540.0,Asia,655728226.0
India,1979,2060.836,1427.0,Asia,671155746.0
India,1980,2027.686,1495.0,Asia,687354029.0
India,1981,2089.333,1557.0,Asia,703696251.0
India,1982,2060.3528,1570.0,Asia,720313473.0
India,1983,2239.7808,1663.0,Asia,737372683.0
India,1984,2243.9714,1690.0,Asia,754875449.0
India,1985,2183.386,1720.0,Asia,772647800.0
India,1986,2182.5427,1755.0,Asia,790689977.0
India,1987,2192.8723,1793.0,Asia,808931268.0
India,1988,2293.8567,1938.0,Asia,827342994.0
India,1989,2381.9272,2024.0,Asia,846039528.0
India,1990,2214.9897,2087.0,Asia,864972221.0
India,1991,2303.2922,2062.3103,Asia,883927605.0
India,1992,2335.0488,2115.2573,Asia,902957075.0
India,1993,2266.514,2176.4277,Asia,922118380.0
India,1994,2285.3984,2254.899,Asia,941163772.0
India,1995,2313.1167,2355.9631,Asia,960301046.0
India,1996,2328.375,2475.568,Asia,979678460.0
India,1997,2348.434,2514.0217,Asia,999133764.0
India,1998,2335.6948,2611.7815,Asia,1018665080.0
India,1999,2367.4868,2707.7407,Asia,1038225822.0
India,2000,2344.768,2753.0854,Asia,1057922731.0
India,2001,2293.1804,2837.8555,Asia,1077898579.0
India,2002,2241.5017,2870.9236,Asia,1097600380.0
India,2003,2234.9707,3035.9226,Asia,1116803000.0
India,2004,2205.626,3212.511,Asia,1135991509.0
India,2005,2215.8738,3396.6487,Asia,1154676321.0
India,2006,2275.117,3629.4111,Asia,1172878888.0
India,2007,2336.3433,3870.699,Asia,1190676028.0
India,2008,2360.1553,4030.6543,Asia,1207930960.0
India,2009,2345.2673,4270.708,Asia,1225524764.0
India,2010,2357.52,4525.7456,Asia,1243481565.0
India,2011,2391.208,4768.0,Asia,1261224956.0
India,2012,2385.4429,4982.083,Asia,1278674501.0
India,2013,2420.0154,5224.1445,Asia,1295829507.0
India,2014,2449.4736,5524.1147,Asia,1312277184.0
India,2015,2422.5842,5869.8467,Asia,1328024494.0
India,2016,2472.9343,6326.0645,Asia,1343944296.0
India,2017,2513.8113,6638.7275,Asia,1359657398.0
India,2018,2525.815,7046.4365,Asia,1374659067.0
India,2019,2527.734,7293.9897,Asia,1389030307.0
India,2020,2540.7236,6730.547,Asia,1402617694.0
India,2021,2550.0305,7315.1216,Asia,1414203896.0
India,2022,2573.6377,7765.593,Asia,1425423209.0
Indonesia,1961,1825.3811,1690.0,Asia,90791252.0
Indonesia,1962,1822.6194,1653.0,Asia,93375848.0
Indonesia,1963,1803.0874,1557.0,Asia,96051426.0
Indonesia,1964,1842.0808,1583.0,Asia,98833758.0
Indonesia,1965,1831.108,1567.0,Asia,101365131.0
Indonesia,1966,1818.6669,1535.0,Asia,103792758.0
Indonesia,1967,1824.1022,1470.0,Asia,106526398.0
Indonesia,1968,1841.5443,1580.0,Asia,109450008.0
Indonesia,1969,1871.6183,1739.0,Asia,112517639.0
Indonesia,1970,1902.4728,1882.0,Asia,115657496.0
Indonesia,1971,1933.6278,1946.0,Asia,118833700.0
Indonesia,1972,1960.2463,2117.0,Asia,122039844.0
Indonesia,1973,2039.0947,2375.0,Asia,125288516.0
Indonesia,1974,2053.701,2439.0,Asia,128555052.0
Indonesia,1975,2038.4478,2386.0,Asia,131843848.0
Indonesia,1976,2011.6256,2536.0,Asia,135173656.0
Indonesia,1977,2056.5251,2670.0,Asia,138533540.0
Indonesia,1978,2092.361,2727.0,Asia,141953161.0
Indonesia,1979,2148.446,2810.0,Asia,145434830.0
Indonesia,1980,2184.1116,2981.0,Asia,148950537.0
Indonesia,1981,2260.1475,3119.0,Asia,152485036.0
Indonesia,1982,2261.0073,2941.0,Asia,156052153.0
Indonesia,1983,2319.1145,2994.0,Asia,159651382.0
Indonesia,1984,2341.8674,3134.0,Asia,163251124.0
Indonesia,1985,2356.3816,3143.0,Asia,166776183.0
Indonesia,1986,2382.713,3269.0,Asia,170175065.0
Indonesia,1987,2428.7441,3370.0,Asia,173511157.0
Indonesia,1988,2520.8315,3500.0,Asia,176855071.0
Indonesia,1989,2535.4956,3747.0,Asia,180201638.0
Indonesia,1990,2275.9753,4007.0,Asia,183501097.0
Indonesia,1991,2293.0286,4310.778,Asia,186778239.0
Indonesia,1992,2350.8245,4536.4097,Asia,190043742.0
Indonesia,1993,2364.5212,4837.1313,Asia,193305169.0
Indonesia,1994,2401.7961,5140.025,Asia,196591829.0
Indonesia,1995,2478.269,5494.904,Asia,199888055.0
Indonesia,1996,2471.432,5851.2954,Asia,203204353.0
Indonesia,1997,2419.5525,6055.8486,Asia,206536089.0
Indonesia,1998,2405.0105,5203.5796,Asia,209826791.0
Indonesia,1999,2385.2588,5186.7134,Asia,213004667.0
Indonesia,2000,2355.5193,5384.3867,Asia,216077789.0
Indonesia,2001,2345.1401,5526.1475,Asia,219097905.0
Indonesia,2002,2373.1897,5720.2817,Asia,222088499.0
Indonesia,2003,2392.3088,5938.878,Asia,225048005.0
Indonesia,2004,2399.094,6180.91,Asia,227926649.0
Indonesia,2005,2399.6846,6482.012,Asia,230871648.0
Indonesia,2006,2416.7554,6782.6245,Asia,233951650.0
Indonesia,2007,2457.2183,7157.313,Asia,237062338.0
Indonesia,2008,2481.3433,7633.166,Asia,240157902.0
Indonesia,2009,2541.6438,7935.844,Asia,243220024.0
Indonesia,2010,2574.3298,8386.434,Asia,246305327.0
Indonesia,2011,2629.6943,8849.0,Asia,249470029.0
Indonesia,2012,2672.8833,9272.009,Asia,252698525.0
Indonesia,2013,2711.15,9676.147,Asia,255852464.0
Indonesia,2014,2786.5764,10050.717,Asia,258877395.0
Indonesia,2015,2764.3054,10432.305,Asia,261799249.0
Indonesia,2016,2857.9875,10849.67,Asia,264627429.0
Indonesia,2017,2930.7551,11292.259,Asia,267346654.0
Indonesia,2018,2886.825,11768.468,Asia,269951847.0
Indonesia,2019,2875.656,12250.278,Asia,272489381.0
Indonesia,2020,2880.0054,11895.075,Asia,274814861.0
Indonesia,2021,2868.9587,12233.969,Asia,276758056.0
Indonesia,2022,2796.1113,12801.671,Asia,278830527.0
Iran,1961,1781.4312,3622.0,Asia,22125729.0
Iran,1962,1771.671,3586.0,Asia,22807908.0
Iran,1963,1808.9906,3867.0,Asia,23519008.0
Iran,1964,1872.4613,4026.0,Asia,24262863.0
Iran,1965,1876.0267,4388.0,Asia,25036982.0
Iran,1966,2014.6299,4686.0,Asia,25829273.0
Iran,1967,2026.0051,5062.0,Asia,26628430.0
Iran,1968,2147.3088,5659.0,Asia,27437391.0
Iran,1969,2015.4271,6212.0,Asia,28273483.0
Iran,1970,2065.1543,6677.0,Asia,29145099.0
Iran,1971,1994.085,7296.0,Asia,30029069.0
Iran,1972,2123.1467,8247.0,Asia,30921178.0
Iran,1973,2268.4226,8706.0,Asia,31839835.0
Iran,1974,2339.609,9210.0,Asia,32796453.0
Iran,1975,2364.479,9377.0,Asia,33802971.0
Iran,1976,2389.0198,10665.0,Asia,34837282.0
Iran,1977,2416.9902,10205.0,Asia,35933181.0
Iran,1978,2447.4158,8710.0,Asia,37126534.0
Iran,1979,2515.612,7678.0,Asia,38424956.0
Iran,1980,2592.5154,6334.0,Asia,39842323.0
Iran,1981,2617.7117,5887.0,Asia,41989316.0
Iran,1982,2569.431,6535.0,Asia,44272140.0
Iran,1983,2639.0186,7108.0,Asia,46029540.0
Iran,1984,2616.436,6951.0,Asia,47793999.0
Iran,1985,2599.8555,6853.0,Asia,49582289.0
Iran,1986,2609.1863,5984.0,Asia,51446046.0
Iran,1987,2684.3538,5713.0,Asia,53323491.0
Iran,1988,2623.2102,5249.0,Asia,55072691.0
Iran,1989,2766.0386,5303.0,Asia,56704920.0
Iran,1990,2783.3398,5620.0,Asia,58380098.0
Iran,1991,2817.6997,6380.55,Asia,59986931.0
Iran,1992,2882.712,7036.315,Asia,61184982.0
Iran,1993,2989.2732,6914.7666,Asia,61403548.0
Iran,1994,2974.3928,6884.706,Asia,61520598.0
Iran,1995,2961.889,7093.735,Asia,62205571.0
Iran,1996,2982.0938,7746.409,Asia,62881298.0
Iran,1997,3037.7358,8113.724,Asia,63639637.0
Iran,1998,3061.2324,8458.387,Asia,64519866.0
Iran,1999,3058.3496,8714.627,Asia,65445389.0
Iran,2000,3026.6877,9104.763,Asia,66418661.0
Iran,2001,3009.264,9620.627,Asia,67452005.0
Iran,2002,3013.3499,10467.371,Asia,68011318.0
Iran,2003,3026.0076,11502.853,Asia,68769343.0
Iran,2004,3047.8127,12404.323,Asia,70256316.0
Iran,2005,3002.2537,13110.143,Asia,71828455.0
Iran,2006,2901.254,14185.753,Asia,73392747.0
Iran,2007,2914.6104,15467.107,Asia,74602648.0
Iran,2008,2898.1958,15739.983,Asia,75514201.0
Iran,2009,2941.4187,16575.07,Asia,76457831.0
Iran,2010,2865.7134,17751.33,Asia,77420851.0
Iran,2011,2778.6375,18024.0,Asia,78383602.0
Iran,2012,2873.3174,17556.533,Asia,79370583.0
Iran,2013,2909.875,16842.896,Asia,80414689.0
Iran,2014,2934.608,17449.938,Asia,81502045.0
Iran,2015,2912.9822,16922.88,Asia,82619365.0
Iran,2016,2925.908,17738.059,Asia,83812230.0
Iran,2017,2858.6924,18416.479,Asia,85026761.0
Iran,2018,2828.547,18154.533,Asia,86117999.0
Iran,2019,2901.1536,17400.414,Asia,87051649.0
Iran,2020,2904.6929,17296.264,Asia,87723448.0
Iran,2021,2865.768,18052.37,Asia,88455490.0
Iran,2022,2847.2524,18473.066,Asia,89524247.0
Iraq,1961,1802.6292,4720.0,Asia,7194561.0
Iraq,1962,1929.4005,4809.0,Asia,7413876.0
Iraq,1963,2033.9973,4578.0,Asia,7667932.0
Iraq,1964,2078.238,4965.0,Asia,7929572.0
Iraq,1965,2097.537,5241.0,Asia,8202145.0
Iraq,1966,2096.198,5338.0,Asia,8485103.0
Iraq,1967,2124.9297,5043.0,Asia,8778876.0
Iraq,1968,2134.5625,5745.0,Asia,9085016.0
Iraq,1969,2158.1191,5745.0,Asia,9403356.0
Iraq,1970,2184.1663,5536.0,Asia,9735611.0
Iraq,1971,2202.2607,5686.0,Asia,10077818.0
Iraq,1972,2124.0308,5297.0,Asia,10430169.0
Iraq,1973,2142.3477,5982.0,Asia,10795872.0
Iraq,1974,2178.7798,6097.0,Asia,11167770.0
Iraq,1975,2226.94,6878.0,Asia,11543643.0
Iraq,1976,2252.1924,8007.0,Asia,11927652.0
Iraq,1977,2321.2065,7957.0,Asia,12331051.0
Iraq,1978,2480.5708,9075.0,Asia,12753355.0
Iraq,1979,2603.2058,10769.0,Asia,13170372.0
Iraq,1980,2688.0105,10165.0,Asia,13591996.0
Iraq,1981,2839.8088,8035.0,Asia,14006379.0
Iraq,1982,2967.1492,7704.0,Asia,14406082.0
Iraq,1983,3043.395,6805.0,Asia,14840558.0
Iraq,1984,3182.449,6593.0,Asia,15310729.0
Iraq,1985,3298.2512,6268.0,Asia,15683431.0
Iraq,1986,3393.6548,5992.0,Asia,16074146.0
Iraq,1987,3405.2434,6052.0,Asia,16521051.0
Iraq,1988,3395.9675,4635.0,Asia,16908823.0
Iraq,1989,3386.373,4098.0,Asia,17364553.0
Iraq,1990,3237.319,3918.0,Asia,17581208.0
Iraq,1991,2388.1885,1518.7421,Asia,17767257.0
Iraq,1992,2279.2495,2046.1809,Asia,18300849.0
Iraq,1993,2252.906,2132.3823,Asia,19201195.0
Iraq,1994,2182.8845,2108.538,Asia,20139818.0
Iraq,1995,2154.0378,1996.9279,Asia,20825859.0
Iraq,1996,2126.0078,2337.5227,Asia,21501321.0
Iraq,1997,2052.3438,2337.948,Asia,22176604.0
Iraq,1998,2071.9644,2794.7864,Asia,22884402.0
Iraq,1999,2100.3782,3157.1125,Asia,23636530.0
Iraq,2000,2121.4646,3649.493,Asia,24424060.0
Iraq,2001,2193.0972,4147.6484,Asia,25197842.0
Iraq,2002,2204.8567,4631.6523,Asia,26006558.0
Iraq,2003,2181.1985,3782.4526,Asia,26802660.0
Iraq,2004,2289.4207,6061.5547,Asia,27577876.0
Iraq,2005,2265.72,6441.41,Asia,28407450.0
Iraq,2006,2328.1636,7117.6133,Asia,28616518.0
Iraq,2007,2408.2766,7587.6055,Asia,28391606.0
Iraq,2008,2395.3552,8587.265,Asia,28971042.0
Iraq,2009,2449.5103,9268.709,Asia,30058207.0
Iraq,2010,2242.7285,10274.33,Asia,31045367.0
Iraq,2011,2245.6357,11484.0,Asia,32161425.0
Iraq,2012,2210.758,12521.541,Asia,33654843.0
Iraq,2013,2226.475,12877.205,Asia,35281987.0
Iraq,2014,2222.8774,12559.504,Asia,36550058.0
Iraq,2015,2214.537,12574.508,Asia,37560535.0
Iraq,2016,2233.1768,14173.763,Asia,38469628.0
Iraq,2017,2250.7903,13403.638,Asia,39337358.0
Iraq,2018,2279.2012,13724.742,Asia,40265629.0
Iraq,2019,2303.0105,14203.617,Asia,41192172.0
Iraq,2020,2318.3909,11717.375,Asia,42116602.0
Iraq,2021,2313.3262,12355.587,Asia,43071208.0
Iraq,2022,2325.3887,13071.94,Asia,44070556.0
Ireland,1961,3367.9348,7186.0,Europe,2824696.0
Ireland,1962,3373.1692,7390.0,Europe,2831496.0
Ireland,1963,3394.7278,7685.0,Europe,2843035.0
Ireland,1964,3398.5508,7948.0,Europe,2857169.0
Ireland,1965,3400.1797,8051.0,Europe,2873157.0
Ireland,1966,3387.7893,8097.0,Europe,2888884.0
Ireland,1967,3412.6218,8531.0,Europe,2905420.0
Ireland,1968,3404.9019,9197.0,Europe,2922789.0
Ireland,1969,3419.4573,9706.0,Europe,2940759.0
Ireland,1970,3436.8535,9881.0,Europe,2961402.0
Ireland,1971,3483.6716,10128.0,Europe,2993119.0
Ireland,1972,3443.0925,10621.0,Europe,3037153.0
Ireland,1973,3483.637,10946.0,Europe,3084436.0
Ireland,1974,3522.0488,11225.0,Europe,3132177.0
Ireland,1975,3470.23,11662.0,Europe,3180119.0
Ireland,1976,3429.9468,11639.0,Europe,3228393.0
Ireland,1977,3514.6826,12425.0,Europe,3277756.0
Ireland,1978,3591.1104,13150.0,Europe,3329185.0
Ireland,1979,3550.306,13335.0,Europe,3375806.0
Ireland,1980,3577.8892,13614.0,Europe,3415240.0
Ireland,1981,3545.2866,13893.0,Europe,3448825.0
Ireland,1982,3614.7146,14061.0,Europe,3475532.0
Ireland,1983,3553.4995,13931.0,Europe,3497614.0
Ireland,1984,3546.0933,14435.0,Europe,3515953.0
Ireland,1985,3579.7603,14834.0,Europe,3531275.0
Ireland,1986,3610.0461,14768.0,Europe,3541875.0
Ireland,1987,3583.5735,15458.0,Europe,3540382.0
Ireland,1988,3595.0469,16313.0,Europe,3525092.0
Ireland,1989,3606.3394,17343.0,Europe,3511070.0
Ireland,1990,3641.5166,18838.0,Europe,3514015.0
Ireland,1991,3580.7874,19253.943,Europe,3534258.0
Ireland,1992,3611.4175,20032.719,Europe,3558417.0
Ireland,1993,3520.0125,20627.078,Europe,3576118.0
Ireland,1994,3571.8513,22004.814,Europe,3590162.0
Ireland,1995,3510.2964,24266.143,Europe,3610695.0
Ireland,1996,3606.4973,26562.908,Europe,3638507.0
Ireland,1997,3679.707,29455.92,Europe,3672287.0
Ireland,1998,3673.9614,31908.648,Europe,3711075.0
Ireland,1999,3702.0872,35377.164,Europe,3752938.0
Ireland,2000,3728.383,38806.5,Europe,3802589.0
Ireland,2001,3724.909,40966.332,Europe,3862981.0
Ireland,2002,3589.8943,43012.816,Europe,3928441.0
Ireland,2003,3608.251,44372.758,Europe,3992935.0
Ireland,2004,3590.5168,47028.863,Europe,4066066.0
Ireland,2005,3487.2788,49223.383,Europe,4155283.0
Ireland,2006,3467.8984,51296.195,Europe,4268775.0
Ireland,2007,3449.5845,52322.23,Europe,4393518.0
Ireland,2008,3475.0093,49583.14,Europe,4485992.0
Ireland,2009,3473.5286,47375.734,Europe,4533750.0
Ireland,2010,3557.201,48623.81,Europe,4559084.0
Ireland,2011,3599.6353,48980.0,Europe,4579603.0
Ireland,2012,3590.1116,47360.09,Europe,4600135.0
Ireland,2013,3606.2317,48181.234,Europe,4624686.0
Ireland,2014,3673.258,50732.348,Europe,4658236.0
Ireland,2015,3746.104,53196.598,Europe,4702497.0
Ireland,2016,3790.395,53686.844,Europe,4753506.0
Ireland,2017,3876.7664,55465.652,Europe,4810258.0
Ireland,2018,3907.854,58083.45,Europe,4872559.0
Ireland,2019,3878.3462,59733.91,Europe,4933493.0
Ireland,2020,3859.3838,55134.855,Europe,4982602.0
Ireland,2021,3858.9758,57278.42,Europe,5028428.0
Ireland,2022,3844.27,60257.082,Europe,5110015.0
Israel,1961,3116.1985,7964.0,Asia,1956894.0
Israel,1962,3132.6013,8396.0,Asia,2040967.0
Israel,1963,3035.6943,8915.0,Asia,2135049.0
Israel,1964,3103.2056,9430.0,Asia,2231855.0
Israel,1965,3044.1138,9997.0,Asia,2331450.0
Israel,1966,3104.4326,9867.0,Asia,2433836.0
Israel,1967,3139.3013,9918.0,Asia,2538658.0
Israel,1968,3164.4893,11210.0,Asia,2645472.0
Israel,1969,3159.7305,12310.0,Asia,2754159.0
Israel,1970,3113.8594,12913.0,Asia,2864773.0
Israel,1971,3237.5725,13885.0,Asia,2977303.0
Israel,1972,3199.125,15108.0,Asia,3079404.0
Israel,1973,3286.715,15374.0,Asia,3163042.0
Israel,1974,3218.013,15980.0,Asia,3239987.0
Israel,1975,3212.2058,16176.0,Asia,3318087.0
Israel,1976,3253.218,16053.0,Asia,3398266.0
Israel,1977,3248.7861,15721.0,Asia,3479619.0
Israel,1978,3166.6008,16139.0,Asia,3560404.0
Israel,1979,3148.8384,16761.0,Asia,3640877.0
Israel,1980,3118.43,17508.0,Asia,3721666.0
Israel,1981,3157.567,18103.0,Asia,3802233.0
Israel,1982,3291.3052,18155.0,Asia,3883640.0
Israel,1983,3271.0244,18468.0,Asia,3959631.0
Israel,1984,3248.6536,18305.0,Asia,4033735.0
Israel,1985,3303.905,18605.0,Asia,4105362.0
Israel,1986,3343.9082,19160.0,Asia,4168966.0
Israel,1987,3426.0364,20196.0,Asia,4236875.0
Israel,1988,3346.27,20256.0,Asia,4307324.0
Israel,1989,3342.1345,20091.0,Asia,4381512.0
Israel,1990,3366.582,20829.0,Asia,4544995.0
Israel,1991,3324.2522,20912.941,Asia,4779892.0
Israel,1992,3342.531,21531.596,Asia,4957240.0
Israel,1993,3328.2212,21484.979,Asia,5086041.0
Israel,1994,3316.1597,22128.805,Asia,5216697.0
Israel,1995,3450.289,23378.16,Asia,5354734.0
Israel,1996,3494.366,23979.996,Asia,5499555.0
Israel,1997,3497.764,24226.73,Asia,5646476.0
Israel,1998,3483.2017,24506.16,Asia,5790143.0
Israel,1999,3449.7458,24644.205,Asia,5946079.0
Israel,2000,3496.4922,26058.84,Asia,6111194.0
Israel,2001,3528.1902,25427.32,Asia,6259977.0
Israel,2002,3611.906,24823.553,Asia,6387714.0
Israel,2003,3491.4114,24545.244,Asia,6502821.0
Israel,2004,3540.4883,25210.879,Asia,6615084.0
Israel,2005,3565.93,25686.406,Asia,6728212.0
Israel,2006,3578.976,26571.256,Asia,6844029.0
Israel,2007,3508.5679,27624.883,Asia,6962456.0
Israel,2008,3535.1265,27857.62,Asia,7082621.0
Israel,2009,3547.1128,27644.697,Asia,7206096.0
Israel,2010,3603.4414,28575.531,Asia,7336735.0
Israel,2011,3605.092,29370.0,Asia,7471023.0
Israel,2012,3605.1187,29580.836,Asia,7607781.0
Israel,2013,3611.6646,30316.602,Asia,7749369.0
Israel,2014,3669.0227,30906.148,Asia,7897173.0
Israel,2015,3660.7063,31050.408,Asia,8052916.0
Israel,2016,3704.8535,31822.875,Asia,8210006.0
Israel,2017,3738.6619,32549.818,Asia,8361796.0
Israel,2018,3678.0034,33227.125,Asia,8510067.0
Israel,2019,3754.4998,33951.89,Asia,8657466.0
Israel,2020,3789.312,32730.943,Asia,8800380.0
Israel,2021,3842.1748,34969.016,Asia,8942925.0
Israel,2022,3894.7224,36648.918,Asia,9103143.0
Italy,1961,2961.0132,10158.0,Europe,49815254.0
Italy,1962,3025.5408,10882.0,Europe,50170591.0
Italy,1963,3096.7092,11576.0,Europe,50570978.0
Italy,1964,3088.1426,11934.0,Europe,51019579.0
Italy,1965,3129.3132,12111.0,Europe,51480733.0
Italy,1966,3152.1313,12659.0,Europe,51919068.0
Italy,1967,3226.3792,13476.0,Europe,52338335.0
Italy,1968,3289.9817,14513.0,Europe,52712156.0
Italy,1969,3333.2559,15248.0,Europe,53060141.0
Italy,1970,3458.704,15492.0,Europe,53390231.0
Italy,1971,3444.5,15683.0,Europe,53707794.0
Italy,1972,3487.4153,16035.0,Europe,54067562.0
Italy,1973,3571.1753,16950.0,Europe,54450571.0
Italy,1974,3479.4521,17607.0,Europe,54821114.0
Italy,1975,3388.6304,17123.0,Europe,55166046.0
Italy,1976,3382.9653,18147.0,Europe,55459415.0
Italy,1977,3320.7734,18599.0,Europe,55714552.0
Italy,1978,3498.3643,19230.0,Europe,55938969.0
Italy,1979,3604.4446,20275.0,Europe,56132382.0
Italy,1980,3590.7954,20959.0,Europe,56412086.0
Italy,1981,3495.2139,21041.0,Europe,56646752.0
Italy,1982,3380.4868,21123.0,Europe,56719178.0
Italy,1983,3350.4724,21345.0,Europe,56766114.0
Italy,1984,3400.9216,21868.0,Europe,56810355.0
Italy,1985,3408.986,22469.0,Europe,56855499.0
Italy,1986,3490.884,23106.0,Europe,56875982.0
Italy,1987,3519.731,23824.0,Europe,56891919.0
Italy,1988,3530.492,24743.0,Europe,56928748.0
Italy,1989,3545.4692,25454.0,Europe,56976750.0
Italy,1990,3574.455,26003.0,Europe,57031457.0
Italy,1991,3633.9133,26570.363,Europe,57075394.0
Italy,1992,3528.6733,26960.611,Europe,57124993.0
Italy,1993,3458.7996,26902.398,Europe,57170762.0
Italy,1994,3461.284,27668.258,Europe,57420136.0
Italy,1995,3481.3345,28666.352,Europe,57403342.0
Italy,1996,3552.9536,29231.275,Europe,57162098.0
Italy,1997,3563.0674,29960.7,Europe,57189272.0
Italy,1998,3650.5498,30649.629,Europe,57215190.0
Italy,1999,3671.258,31340.48,Europe,57240796.0
Italy,2000,3649.6704,32716.98,Europe,57272200.0
Italy,2001,3664.225,33511.434,Europe,57305760.0
Italy,2002,3666.1238,33780.055,Europe,57420636.0
Italy,2003,3629.0461,33917.8,Europe,57739697.0
Italy,2004,3631.626,34472.13,Europe,58176736.0
Italy,2005,3576.2834,34872.125,Europe,58519696.0
Italy,2006,3644.9631,35713.805,Europe,58754434.0
Italy,2007,3641.0928,36310.734,Europe,59108723.0
Italy,2008,3613.8503,35942.938,Europe,59561687.0
Italy,2009,3617.9841,34055.227,Europe,59904016.0
Italy,2010,3654.1243,34765.938,Europe,60164212.0
Italy,2011,3646.9753,35151.0,Europe,60367882.0
Italy,2012,3639.7566,34010.035,Europe,60531522.0
Italy,2013,3638.0947,33317.242,Europe,60653864.0
Italy,2014,3514.61,33310.703,Europe,60664169.0
Italy,2015,3521.3325,33620.742,Europe,60575314.0
Italy,2016,3522.0305,34120.42,Europe,60478103.0
Italy,2017,3530.8596,34754.77,Europe,60390317.0
Italy,2018,3527.7896,35149.824,Europe,60277496.0
Italy,2019,3623.8074,35407.242,Europe,60130136.0
Italy,2020,3662.3494,32385.326,Europe,59912763.0
Italy,2021,3689.8308,34827.137,Europe,59729353.0
Italy,2022,3667.3591,36224.293,Europe,59619106.0
Jamaica,1961,1890.6606,4307.0,Latin America & Caribbean,1673267.0
Jamaica,1962,1998.6505,4339.0,Latin America & Caribbean,1696935.0
Jamaica,1963,2012.3717,4395.0,Latin America & Caribbean,1721105.0
Jamaica,1964,2156.855,4629.0,Latin America & Caribbean,1745574.0
Jamaica,1965,2163.6824,4894.0,Latin America & Caribbean,1769206.0
Jamaica,1966,2191.5806,4988.0,Latin America & Caribbean,1791477.0
Jamaica,1967,2319.595,5066.0,Latin America & Caribbean,1812870.0
Jamaica,1968,2329.5234,5235.0,Latin America & Caribbean,1833769.0
Jamaica,1969,2332.1926,5547.0,Latin America & Caribbean,1855132.0
Jamaica,1970,2480.8003,6135.0,Latin America & Caribbean,1878191.0
Jamaica,1971,2551.5918,6062.0,Latin America & Caribbean,1903734.0
Jamaica,1972,2647.9873,6150.0,Latin America & Caribbean,1931552.0
Jamaica,1973,2527.9507,6583.0,Latin America & Caribbean,1961225.0
Jamaica,1974,2611.911,6229.0,Latin America & Caribbean,1990904.0
Jamaica,1975,2637.8423,6129.0,Latin America & Caribbean,2018985.0
Jamaica,1976,2673.7407,5681.0,Latin America & Caribbean,2045578.0
Jamaica,1977,2624.1436,5501.0,Latin America & Caribbean,2070657.0
Jamaica,1978,2689.1055,5482.0,Latin America & Caribbean,2094848.0
Jamaica,1979,2564.3457,5318.0,Latin America & Caribbean,2119492.0
Jamaica,1980,2635.1152,4975.0,Latin America & Caribbean,2145661.0
Jamaica,1981,2573.5122,5040.0,Latin America & Caribbean,2173823.0
Jamaica,1982,2511.5535,5019.0,Latin America & Caribbean,2203895.0
Jamaica,1983,2529.4492,5117.0,Latin America & Caribbean,2234834.0
Jamaica,1984,2612.2568,5059.0,Latin America & Caribbean,2264563.0
Jamaica,1985,2539.0112,4814.0,Latin America & Caribbean,2290657.0
Jamaica,1986,2570.4092,4884.0,Latin America & Caribbean,2312124.0
Jamaica,1987,2621.455,5254.0,Latin America & Caribbean,2329816.0
Jamaica,1988,2537.8972,5397.0,Latin America & Caribbean,2345786.0
Jamaica,1989,2591.1738,5748.0,Latin America & Caribbean,2361923.0
Jamaica,1990,2624.4873,6035.0,Latin America & Caribbean,2379880.0
Jamaica,1991,2556.661,6116.5835,Latin America & Caribbean,2400873.0
Jamaica,1992,2598.1685,6292.029,Latin America & Caribbean,2424698.0
Jamaica,1993,2671.8557,6414.475,Latin America & Caribbean,2449913.0
Jamaica,1994,2678.3342,6517.052,Latin America & Caribbean,2475225.0
Jamaica,1995,2643.0425,6656.283,Latin America & Caribbean,2500152.0
Jamaica,1996,2674.5198,6648.933,Latin America & Caribbean,2524470.0
Jamaica,1997,2655.8726,6523.636,Latin America & Caribbean,2547853.0
Jamaica,1998,2672.3093,6432.653,Latin America & Caribbean,2569740.0
Jamaica,1999,2692.5962,6485.3228,Latin America & Caribbean,2589796.0
Jamaica,2000,2701.973,6531.2847,Latin America & Caribbean,2607827.0
Jamaica,2001,2777.3062,6615.193,Latin America & Caribbean,2624410.0
Jamaica,2002,2780.6238,6660.763,Latin America & Caribbean,2640582.0
Jamaica,2003,2799.8152,6908.667,Latin America & Caribbean,2656629.0
Jamaica,2004,2785.494,7004.9844,Latin America & Caribbean,2672227.0
Jamaica,2005,2789.7263,7073.7705,Latin America & Caribbean,2687070.0
Jamaica,2006,2786.8594,7286.967,Latin America & Caribbean,2700973.0
Jamaica,2007,2785.0269,7402.178,Latin America & Caribbean,2713808.0
Jamaica,2008,2740.315,7353.107,Latin America & Caribbean,2725633.0
Jamaica,2009,2741.9683,7115.373,Latin America & Caribbean,2737001.0
Jamaica,2010,2746.8574,7025.93,Latin America & Caribbean,2748573.0
Jamaica,2011,2764.7898,7141.0,Latin America & Caribbean,2760493.0
Jamaica,2012,2761.0522,7119.5054,Latin America & Caribbean,2772432.0
Jamaica,2013,2804.661,7147.5337,Latin America & Caribbean,2783689.0
Jamaica,2014,2791.3416,7198.43,Latin America & Caribbean,2793756.0
Jamaica,2015,2822.5227,7268.231,Latin America & Caribbean,2802536.0
Jamaica,2016,2772.4888,7381.3325,Latin America & Caribbean,2809919.0
Jamaica,2017,2850.574,7433.147,Latin America & Caribbean,2815765.0
Jamaica,2018,2880.9043,7569.063,Latin America & Caribbean,2820103.0
Jamaica,2019,2906.2827,7641.0815,Latin America & Caribbean,2823275.0
Jamaica,2020,2829.9004,6880.4883,Latin America & Caribbean,2830745.0
Jamaica,2021,2861.0225,7193.1064,Latin America & Caribbean,2837680.0
Jamaica,2022,2915.9214,7481.6685,Latin America & Caribbean,2839150.0
Japan,1961,2424.73,7055.0,Asia,97217594.0
Japan,1962,2472.0217,7614.0,Asia,98076405.0
Japan,1963,2509.6914,8176.0,Asia,98958230.0
Japan,1964,2535.2007,9035.0,Asia,99890175.0
Japan,1965,2527.2107,9459.0,Asia,100916018.0
Japan,1966,2553.0554,10370.0,Asia,101887833.0
Japan,1967,2604.006,11400.0,Asia,102965530.0
Japan,1968,2614.888,12725.0,Asia,104237476.0
Japan,1969,2617.3948,14145.0,Asia,105475169.0
Japan,1970,2659.9429,15484.0,Asia,106712370.0
Japan,1971,2657.0144,16004.0,Asia,107952031.0
Japan,1972,2714.2502,17110.0,Asia,109238963.0
Japan,1973,2708.63,18226.0,Asia,110614742.0
Japan,1974,2680.4404,17765.0,Asia,112009689.0
Japan,1975,2655.6936,18082.0,Asia,113321197.0
Japan,1976,2690.7007,18600.0,Asia,114502792.0
Japan,1977,2713.8447,19230.0,Asia,115574278.0
Japan,1978,2729.643,20060.0,Asia,116576940.0
Japan,1979,2746.6055,20982.0,Asia,117521561.0
Japan,1980,2740.1587,21404.0,Asia,118358761.0
Japan,1981,2699.803,21924.0,Asia,118994054.0
Japan,1982,2771.1702,22440.0,Asia,119485775.0
Japan,1983,2796.053,22805.0,Asia,119948943.0
Japan,1984,2801.9812,23548.0,Asia,120384395.0
Japan,1985,2841.0361,24437.0,Asia,120832158.0
Japan,1986,2854.683,24992.0,Asia,121366733.0
Japan,1987,2873.121,25904.0,Asia,121943588.0
Japan,1988,2915.932,27393.0,Asia,122476957.0
Japan,1989,2942.0403,28601.0,Asia,122947411.0
Japan,1990,2920.5083,29949.0,Asia,123399767.0
Japan,1991,2905.892,30837.432,Asia,123889870.0
Japan,1992,2914.5195,30977.814,Asia,124383707.0
Japan,1993,2898.3208,30920.66,Asia,124839955.0
Japan,1994,2904.2715,31135.428,Asia,125286861.0
Japan,1995,2892.3584,31887.277,Asia,125672659.0
Japan,1996,2935.2388,32784.156,Asia,125975304.0
Japan,1997,2909.684,33038.293,Asia,126265926.0
Japan,1998,2865.6682,32558.188,Asia,126549182.0
Japan,1999,2866.8293,32394.516,Asia,126801566.0
Japan,2000,2869.0398,33210.81,Asia,127027794.0
Japan,2001,2859.8025,33246.39,Asia,127260144.0
Japan,2002,2825.3484,33195.402,Asia,127484599.0
Japan,2003,2816.4617,33619.95,Asia,127671254.0
Japan,2004,2818.814,34313.56,Asia,127815769.0
Japan,2005,2808.336,34857.754,Asia,127913331.0
Japan,2006,2759.3079,35333.113,Asia,127997247.0
Japan,2007,2798.5552,35892.71,Asia,128087683.0
Japan,2008,2716.144,35496.227,Asia,128155992.0
Japan,2009,2657.4827,33590.01,Asia,128192471.0
Japan,2010,2653.3862,35011.402,Asia,128185273.0
Japan,2011,2661.396,34979.0,Asia,128096430.0
Japan,2012,2710.7686,35537.438,Asia,127928283.0
Japan,2013,2714.4194,36312.348,Asia,127723642.0
Japan,2014,2700.4211,36440.215,Asia,127486601.0
Japan,2015,2683.214,37053.176,Asia,127275868.0
Japan,2016,2678.9563,37384.56,Asia,127159950.0
Japan,2017,2692.5398,38078.96,Asia,127064686.0
Japan,2018,2657.927,38403.68,Asia,126913432.0
Japan,2019,2712.4763,38332.934,Asia,126699421.0
Japan,2020,2651.514,36826.64,Asia,126304533.0
Japan,2021,2652.0754,37678.277,Asia,125679342.0
Japan,2022,2670.09,38268.79,Asia,124997585.0
Jordan,1961,4063.7212,4280.0,Asia,897599.0
Jordan,1962,4055.201,4176.0,Asia,940564.0
Jordan,1963,4041.8748,4222.0,Asia,984720.0
Jordan,1964,3824.6116,4752.0,Asia,1035644.0
Jordan,1965,3851.0269,5074.0,Asia,1099446.0
Jordan,1966,3741.7417,5000.0,Asia,1178371.0
Jordan,1967,3376.7742,4876.0,Asia,1271186.0
Jordan,1968,2284.6296,4262.0,Asia,1372468.0
Jordan,1969,2331.3677,4420.0,Asia,1473101.0
Jordan,1970,2287.1384,3818.0,Asia,1565172.0
Jordan,1971,2320.4963,3771.0,Asia,1645148.0
Jordan,1972,2316.5706,3754.0,Asia,1714562.0
Jordan,1973,2260.6934,3806.0,Asia,1778096.0
Jordan,1974,2277.1426,3995.0,Asia,1839191.0
Jordan,1975,2234.7542,4117.0,Asia,1899059.0
Jordan,1976,2367.8535,4935.0,Asia,1958181.0
Jordan,1977,2430.8135,5072.0,Asia,2019008.0
Jordan,1978,2512.179,5926.0,Asia,2083604.0
Jordan,1979,2558.8364,6247.0,Asia,2153891.0
Jordan,1980,2595.2568,7141.0,Asia,2234192.0
Jordan,1981,2635.0747,7176.0,Asia,2325528.0
Jordan,1982,2629.5051,7401.0,Asia,2426933.0
Jordan,1983,2603.1138,7262.0,Asia,2537307.0
Jordan,1984,2624.8765,7599.0,Asia,2654689.0
Jordan,1985,2654.9888,7578.0,Asia,2778819.0
Jordan,1986,2587.764,7973.0,Asia,2909896.0
Jordan,1987,2600.757,7911.0,Asia,3047634.0
Jordan,1988,2584.227,7571.0,Asia,3193044.0
Jordan,1989,2529.157,6540.0,Asia,3349638.0
Jordan,1990,2569.088,6044.0,Asia,3621915.0
Jordan,1991,2550.1528,5900.5093,Asia,3915152.0
Jordan,1992,2483.7268,6456.123,Asia,4127699.0
Jordan,1993,2481.1333,6460.6626,Asia,4348018.0
Jordan,1994,2395.0977,6538.1733,Asia,4561409.0
Jordan,1995,2442.6775,6760.1084,Asia,4752097.0
Jordan,1996,2409.194,6783.229,Asia,4912518.0
Jordan,1997,2478.8315,6942.459,Asia,5046287.0
Jordan,1998,2445.3965,7120.4937,Asia,5164290.0
Jordan,1999,2366.2202,7340.4937,Asia,5276450.0
Jordan,2000,2413.169,7621.841,Asia,5386945.0
Jordan,2001,2496.2383,7982.7407,Asia,5498900.0
Jordan,2002,2564.9602,8394.055,Asia,5616077.0
Jordan,2003,2670.014,8669.625,Asia,5741837.0
Jordan,2004,2702.66,9288.616,Asia,5882066.0
Jordan,2005,2710.0386,9860.809,Asia,6029597.0
Jordan,2006,2663.2383,10404.562,Asia,6427377.0
Jordan,2007,2587.239,10938.805,Asia,6827235.0
Jordan,2008,2597.8425,11378.256,Asia,6989874.0
Jordan,2009,2682.0996,11651.25,Asia,7141763.0
Jordan,2010,2701.9204,11601.088,Asia,7297046.0
Jordan,2011,2662.0588,11615.0,Asia,7480431.0
Jordan,2012,2690.6313,11704.657,Asia,7587133.0
Jordan,2013,2709.9233,10834.426,Asia,7991812.0
Jordan,2014,2786.761,9765.811,Asia,8791715.0
Jordan,2015,2791.667,9307.248,Asia,9544730.0
Jordan,2016,2754.3015,9149.412,Asia,10006369.0
Jordan,2017,2719.2131,9186.477,Asia,10234227.0
Jordan,2018,2641.074,9174.501,Asia,10462310.0
Jordan,2019,2593.9346,9166.066,Asia,10671893.0
Jordan,2020,2596.3127,8896.383,Asia,10865232.0
Jordan,2021,2552.6785,9019.895,Asia,11066356.0
Jordan,2022,2563.9648,9151.479,Asia,11256269.0
Kazakhstan,1992,2730.4666,10012.611,Asia,17332624.0
Kazakhstan,1993,2716.7104,9173.638,Asia,17274487.0
Kazakhstan,1994,2721.6208,8178.791,Asia,17043775.0
Kazakhstan,1995,2668.4165,7674.0635,Asia,16730541.0
Kazakhstan,1996,2672.8948,7826.8574,Asia,16416036.0
Kazakhstan,1997,2684.6511,8093.796,Asia,16043250.0
Kazakhstan,1998,2588.411,8088.648,Asia,15647789.0
Kazakhstan,1999,2605.3027,8421.348,Asia,15455877.0
Kazakhstan,2000,2639.4778,9309.42,Asia,15501108.0
Kazakhstan,2001,2701.382,10589.103,Asia,15575550.0
Kazakhstan,2002,2741.2263,11640.18,Asia,15656680.0
Kazakhstan,2003,2784.3242,12726.287,Asia,15747377.0
Kazakhstan,2004,2800.795,13929.7295,Asia,15850164.0
Kazakhstan,2005,2861.271,15233.841,Asia,15968118.0
Kazakhstan,2006,2905.7,16786.555,Asia,16103718.0
Kazakhstan,2007,2993.5488,18181.06,Asia,16257212.0
Kazakhstan,2008,3019.4849,18665.766,Asia,16426527.0
Kazakhstan,2009,2986.8398,18750.541,Asia,16619851.0
Kazakhstan,2010,3083.3704,19964.53,Asia,16836808.0
Kazakhstan,2011,3132.9763,21302.0,Asia,17065996.0
Kazakhstan,2012,3129.0947,22089.924,Asia,17306115.0
Kazakhstan,2013,3157.4136,23110.025,Asia,17556502.0
Kazakhstan,2014,3131.1938,23819.748,Asia,17816285.0
Kazakhstan,2015,3111.3813,23782.562,Asia,18084175.0
Kazakhstan,2016,3116.0977,23731.512,Asia,18363600.0
Kazakhstan,2017,3192.7708,24396.78,Asia,18651931.0
Kazakhstan,2018,3280.3894,25142.707,Asia,18932725.0
Kazakhstan,2019,3290.702,26026.064,Asia,19209556.0
Kazakhstan,2020,3295.4827,25124.486,Asia,19482116.0
Kazakhstan,2021,3317.0771,25936.383,Asia,19743607.0
Kazakhstan,2022,3330.2756,26491.857,Asia,20034612.0
Kenya,1961,2354.0854,1093.0,Africa,7987768.0
Kenya,1962,2341.4604,1117.0,Africa,8299311.0
Kenya,1963,2213.5852,1138.0,Africa,8627972.0
Kenya,1964,2247.3184,1208.0,Africa,8973539.0
Kenya,1965,2348.237,1184.0,Africa,9338084.0
Kenya,1966,2320.8494,1294.0,Africa,9717825.0
Kenya,1967,2292.6953,1317.0,Africa,10111061.0
Kenya,1968,2303.3093,1366.0,Africa,10518828.0
Kenya,1969,2344.533,1404.0,Africa,10939697.0
Kenya,1970,2276.3691,1458.0,Africa,11368806.0
Kenya,1971,2276.243,1500.0,Africa,11788906.0
Kenya,1972,2326.3071,1524.0,Africa,12206063.0
Kenya,1973,2284.8818,1546.0,Africa,12634841.0
Kenya,1974,2303.0508,1564.0,Africa,13070078.0
Kenya,1975,2307.6072,1502.0,Africa,13511672.0
Kenya,1976,2350.4453,1503.0,Africa,13957620.0
Kenya,1977,2374.0442,1580.0,Africa,14428824.0
Kenya,1978,2387.4075,1656.0,Africa,14934127.0
Kenya,1979,2344.9966,1651.0,Africa,15460668.0
Kenya,1980,2328.7202,1675.0,Africa,16018465.0
Kenya,1981,2308.9146,1647.0,Africa,16601510.0
Kenya,1982,2305.4534,1680.0,Africa,17206177.0
Kenya,1983,2256.8242,1627.0,Africa,17846374.0
Kenya,1984,2086.0347,1594.0,Africa,18514908.0
Kenya,1985,2236.1187,1604.0,Africa,19201772.0
Kenya,1986,2280.8464,1658.0,Africa,19901643.0
Kenya,1987,2192.1248,1698.0,Africa,20616091.0
Kenya,1988,2124.4668,1741.0,Africa,21356222.0
Kenya,1989,2161.3057,1761.0,Africa,22118437.0
Kenya,1990,2092.3818,1780.0,Africa,22892655.0
Kenya,1991,2075.5671,1777.7838,Africa,23646514.0
Kenya,1992,1978.7292,1724.8744,Africa,24382466.0
Kenya,1993,1940.1991,1698.2542,Africa,25117192.0
Kenya,1994,2118.881,1729.7172,Africa,25857136.0
Kenya,1995,2118.0554,1789.8945,Africa,26601753.0
Kenya,1996,2114.14,1851.2814,Africa,27344211.0
Kenya,1997,2077.4514,1846.3738,Africa,28101762.0
Kenya,1998,2106.7317,1889.9731,Africa,28888063.0
Kenya,1999,2129.0823,1920.834,Africa,29733413.0
Kenya,2000,2091.9358,1914.8864,Africa,30642893.0
Kenya,2001,2099.1162,1972.3811,Africa,31619170.0
Kenya,2002,2046.0133,1961.8949,Africa,32629809.0
Kenya,2003,2019.0524,1997.7769,Africa,33652233.0
Kenya,2004,2029.08,2066.2102,Africa,34713453.0
Kenya,2005,2160.367,2157.8416,Africa,35796485.0
Kenya,2006,2152.3916,2255.2585,Africa,36904010.0
Kenya,2007,2094.226,2380.7764,Africa,38036354.0
Kenya,2008,2082.7224,2357.2324,Africa,39206349.0
Kenya,2009,2133.7168,2404.6296,Africa,40408887.0
Kenya,2010,2178.2075,2579.531,Africa,41598570.0
Kenya,2011,2185.3687,2712.0,Africa,42758467.0
Kenya,2012,2208.0542,2754.7646,Africa,43888306.0
Kenya,2013,2233.4456,2786.1372,Africa,44986794.0
Kenya,2014,2230.3345,2852.933,Africa,46051441.0
Kenya,2015,2236.1565,2921.3428,Africa,47088528.0
Kenya,2016,2174.695,2975.4795,Africa,48139683.0
Kenya,2017,2192.9468,3020.9817,Africa,49197757.0
Kenya,2018,2226.5967,3120.4314,Africa,50207109.0
Kenya,2019,2289.8923,3207.2622,Africa,51202829.0
Kenya,2020,2252.2285,3129.5852,Africa,52217327.0
Kenya,2021,2162.7363,3292.7585,Africa,53219167.0
Kenya,2022,2090.8738,3403.9238,Africa,54252458.0
Kuwait,1961,2137.7615,41622.0,Asia,345953.0
Kuwait,1962,2222.2827,42150.0,Asia,385005.0
Kuwait,1963,2179.2744,40377.0,Asia,427702.0
Kuwait,1964,2331.1726,40333.0,Asia,473122.0
Kuwait,1965,2363.8513,37511.0,Asia,521180.0
Kuwait,1966,2459.248,38335.0,Asia,572597.0
Kuwait,1967,2432.2437,35720.0,Asia,628104.0
Kuwait,1968,2439.0164,35546.0,Asia,687726.0
Kuwait,1969,2375.1902,33415.0,Asia,749460.0
Kuwait,1970,2379.4429,48927.0,Asia,809118.0
Kuwait,1971,2336.9148,49302.0,Asia,865079.0
Kuwait,1972,2406.8733,48283.0,Asia,920358.0
Kuwait,1973,2370.4438,42542.0,Asia,977665.0
Kuwait,1974,2374.9587,34962.0,Asia,1038354.0
Kuwait,1975,2411.9602,28950.0,Asia,1104869.0
Kuwait,1976,2512.2705,28956.0,Asia,1178717.0
Kuwait,1977,2554.492,26168.0,Asia,1258029.0
Kuwait,1978,2600.0972,26363.0,Asia,1340323.0
Kuwait,1979,2667.5002,28174.0,Asia,1423523.0
Kuwait,1980,2681.3413,21154.0,Asia,1504789.0
Kuwait,1981,2660.961,16402.0,Asia,1583428.0
Kuwait,1982,2738.4524,13845.0,Asia,1662489.0
Kuwait,1983,2723.189,14292.0,Asia,1744302.0
Kuwait,1984,2727.809,14384.0,Asia,1820692.0
Kuwait,1985,2668.627,13015.0,Asia,1894255.0
Kuwait,1986,2738.7454,13509.0,Asia,1972520.0
Kuwait,1987,2812.1873,12416.0,Asia,2053007.0
Kuwait,1988,2849.6716,12317.0,Asia,2134708.0
Kuwait,1989,2853.3901,12701.0,Asia,2217470.0
Kuwait,1990,2826.8203,9757.0,Asia,1684833.0
Kuwait,1991,2811.8926,6310.9067,Asia,1351403.0
Kuwait,1992,2565.1328,12965.067,Asia,1634968.0
Kuwait,1993,2617.212,19955.314,Asia,1672158.0
Kuwait,1994,2898.2095,24532.414,Asia,1664371.0
Kuwait,1995,3029.5435,27552.96,Asia,1681518.0
Kuwait,1996,2991.819,29612.66,Asia,1730255.0
Kuwait,1997,3054.7588,31511.191,Asia,1787692.0
Kuwait,1998,3134.3755,33331.297,Asia,1844308.0
Kuwait,1999,3249.376,33351.195,Asia,1900035.0
Kuwait,2000,3349.397,35844.746,Asia,1954713.0
Kuwait,2001,3434.9631,37225.87,Asia,2008127.0
Kuwait,2002,3424.9602,39943.15,Asia,2059983.0
Kuwait,2003,3511.1453,48809.71,Asia,2109886.0
Kuwait,2004,3569.8645,55911.793,Asia,2157329.0
Kuwait,2005,3670.6487,62959.6,Asia,2236797.0
Kuwait,2006,3666.27,68546.14,Asia,2364741.0
Kuwait,2007,3638.0803,73096.87,Asia,2507890.0
Kuwait,2008,3578.9792,75138.12,Asia,2651433.0
Kuwait,2009,3539.7026,70072.73,Asia,2795489.0
Kuwait,2010,3548.123,68865.31,Asia,2943374.0
Kuwait,2011,3584.6782,77126.0,Asia,3132815.0
Kuwait,2012,3551.6401,80657.13,Asia,3337025.0
Kuwait,2013,3589.5574,80098.64,Asia,3507755.0
Kuwait,2014,3553.3577,79103.414,Asia,3665769.0
Kuwait,2015,3542.3223,78261.195,Asia,3834465.0
Kuwait,2016,3454.7178,79289.17,Asia,4003976.0
Kuwait,2017,3420.6096,74427.02,Asia,4154686.0
Kuwait,2018,3427.2488,75163.984,Asia,4323389.0
Kuwait,2019,3468.6902,73748.44,Asia,4442201.0
Kuwait,2020,3450.3015,66365.99,Asia,4400146.0
Kuwait,2021,3416.473,66418.2,Asia,4360748.0
Kuwait,2022,3262.841,71533.516,Asia,4589514.0
Kyrgyzstan,1992,2598.8252,4362.113,Asia,4600308.0
Kyrgyzstan,1993,2345.646,3764.9421,Asia,4626809.0
Kyrgyzstan,1994,2361.7944,2993.828,Asia,4649190.0
Kyrgyzstan,1995,2322.478,2776.0303,Asia,4713641.0
Kyrgyzstan,1996,2415.7637,2901.5542,Asia,4782885.0
Kyrgyzstan,1997,2580.6445,3114.675,Asia,4847998.0
Kyrgyzstan,1998,2454.3682,3105.961,Asia,4907792.0
Kyrgyzstan,1999,2486.6753,3144.4612,Asia,4968593.0
Kyrgyzstan,2000,2362.5522,3246.383,Asia,5025150.0
Kyrgyzstan,2001,2416.3274,3357.993,Asia,5071960.0
Kyrgyzstan,2002,2433.904,3299.246,Asia,5116252.0
Kyrgyzstan,2003,2547.4978,3464.82,Asia,5159422.0
Kyrgyzstan,2004,2642.113,3632.1472,Asia,5203048.0
Kyrgyzstan,2005,2645.7747,3554.1855,Asia,5246337.0
Kyrgyzstan,2006,2559.062,3594.5652,Asia,5282451.0
Kyrgyzstan,2007,2591.4575,3831.4949,Asia,5313376.0
Kyrgyzstan,2008,2606.0244,4046.7207,Asia,5342530.0
Kyrgyzstan,2009,2669.5574,4075.834,Asia,5398013.0
Kyrgyzstan,2010,2670.917,3977.649,Asia,5491763.0
Kyrgyzstan,2011,2693.579,4142.0,Asia,5594537.0
Kyrgyzstan,2012,2706.0945,4103.82,Asia,5696521.0
Kyrgyzstan,2013,2696.502,4509.7515,Asia,5797294.0
Kyrgyzstan,2014,2679.0217,4644.326,Asia,5898322.0
Kyrgyzstan,2015,2683.5266,4772.76,Asia,6001876.0
Kyrgyzstan,2016,2638.867,4925.4097,Asia,6108460.0
Kyrgyzstan,2017,2685.9194,5104.14,Asia,6220148.0
Kyrgyzstan,2018,2714.0547,5226.4805,Asia,6341733.0
Kyrgyzstan,2019,2690.3562,5412.708,Asia,6494036.0
Kyrgyzstan,2020,2635.0657,4899.061,Asia,6664143.0
Kyrgyzstan,2021,2595.6458,5035.9272,Asia,6820483.0
Kyrgyzstan,2022,2632.252,5304.841,Asia,6955792.0
Laos,1961,1952.2799,779.0,Asia,2169800.0
Laos,1962,1924.071,787.0,Asia,2219918.0
Laos,1963,1946.7986,794.0,Asia,2271068.0
Laos,1964,1995.8645,802.0,Asia,2322828.0
Laos,1965,2019.0703,810.0,Asia,2376200.0
Laos,1966,2040.9512,818.0,Asia,2431088.0
Laos,1967,2037.1304,826.0,Asia,2487719.0
Laos,1968,2044.0979,834.0,Asia,2546381.0
Laos,1969,1992.6409,842.0,Asia,2606965.0
Laos,1970,2030.5686,850.0,Asia,2669703.0
Laos,1971,2035.9784,875.0,Asia,2734637.0
Laos,1972,2029.2805,886.0,Asia,2801657.0
Laos,1973,2021.8105,944.0,Asia,2870578.0
Laos,1974,1983.7197,958.0,Asia,2939759.0
Laos,1975,1959.6753,999.0,Asia,3005524.0
Laos,1976,1965.4976,1023.0,Asia,3064882.0
Laos,1977,2036.2041,993.0,Asia,3118926.0
Laos,1978,1958.58,991.0,Asia,3171753.0
Laos,1979,1920.6805,966.0,Asia,3228198.0
Laos,1980,1929.327,1054.0,Asia,3292575.0
Laos,1981,1922.6398,1199.0,Asia,3366638.0
Laos,1982,1933.506,1256.0,Asia,3450022.0
Laos,1983,1900.7908,1283.0,Asia,3541003.0
Laos,1984,1873.1378,1344.0,Asia,3637845.0
Laos,1985,1877.361,1382.0,Asia,3739985.0
Laos,1986,1900.4778,1409.0,Asia,3846720.0
Laos,1987,1927.9878,1350.0,Asia,3957624.0
Laos,1988,1871.4089,1286.0,Asia,4072608.0
Laos,1989,1903.6168,1428.0,Asia,4190972.0
Laos,1990,1983.7092,1481.0,Asia,4311960.0
Laos,1991,1960.7808,1512.4799,Asia,4435121.0
Laos,1992,1932.5128,1563.9058,Asia,4559650.0
Laos,1993,1932.3284,1622.5546,Asia,4685064.0
Laos,1994,1959.9806,1718.1158,Asia,4809223.0
Laos,1995,1952.5858,1801.5441,Asia,4929410.0
Laos,1996,2005.4009,1899.8959,Asia,5045686.0
Laos,1997,2014.2589,2002.236,Asia,5152015.0
Laos,1998,2031.5349,2050.8838,Asia,5248273.0
Laos,1999,2022.666,2167.7795,Asia,5340784.0
Laos,2000,2099.1643,2262.2356,Asia,5431213.0
Laos,2001,2072.4946,2365.1033,Asia,5521481.0
Laos,2002,2111.9055,2486.9893,Asia,5610888.0
Laos,2003,2149.7964,2625.3481,Asia,5697944.0
Laos,2004,2177.4304,2784.6802,Asia,5781627.0
Laos,2005,2238.642,2948.6997,Asia,5869531.0
Laos,2006,2217.7236,2896.1355,Asia,5963199.0
Laos,2007,2261.7368,3389.364,Asia,6056237.0
Laos,2008,2242.357,3614.4768,Asia,6148974.0
Laos,2009,2321.7607,3843.8298,Asia,6241649.0
Laos,2010,2887.059,4114.0103,Asia,6334198.0
Laos,2011,2971.797,4401.0,Asia,6426592.0
Laos,2012,2997.9805,4670.0,Asia,6518981.0
Laos,2013,3069.1306,4961.0,Asia,6611385.0
Laos,2014,3121.6724,5251.0,Asia,6703170.0
Laos,2015,3176.4717,5559.0,Asia,6801647.0
Laos,2016,3151.0854,5859.663,Asia,6908800.0
Laos,2017,3120.16,6168.1704,Asia,7018150.0
Laos,2018,3142.5723,6454.778,Asia,7128043.0
Laos,2019,3168.4297,6706.0063,Asia,7237635.0
Laos,2020,3150.5205,6824.144,Asia,7346534.0
Laos,2021,3115.805,6961.1216,Asia,7453192.0
Laos,2022,3156.3718,7168.1904,Asia,7559008.0
Latvia,1992,3258.2168,9411.195,Europe,2614833.0
Latvia,1993,3272.5986,8439.33,Europe,2563820.0
Latvia,1994,3178.736,8704.267,Europe,2521238.0
Latvia,1995,3075.5366,8709.07,Europe,2485948.0
Latvia,1996,2999.1135,8947.269,Europe,2457907.0
Latvia,1997,2921.1245,9773.499,Europe,2433229.0
Latvia,1998,2852.65,10429.767,Europe,2410217.0
Latvia,1999,2843.9612,10707.706,Europe,2390822.0
Latvia,2000,2788.1516,11309.74,Europe,2368320.0
Latvia,2001,2905.302,12103.828,Europe,2338299.0
Latvia,2002,3012.3352,13015.475,Europe,2311358.0
Latvia,2003,3045.6914,14142.125,Europe,2288983.0
Latvia,2004,3068.6028,15371.182,Europe,2264179.0
Latvia,2005,3124.4702,17069.656,Europe,2239787.0
Latvia,2006,3181.089,19128.69,Europe,2219039.0
Latvia,2007,3112.49,21042.367,Europe,2200774.0
Latvia,2008,3099.4329,20342.2,Europe,2177710.0
Latvia,2009,3129.482,17582.111,Europe,2142044.0
Latvia,2010,3148.0767,17140.227,Europe,2097834.0
Latvia,2011,3190.6313,18428.0,Europe,2059940.0
Latvia,2012,3170.141,19970.031,Europe,2034639.0
Latvia,2013,3256.2007,20581.918,Europe,2013004.0
Latvia,2014,3232.7861,21168.535,Europe,1994153.0
Latvia,2015,3212.0579,22179.42,Europe,1977874.0
Latvia,2016,3222.0522,22913.023,Europe,1959863.0
Latvia,2017,3227.6138,23893.832,Europe,1942599.0
Latvia,2018,3261.6648,25039.865,Europe,1927586.0
Latvia,2019,3269.6418,25858.602,Europe,1914267.0
Latvia,2020,3235.101,25453.064,Europe,1901119.0
Latvia,2021,3253.593,26738.615,Europe,1885593.0
Latvia,2022,3259.167,27220.303,Europe,1881059.0
Lebanon,1961,2438.4949,6027.0,Asia,1850090.0
Lebanon,1962,2484.9011,6089.0,Asia,1909583.0
Lebanon,1963,2446.0913,5973.0,Asia,1970319.0
Lebanon,1964,2471.6587,6156.0,Asia,2030547.0
Lebanon,1965,2475.742,6572.0,Asia,2088838.0
Lebanon,1966,2451.0908,6811.0,Asia,2148255.0
Lebanon,1967,2474.8882,6295.0,Asia,2206736.0
Lebanon,1968,2502.3274,6876.0,Asia,2266376.0
Lebanon,1969,2432.6125,6824.0,Asia,2328162.0
Lebanon,1970,2412.4036,7084.0,Asia,2386119.0
Lebanon,1971,2414.3154,7533.0,Asia,2446319.0
Lebanon,1972,2413.4077,8228.0,Asia,2509730.0
Lebanon,1973,2412.594,8397.0,Asia,2572932.0
Lebanon,1974,2407.828,8383.0,Asia,2635185.0
Lebanon,1975,2330.9517,5742.0,Asia,2693197.0
Lebanon,1976,2351.7056,2442.0,Asia,2726474.0
Lebanon,1977,2473.7622,4417.0,Asia,2762162.0
Lebanon,1978,2458.5562,4218.0,Asia,2822681.0
Lebanon,1979,2474.2017,4536.0,Asia,2882635.0
Lebanon,1980,2500.8228,4608.0,Asia,2944765.0
Lebanon,1981,2429.0928,4549.0,Asia,3008985.0
Lebanon,1982,2475.2551,2823.0,Asia,3054932.0
Lebanon,1983,2505.387,3402.0,Asia,3095001.0
Lebanon,1984,2492.9565,4828.0,Asia,3152742.0
Lebanon,1985,2440.3857,5895.0,Asia,3217377.0
Lebanon,1986,2391.183,5400.0,Asia,3300373.0
Lebanon,1987,2370.8618,6202.0,Asia,3385557.0
Lebanon,1988,2415.8657,4385.0,Asia,3454647.0
Lebanon,1989,2455.0452,2488.0,Asia,3525288.0
Lebanon,1990,2430.702,3086.0,Asia,3595175.0
Lebanon,1991,2461.0298,4326.2993,Asia,3668916.0
Lebanon,1992,2450.4587,4618.0054,Asia,3747375.0
Lebanon,1993,2469.2256,5053.2803,Asia,3820652.0
Lebanon,1994,2511.6702,5585.667,Asia,3889802.0
Lebanon,1995,2519.3694,6095.397,Asia,3960741.0
Lebanon,1996,2504.1228,6567.4004,Asia,4034782.0
Lebanon,1997,2540.103,6581.053,Asia,4108409.0
Lebanon,1998,2507.5625,6994.1567,Asia,4181287.0
Lebanon,1999,2509.113,7147.5547,Asia,4255278.0
Lebanon,2000,2456.8796,7405.707,Asia,4329345.0
Lebanon,2001,2529.6055,7836.8267,Asia,4401923.0
Lebanon,2002,2575.85,8248.101,Asia,4463505.0
Lebanon,2003,2607.5762,8671.1875,Asia,4525513.0
Lebanon,2004,2660.5115,9491.61,Asia,4599285.0
Lebanon,2005,2664.7686,9933.082,Asia,4671105.0
Lebanon,2006,2686.1394,10236.868,Asia,4751146.0
Lebanon,2007,2720.3337,11276.507,Asia,4844119.0
Lebanon,2008,2657.5977,12479.107,Asia,4925359.0
Lebanon,2009,2674.6353,14039.346,Asia,4992295.0
Lebanon,2010,3062.1372,15622.367,Asia,5041290.0
Lebanon,2011,3014.5513,16230.0,Asia,5096018.0
Lebanon,2012,3016.3833,16284.763,Asia,5235742.0
Lebanon,2013,2967.5571,15145.569,Asia,5743441.0
Lebanon,2014,2932.5132,13586.273,Asia,6346993.0
Lebanon,2015,2890.693,12982.721,Asia,6472470.0
Lebanon,2016,2899.1096,13073.557,Asia,6323061.0
Lebanon,2017,2901.6545,13209.284,Asia,6160129.0
Lebanon,2018,2908.0767,13236.691,Asia,5984120.0
Lebanon,2019,2882.3135,12854.797,Asia,5794601.0
Lebanon,2020,2870.19,10182.637,Asia,5702400.0
Lebanon,2021,2843.13,10573.861,Asia,5718129.0
Lebanon,2022,2796.6702,10341.159,Asia,5744492.0
Lesotho,1961,2297.288,813.0,Africa,758833.0
Lesotho,1962,2260.7893,918.0,Africa,781819.0
Lesotho,1963,2319.2207,995.0,Africa,805374.0
Lesotho,1964,2237.1907,1054.0,Africa,829442.0
Lesotho,1965,2263.423,1054.0,Africa,854094.0
Lesotho,1966,2156.8674,1025.0,Africa,881879.0
Lesotho,1967,2133.258,1113.0,Africa,913986.0
Lesotho,1968,2094.6602,1084.0,Africa,948108.0
Lesotho,1969,2039.0693,1074.0,Africa,983200.0
Lesotho,1970,2040.16,1073.0,Africa,1019273.0
Lesotho,1971,2077.5688,952.0,Africa,1056248.0
Lesotho,1972,1996.5834,1108.0,Africa,1094069.0
Lesotho,1973,1915.4556,1364.0,Africa,1132706.0
Lesotho,1974,2010.6464,1414.0,Africa,1172420.0
Lesotho,1975,1971.0938,1270.0,Africa,1213650.0
Lesotho,1976,2051.9783,1447.0,Africa,1253217.0
Lesotho,1977,2138.768,1658.0,Africa,1289966.0
Lesotho,1978,2203.8428,1934.0,Africa,1327244.0
Lesotho,1979,2133.6362,1678.0,Africa,1366171.0
Lesotho,1980,2099.1467,1589.0,Africa,1406530.0
Lesotho,1981,2146.603,1564.0,Africa,1448073.0
Lesotho,1982,2091.3257,1576.0,Africa,1490732.0
Lesotho,1983,2142.9412,1561.0,Africa,1534414.0
Lesotho,1984,2095.538,1589.0,Africa,1578992.0
Lesotho,1985,2083.9937,1600.0,Africa,1624385.0
Lesotho,1986,2075.4167,1645.0,Africa,1666140.0
Lesotho,1987,2035.4175,1621.0,Africa,1703395.0
Lesotho,1988,2039.757,1736.0,Africa,1739847.0
Lesotho,1989,2058.6255,1804.0,Africa,1775437.0
Lesotho,1990,2059.2034,1882.0,Africa,1809698.0
Lesotho,1991,2106.5935,1853.543,Africa,1842383.0
Lesotho,1992,2110.799,1914.6238,Africa,1873281.0
Lesotho,1993,2116.0286,1903.6763,Africa,1901799.0
Lesotho,1994,2152.1023,1924.0946,Africa,1927708.0
Lesotho,1995,2063.6975,1888.699,Africa,1951441.0
Lesotho,1996,2128.5686,1931.6608,Africa,1972424.0
Lesotho,1997,2173.4868,1940.3105,Africa,1988140.0
Lesotho,1998,2213.157,1922.6793,Africa,1998048.0
Lesotho,1999,2255.8677,1923.9032,Africa,2003238.0
Lesotho,2000,2280.2678,1967.4332,Africa,2003919.0
Lesotho,2001,2324.9614,1997.3577,Africa,2000859.0
Lesotho,2002,2377.6475,1959.028,Africa,1994686.0
Lesotho,2003,2408.835,2003.09,Africa,1985060.0
Lesotho,2004,2464.7751,2004.0602,Africa,1971130.0
Lesotho,2005,2531.4077,2013.8077,Africa,1953080.0
Lesotho,2006,2588.2412,2056.3296,Africa,1945066.0
Lesotho,2007,2563.574,2106.84,Africa,1953273.0
Lesotho,2008,2565.093,2177.8574,Africa,1966547.0
Lesotho,2009,2580.8225,2199.3948,Africa,1980884.0
Lesotho,2010,2531.5583,2313.882,Africa,1996256.0
Lesotho,2011,2541.901,2346.0,Africa,2014015.0
Lesotho,2012,2494.2314,2456.0,Africa,2034363.0
Lesotho,2013,2345.12,2559.0,Africa,2056509.0
Lesotho,2014,2211.2478,2644.0,Africa,2080091.0
Lesotho,2015,2086.1736,2710.0,Africa,2104614.0
Lesotho,2016,2099.4878,2774.5996,Africa,2130424.0
Lesotho,2017,2176.238,2654.4136,Africa,2157117.0
Lesotho,2018,2196.4287,2582.512,Africa,2183611.0
Lesotho,2019,1999.0173,2514.2244,Africa,2209414.0
Lesotho,2020,1814.5503,2297.383,Africa,2235727.0
Lesotho,2021,1816.0311,2311.8909,Africa,2261549.0
Lesotho,2022,1821.1132,2312.9583,Africa,2286112.0
Liberia,1961,1982.6569,3663.0,Africa,1167721.0
Liberia,1962,2016.3954,3612.0,Africa,1197042.0
Liberia,1963,2092.8193,3598.0,Africa,1227417.0
Liberia,1964,2109.1226,3679.0,Africa,1258749.0
Liberia,1965,2093.2583,3639.0,Africa,1291155.0
Liberia,1966,2221.3389,4208.0,Africa,1324390.0
Liberia,1967,2126.746,4065.0,Africa,1358439.0
Liberia,1968,2176.484,4136.0,Africa,1393532.0
Liberia,1969,2056.6826,4309.0,Africa,1429612.0
Liberia,1970,2311.0337,4457.0,Africa,1466677.0
Liberia,1971,2397.2324,4544.0,Africa,1504082.0
Liberia,1972,2288.1865,4568.0,Africa,1542674.0
Liberia,1973,2321.7317,4603.0,Africa,1583590.0
Liberia,1974,2331.143,4616.0,Africa,1626363.0
Liberia,1975,2214.0332,4326.0,Africa,1670914.0
Liberia,1976,2339.6655,4415.0,Africa,1717071.0
Liberia,1977,2476.6243,4339.0,Africa,1766028.0
Liberia,1978,2460.051,4463.0,Africa,1818255.0
Liberia,1979,2510.7988,4546.0,Africa,1872714.0
Liberia,1980,2436.3325,4138.0,Africa,1929260.0
Liberia,1981,2484.5144,3862.0,Africa,1986864.0
Liberia,1982,2544.6565,3813.0,Africa,2045076.0
Liberia,1983,2439.0251,3572.0,Africa,2107114.0
Liberia,1984,2397.6802,3443.0,Africa,2173314.0
Liberia,1985,2388.652,3269.0,Africa,2240549.0
Liberia,1986,2393.8877,3129.0,Africa,2308516.0
Liberia,1987,2311.2551,3084.0,Africa,2377233.0
Liberia,1988,2300.414,3070.0,Africa,2446942.0
Liberia,1989,2210.9553,3054.0,Africa,2517864.0
Liberia,1990,2045.6251,1690.0,Africa,2223667.0
Liberia,1991,2482.5498,1568.4043,Africa,1956523.0
Liberia,1992,2244.9087,915.1206,Africa,2072466.0
Liberia,1993,1974.2272,560.333,Africa,2155135.0
Liberia,1994,1942.0604,418.12158,Africa,2149929.0
Liberia,1995,1906.2802,377.58008,Africa,2169167.0
Liberia,1996,1958.4507,391.0859,Africa,2232286.0
Liberia,1997,2126.8381,701.7854,Africa,2412995.0
Liberia,1998,2053.966,772.67645,Africa,2670128.0
Liberia,1999,2033.8904,848.42114,Africa,2821689.0
Liberia,2000,2095.8262,971.93304,Africa,2928117.0
Liberia,2001,2026.9541,1097.2496,Africa,3015343.0
Liberia,2002,2050.1165,1342.7588,Africa,3094793.0
Liberia,2003,2053.9363,851.91095,Africa,3119534.0
Liberia,2004,2110.626,760.8758,Africa,3156893.0
Liberia,2005,2139.7048,755.2236,Africa,3301016.0
Liberia,2006,2051.8726,769.29297,Africa,3490792.0
Liberia,2007,2059.0317,768.20703,Africa,3669050.0
Liberia,2008,2140.7375,811.158,Africa,3821006.0
Liberia,2009,2161.9517,838.452,Africa,3943035.0
Liberia,2010,2112.7856,854.235,Africa,4058897.0
Liberia,2011,2095.8955,820.0,Africa,4221177.0
Liberia,2012,2101.8772,853.0,Africa,4373046.0
Liberia,2013,2074.4124,900.0,Africa,4470246.0
Liberia,2014,2110.374,884.0,Africa,4564299.0
Liberia,2015,2097.5872,865.0,Africa,4659436.0
Liberia,2016,2133.219,843.52625,Africa,4755607.0
Liberia,2017,2153.5996,848.2952,Africa,4848927.0
Liberia,2018,2118.8293,842.37573,Africa,4944728.0
Liberia,2019,2105.503,807.3494,Africa,5043719.0
Liberia,2020,2084.3086,768.40546,Africa,5149470.0
Liberia,2021,2074.5527,790.2841,Africa,5259327.0
Liberia,2022,2075.7075,811.2146,Africa,5373297.0
Libya,2010,3085.4912,29157.143,Africa,6497837.0
Libya,2011,2995.8806,12893.0,Africa,6343210.0
Libya,2012,2961.653,25302.516,Africa,6179327.0
Libya,2013,2988.3496,20190.09,Africa,6304636.0
Libya,2014,2942.4792,15154.099,Africa,6427260.0
Libya,2015,2968.359,14720.548,Africa,6531825.0
Libya,2016,2963.8198,14219.172,Africa,6632130.0
Libya,2017,2960.5066,18455.953,Africa,6738771.0
Libya,2018,2974.2063,19504.555,Africa,6849058.0
Libya,2019,3005.358,16971.502,Africa,6951040.0
Libya,2020,2964.7673,11741.864,Africa,7045403.0
Libya,2021,3019.076,14797.098,Africa,7135179.0
Libya,2022,3013.0144,12755.204,Africa,7223804.0
Lithuania,1992,2977.0984,10240.939,Europe,3697552.0
Lithuania,1993,2808.727,8621.097,Europe,3680201.0
Lithuania,1994,2777.2769,7830.0054,Europe,3654893.0
Lithuania,1995,2824.749,8299.47,Europe,3627038.0
Lithuania,1996,3012.245,8793.701,Europe,3599721.0
Lithuania,1997,3191.5352,9592.64,Europe,3573418.0
Lithuania,1998,3204.112,10382.117,Europe,3547768.0
Lithuania,1999,3139.1968,10336.3955,Europe,3522905.0
Lithuania,2000,3157.8245,10806.874,Europe,3500410.0
Lithuania,2001,3258.6387,11606.729,Europe,3473008.0
Lithuania,2002,3254.0737,12490.621,Europe,3444051.0
Lithuania,2003,3252.113,13917.508,Europe,3415276.0
Lithuania,2004,3317.5002,14995.767,Europe,3376703.0
Lithuania,2005,3426.2422,16417.95,Europe,3322264.0
Lithuania,2006,3433.3425,17916.059,Europe,3269809.0
Lithuania,2007,3517.3755,20138.473,Europe,3231378.0
Lithuania,2008,3460.9062,20879.803,Europe,3198482.0
Lithuania,2009,3402.805,17983.35,Europe,3163255.0
Lithuania,2010,3229.5095,18663.762,Europe,3097721.0
Lithuania,2011,3343.9116,20243.0,Europe,3028642.0
Lithuania,2012,3325.6692,21305.004,Europe,2988334.0
Lithuania,2013,3385.1833,22285.684,Europe,2958359.0
Lithuania,2014,3401.1353,23273.172,Europe,2933171.0
Lithuania,2015,3381.421,23968.848,Europe,2905771.0
Lithuania,2016,3395.9133,24886.84,Europe,2869109.0
Lithuania,2017,3411.797,26318.023,Europe,2829317.0
Lithuania,2018,3364.3254,27631.46,Europe,2802485.0
Lithuania,2019,3359.2976,28986.053,Europe,2795057.0
Lithuania,2020,3363.7966,28971.844,Europe,2795766.0
Lithuania,2021,3366.1892,30557.03,Europe,2794490.0
Lithuania,2022,3326.0994,30863.32,Europe,2816923.0
Luxembourg,2000,3477.8672,50063.824,Europe,436142.0
Luxembourg,2001,3470.1667,50527.664,Europe,441754.0
Luxembourg,2002,3465.3308,51709.734,Europe,446392.0
Luxembourg,2003,3451.5884,51717.03,Europe,451845.0
Luxembourg,2004,3441.001,52624.164,Europe,458305.0
Luxembourg,2005,3446.5466,53262.094,Europe,465369.0
Luxembourg,2006,3454.0857,54920.81,Europe,472869.0
Luxembourg,2007,3469.8225,58369.703,Europe,480277.0
Luxembourg,2008,3496.6758,56383.19,Europe,488995.0
Luxembourg,2009,3509.6187,52731.39,Europe,498196.0
Luxembourg,2010,3467.0405,54086.336,Europe,507418.0
Luxembourg,2011,3454.7034,54031.0,Europe,518583.0
Luxembourg,2012,3427.8179,53675.46,Europe,530951.0
Luxembourg,2013,3427.5024,53973.395,Europe,543358.0
Luxembourg,2014,3414.19,54100.086,Europe,556285.0
Luxembourg,2015,3379.0483,54251.45,Europe,569540.0
Luxembourg,2016,3365.481,55516.098,Europe,583511.0
Luxembourg,2017,3377.6099,55037.188,Europe,596506.0
Luxembourg,2018,3405.715,54625.96,Europe,608109.0
Luxembourg,2019,3512.1138,54751.6,Europe,620167.0
Luxembourg,2020,3476.3438,53489.332,Europe,630597.0
Luxembourg,2021,3464.729,55346.676,Europe,640276.0
Luxembourg,2022,3452.5415,55484.777,Europe,653315.0
Madagascar,1961,2420.73,1795.0,Africa,5246163.0
Madagascar,1962,2388.101,1800.0,Africa,5384155.0
Madagascar,1963,2442.004,1747.0,Africa,5525189.0
Madagascar,1964,2495.0981,1779.0,Africa,5669867.0
Madagascar,1965,2468.555,1734.0,Africa,5819117.0
Madagascar,1966,2422.9573,1733.0,Africa,5974281.0
Madagascar,1967,2450.9666,1790.0,Africa,6136495.0
Madagascar,1968,2505.455,1871.0,Africa,6306501.0
Madagascar,1969,2510.7646,1900.0,Africa,6484718.0
Madagascar,1970,2468.9553,1954.0,Africa,6672004.0
Madagascar,1971,2535.1694,1986.0,Africa,6868874.0
Madagascar,1972,2488.19,1916.0,Africa,7074405.0
Madagascar,1973,2453.33,1824.0,Africa,7288053.0
Madagascar,1974,2506.017,1816.0,Africa,7509733.0
Madagascar,1975,2489.3293,1795.0,Africa,7739341.0
Madagascar,1976,2533.5603,1694.0,Africa,7976838.0
Madagascar,1977,2411.874,1691.0,Africa,8222240.0
Madagascar,1978,2396.0588,1604.0,Africa,8475862.0
Madagascar,1979,2349.5972,1714.0,Africa,8737585.0
Madagascar,1980,2356.2214,1680.0,Africa,9006039.0
Madagascar,1981,2359.2554,1492.0,Africa,9279017.0
Madagascar,1982,2177.4949,1423.0,Africa,9557679.0
Madagascar,1983,2320.5488,1395.0,Africa,9843046.0
Madagascar,1984,2291.7795,1305.0,Africa,10134559.0
Madagascar,1985,2278.7708,1296.0,Africa,10433143.0
Madagascar,1986,2273.2705,1267.0,Africa,10736862.0
Madagascar,1987,2188.6536,1258.0,Africa,11047297.0
Madagascar,1988,2090.5508,1240.0,Africa,11369458.0
Madagascar,1989,2097.5942,1251.0,Africa,11705002.0
Madagascar,1990,2098.3762,1262.0,Africa,12055649.0
Madagascar,1991,2008.6367,1160.6705,Africa,12421413.0
Madagascar,1992,2010.9677,1152.6461,Africa,12800870.0
Madagascar,1993,2008.1166,1154.1895,Africa,13197353.0
Madagascar,1994,1947.3038,1132.1718,Africa,13613859.0
Madagascar,1995,1940.6938,1129.8485,Africa,14051279.0
Madagascar,1996,1931.661,1132.4437,Africa,14510712.0
Madagascar,1997,1930.8206,1152.1545,Africa,14990818.0
Madagascar,1998,1922.1106,1174.2272,Africa,15489364.0
Madagascar,1999,1913.5381,1206.8938,Africa,16000506.0
Madagascar,2000,1912.317,1238.7764,Africa,16516336.0
Madagascar,2001,1899.752,1290.1064,Africa,17032933.0
Madagascar,2002,1856.7037,1110.8217,Africa,17549915.0
Madagascar,2003,1886.5443,1198.4432,Africa,18071860.0
Madagascar,2004,1890.2286,1239.897,Africa,18606606.0
Madagascar,2005,1966.4911,1276.4868,Africa,19159711.0
Madagascar,2006,1987.4677,1322.4795,Africa,19730916.0
Madagascar,2007,1998.2496,1384.185,Africa,20318590.0
Madagascar,2008,1962.811,1458.7854,Africa,20923842.0
Madagascar,2009,1964.25,1367.6863,Africa,21547277.0
Madagascar,2010,2093.6055,1349.6199,Africa,22183343.0
Madagascar,2011,2107.7612,1347.0,Africa,22822305.0
Madagascar,2012,2097.776,1350.6381,Africa,23462444.0
Madagascar,2013,2049.1797,1345.351,Africa,24109290.0
Madagascar,2014,2045.7927,1354.1407,Africa,24764356.0
Madagascar,2015,2012.1879,1360.7545,Africa,25426703.0
Madagascar,2016,2000.7726,1379.3699,Africa,26099950.0
Madagascar,2017,1981.1804,1398.0183,Africa,26788379.0
Madagascar,2018,1972.9302,1407.4424,Africa,27494930.0
Madagascar,2019,1946.014,1434.2703,Africa,28219559.0
Madagascar,2020,1932.2366,1300.5428,Africa,28953560.0
Madagascar,2021,1925.5424,1343.4438,Africa,29691087.0
Madagascar,2022,1924.9441,1367.0938,Africa,30437261.0
Malawi,1961,1953.223,644.0,Africa,3715543.0
Malawi,1962,1953.6039,626.0,Africa,3806310.0
Malawi,1963,2045.0315,599.0,Africa,3900513.0
Malawi,1964,2154.1536,572.0,Africa,3997309.0
Malawi,1965,2186.7798,633.0,Africa,4096158.0
Malawi,1966,2168.049,679.0,Africa,4197929.0
Malawi,1967,2127.8052,725.0,Africa,4303018.0
Malawi,1968,2197.8716,697.0,Africa,4411055.0
Malawi,1969,2181.4463,722.0,Africa,4521184.0
Malawi,1970,2294.352,713.0,Africa,4633949.0
Malawi,1971,2358.807,794.0,Africa,4751441.0
Malawi,1972,2334.6865,851.0,Africa,4874479.0
Malawi,1973,2406.108,896.0,Africa,5003935.0
Malawi,1974,2404.6833,928.0,Africa,5141342.0
Malawi,1975,2383.68,934.0,Africa,5287371.0
Malawi,1976,2386.5107,942.0,Africa,5443390.0
Malawi,1977,2367.1375,961.0,Africa,5614993.0
Malawi,1978,2337.683,1015.0,Africa,5810135.0
Malawi,1979,2273.1067,1030.0,Africa,6028750.0
Malawi,1980,2211.8826,1004.0,Africa,6265529.0
Malawi,1981,2221.98,925.0,Africa,6516460.0
Malawi,1982,2188.6282,904.0,Africa,6778885.0
Malawi,1983,2058.9011,913.0,Africa,7051707.0
Malawi,1984,1965.1425,925.0,Africa,7332811.0
Malawi,1985,1983.918,966.0,Africa,7620509.0
Malawi,1986,1959.0703,936.0,Africa,7906485.0
Malawi,1987,1961.5411,905.0,Africa,8293173.0
Malawi,1988,1981.5029,872.0,Africa,8753265.0
Malawi,1989,1929.9036,864.0,Africa,9176223.0
Malawi,1990,1893.1884,861.0,Africa,9545860.0
Malawi,1991,1876.8109,899.9751,Africa,9844228.0
Malawi,1992,1733.2075,802.9305,Africa,10135082.0
Malawi,1993,1790.7458,865.7632,Africa,10284027.0
Malawi,1994,1842.4828,791.55005,Africa,10164899.0
Malawi,1995,1967.2528,906.879,Africa,10150122.0
Malawi,1996,1978.1831,972.82135,Africa,10352227.0
Malawi,1997,2026.222,1005.8521,Africa,10562035.0
Malawi,1998,2097.791,986.0287,Africa,10792877.0
Malawi,1999,2172.1338,989.83594,Africa,11047812.0
Malawi,2000,2204.9841,967.0872,Africa,11315947.0
Malawi,2001,2240.7727,899.2305,Africa,11593057.0
Malawi,2002,2181.5156,886.1978,Africa,11880443.0
Malawi,2003,2178.2202,905.7955,Africa,12181575.0
Malawi,2004,2177.8281,922.7613,Africa,12500736.0
Malawi,2005,2205.4985,920.0499,Africa,12840034.0
Malawi,2006,2287.79,929.4762,Africa,13198699.0
Malawi,2007,2316.2498,982.39166,Africa,13576344.0
Malawi,2008,2344.799,1017.8208,Africa,13976415.0
Malawi,2009,2339.4485,1061.9495,Africa,14395788.0
Malawi,2010,2556.106,1091.5876,Africa,14826466.0
Malawi,2011,2562.478,1102.0,Africa,15265026.0
Malawi,2012,2590.2468,1089.3064,Africa,15709577.0
Malawi,2013,2586.0554,1112.7039,Africa,16161816.0
Malawi,2014,2557.389,1142.9807,Africa,16621534.0
Malawi,2015,2602.7668,1144.3241,Africa,17085587.0
Malawi,2016,2573.8452,1138.7363,Africa,17557741.0
Malawi,2017,2582.6807,1153.043,Africa,18039714.0
Malawi,2018,2591.2292,1172.6713,Africa,18528086.0
Malawi,2019,2574.812,1205.477,Africa,19025748.0
Malawi,2020,2620.2634,1186.6827,Africa,19533885.0
Malawi,2021,2642.4521,1211.2092,Africa,20047264.0
Malawi,2022,2621.5164,1190.0509,Africa,20568731.0
Malaysia,1961,2496.3503,2538.0,Asia,8164448.0
Malaysia,1962,2531.127,2609.0,Asia,8380174.0
Malaysia,1963,2566.1614,2660.0,Asia,8602166.0
Malaysia,1964,2552.0164,2754.0,Asia,8828416.0
Malaysia,1965,2558.2937,2876.0,Asia,9056415.0
Malaysia,1966,2562.5994,2942.0,Asia,9284693.0
Malaysia,1967,2584.6096,2917.0,Asia,9507107.0
Malaysia,1968,2649.1372,3096.0,Asia,9725283.0
Malaysia,1969,2731.7693,3196.0,Asia,9947604.0
Malaysia,1970,2771.5122,3314.0,Asia,10178802.0
Malaysia,1971,2710.8943,3475.0,Asia,10423466.0
Malaysia,1972,2740.266,3649.0,Asia,10676839.0
Malaysia,1973,2796.0154,4081.0,Asia,10935622.0
Malaysia,1974,2832.3242,4285.0,Asia,11200903.0
Malaysia,1975,2786.1045,4221.0,Asia,11471914.0
Malaysia,1976,2806.2927,4638.0,Asia,11750093.0
Malaysia,1977,2827.8235,4903.0,Asia,12035716.0
Malaysia,1978,2859.2288,5214.0,Asia,12328158.0
Malaysia,1979,2921.5488,5510.0,Asia,12627866.0
Malaysia,1980,2944.0244,5829.0,Asia,12983365.0
Malaysia,1981,2906.014,6095.0,Asia,13399206.0
Malaysia,1982,2879.824,6303.0,Asia,13832796.0
Malaysia,1983,2890.1252,6529.0,Asia,14285914.0
Malaysia,1984,2883.9604,6867.0,Asia,14759013.0
Malaysia,1985,2759.5828,6626.0,Asia,15252262.0
Malaysia,1986,2732.7568,6543.0,Asia,15760425.0
Malaysia,1987,2676.4602,6723.0,Asia,16276735.0
Malaysia,1988,2690.4028,7144.0,Asia,16796612.0
Malaysia,1989,2690.5637,7634.0,Asia,17315003.0
Malaysia,1990,2704.1016,8179.0,Asia,17833179.0
Malaysia,1991,2702.0776,8781.209,Asia,18342474.0
Malaysia,1992,2821.4202,9383.933,Asia,18834569.0
Malaysia,1993,2851.7646,10131.93,Asia,19322667.0
Malaysia,1994,2891.3098,10867.256,Asia,19820446.0
Malaysia,1995,2972.568,11725.093,Asia,20330602.0
Malaysia,1996,2981.486,12668.668,Asia,20850085.0
Malaysia,1997,2966.605,13344.57,Asia,21375225.0
Malaysia,1998,2947.0984,12129.636,Asia,21906713.0
Malaysia,1999,2969.725,12636.607,Asia,22435532.0
Malaysia,2000,2897.0564,13474.701,Asia,22967817.0
Malaysia,2001,2866.8647,13307.215,Asia,23526535.0
Malaysia,2002,2809.8538,13809.872,Asia,24102477.0
Malaysia,2003,2817.9324,14362.155,Asia,24679604.0
Malaysia,2004,2840.1182,15087.251,Asia,25256773.0
Malaysia,2005,2792.7483,15651.118,Asia,25836075.0
Malaysia,2006,2799.3337,16353.924,Asia,26417909.0
Malaysia,2007,2818.6182,17209.584,Asia,26998383.0
Malaysia,2008,2759.903,17865.64,Asia,27570052.0
Malaysia,2009,2805.2063,17430.445,Asia,28124779.0
Malaysia,2010,2833.5032,18574.299,Asia,28655772.0
Malaysia,2011,2865.8499,19390.0,Asia,29162034.0
Malaysia,2012,2888.1443,20162.178,Asia,29662835.0
Malaysia,2013,2847.142,20819.164,Asia,30174269.0
Malaysia,2014,2833.239,21769.006,Asia,30696133.0
Malaysia,2015,2876.509,22550.342,Asia,31232796.0
Malaysia,2016,2864.132,23251.902,Asia,31789692.0
Malaysia,2017,2893.5483,24301.559,Asia,32355642.0
Malaysia,2018,2893.876,25175.799,Asia,32910963.0
Malaysia,2019,2893.285,25986.412,Asia,33440590.0
Malaysia,2020,2937.1648,24279.316,Asia,33889554.0
Malaysia,2021,2918.0093,24764.65,Asia,34282404.0
Malaysia,2022,2937.749,26628.707,Asia,34695494.0
Mali,1961,1544.955,840.0,Africa,5482288.0
Mali,1962,1590.3353,827.0,Africa,5563921.0
Mali,1963,1645.0873,866.0,Africa,5646606.0
Mali,1964,1592.9083,888.0,Africa,5730130.0
Mali,1965,1569.0962,881.0,Africa,5815483.0
Mali,1966,1569.1143,899.0,Africa,5902209.0
Mali,1967,1601.7196,910.0,Africa,5990908.0
Mali,1968,1703.7505,923.0,Africa,6082987.0
Mali,1969,1585.2517,899.0,Africa,6177698.0
Mali,1970,1790.4403,934.0,Africa,6276476.0
Mali,1971,1554.4049,945.0,Africa,6377945.0
Mali,1972,1522.3915,971.0,Africa,6483730.0
Mali,1973,1499.9711,926.0,Africa,6597114.0
Mali,1974,1619.6627,883.0,Africa,6715435.0
Mali,1975,1687.8129,982.0,Africa,6837265.0
Mali,1976,1659.8165,1090.0,Africa,6960979.0
Mali,1977,1582.993,1148.0,Africa,7090985.0
Mali,1978,1494.952,1101.0,Africa,7229654.0
Mali,1979,1580.3661,1345.0,Africa,7375272.0
Mali,1980,1500.7366,1168.0,Africa,7530522.0
Mali,1981,1430.7211,1111.0,Africa,7692763.0
Mali,1982,1599.4741,1030.0,Africa,7860196.0
Mali,1983,1543.1532,1057.0,Africa,8034400.0
Mali,1984,1629.4128,1084.0,Africa,8208599.0
Mali,1985,1854.1986,1089.0,Africa,8374661.0
Mali,1986,1949.3805,1138.0,Africa,8531272.0
Mali,1987,1932.1875,1138.0,Africa,8681167.0
Mali,1988,2064.8906,1116.0,Africa,8834001.0
Mali,1989,2056.5137,1205.0,Africa,8999935.0
Mali,1990,2082.358,1191.0,Africa,9178826.0
Mali,1991,2059.66,1186.7577,Africa,9362885.0
Mali,1992,2051.665,1115.406,Africa,9553540.0
Mali,1993,2052.6448,1115.1002,Africa,9754786.0
Mali,1994,2048.4756,1111.7854,Africa,9967035.0
Mali,1995,2065.1448,1100.2433,Africa,10185368.0
Mali,1996,2102.7415,1130.5096,Africa,10407274.0
Mali,1997,2097.433,1160.9517,Africa,10646499.0
Mali,1998,2158.6023,1167.4326,Africa,10919577.0
Mali,1999,2178.0273,1192.3168,Africa,11227420.0
Mali,2000,2175.7139,1153.0461,Africa,11559291.0
Mali,2001,2218.6255,1309.2559,Africa,11912162.0
Mali,2002,2212.3716,1321.3389,Africa,12288051.0
Mali,2003,2229.8564,1391.2634,Africa,12684951.0
Mali,2004,2243.5117,1366.983,Africa,13102415.0
Mali,2005,2278.1892,1414.7927,Africa,13538648.0
Mali,2006,2338.3037,1438.2079,Africa,13990143.0
Mali,2007,2395.9543,1441.2059,Africa,14457776.0
Mali,2008,2441.9214,1460.496,Africa,14940786.0
Mali,2009,2486.8284,1477.4183,Africa,15435536.0
Mali,2010,2679.5654,1504.9956,Africa,15945201.0
Mali,2011,2686.064,1500.0,Africa,16469054.0
Mali,2012,2699.484,1449.1959,Africa,16957039.0
Mali,2013,2697.5544,1444.1879,Africa,17459619.0
Mali,2014,2660.3262,1505.6677,Africa,18020267.0
Mali,2015,2659.9536,1555.8046,Africa,18593022.0
Mali,2016,2676.7703,1602.7819,Africa,19191298.0
Mali,2017,2691.9685,1642.5182,Africa,19813016.0
Mali,2018,2683.0618,1673.8774,Africa,20442031.0
Mali,2019,2723.3345,1706.0105,Africa,21068405.0
Mali,2020,2748.609,1638.9304,Africa,21713837.0
Mali,2021,2715.522,1643.0144,Africa,22388637.0
Mali,2022,2734.4417,1651.9413,Africa,23072641.0
Malta,1961,2682.9517,2361.0,Europe,330855.0
Malta,1962,2692.3652,2260.0,Europe,330499.0
Malta,1963,2750.2085,2263.0,Europe,329815.0
Malta,1964,2784.041,2343.0,Europe,328794.0
Malta,1965,2878.6494,2539.0,Europe,327407.0
Malta,1966,2801.8313,2828.0,Europe,325677.0
Malta,1967,2833.0183,3014.0,Europe,323820.0
Malta,1968,2942.3828,3309.0,Europe,323515.0
Malta,1969,2951.746,3483.0,Europe,324762.0
Malta,1970,2931.9636,3889.0,Europe,326017.0
Malta,1971,2933.5166,3987.0,Europe,327300.0
Malta,1972,2912.4788,4299.0,Europe,328617.0
Malta,1973,2858.171,4442.0,Europe,330059.0
Malta,1974,2831.3345,4863.0,Europe,331686.0
Malta,1975,2975.0913,5738.0,Europe,333458.0
Malta,1976,3051.6477,6684.0,Europe,335291.0
Malta,1977,3050.325,7438.0,Europe,337169.0
Malta,1978,3060.616,8080.0,Europe,339069.0
Malta,1979,3056.758,8745.0,Europe,340974.0
Malta,1980,3133.6729,8920.0,Europe,342882.0
Malta,1981,3096.8313,9224.0,Europe,344754.0
Malta,1982,3025.7925,9526.0,Europe,346653.0
Malta,1983,3073.942,9586.0,Europe,348598.0
Malta,1984,2991.2568,9797.0,Europe,350555.0
Malta,1985,3086.4941,10176.0,Europe,352567.0
Malta,1986,2977.4954,10584.0,Europe,355082.0
Malta,1987,3079.6646,10943.0,Europe,358089.0
Malta,1988,3192.2231,11765.0,Europe,361226.0
Malta,1989,3224.2285,12607.0,Europe,364530.0
Malta,1990,3078.1733,13259.0,Europe,367913.0
Malta,1991,3233.7378,13834.927,Europe,371335.0
Malta,1992,3205.763,14341.302,Europe,374805.0
Malta,1993,3205.7893,14840.319,Europe,378222.0
Malta,1994,3250.3362,15539.06,Europe,381467.0
Malta,1995,3373.464,16417.174,Europe,384559.0
Malta,1996,3389.617,16932.047,Europe,387627.0
Malta,1997,3389.163,17694.79,Europe,390687.0
Malta,1998,3436.927,18488.666,Europe,393782.0
Malta,1999,3451.384,19254.365,Europe,396897.0
Malta,2000,3398.4272,20434.549,Europe,399905.0
Malta,2001,3393.542,20413.05,Europe,402788.0
Malta,2002,3379.5068,20873.984,Europe,405571.0
Malta,2003,3400.0627,21273.135,Europe,408236.0
Malta,2004,3390.0583,21233.002,Europe,410800.0
Malta,2005,3382.6611,21905.215,Europe,413324.0
Malta,2006,3380.46,22233.717,Europe,415463.0
Malta,2007,3384.5317,23048.264,Europe,417201.0
Malta,2008,3387.3413,23674.594,Europe,418969.0
Malta,2009,3396.6658,22927.654,Europe,420800.0
Malta,2010,3438.8003,23632.625,Europe,422654.0
Malta,2011,3438.8835,23871.0,Europe,424635.0
Malta,2012,3486.927,24629.777,Europe,426616.0
Malta,2013,3534.2603,25611.121,Europe,428457.0
Malta,2014,3478.91,27007.89,Europe,434494.0
Malta,2015,3499.2585,28906.48,Europe,444978.0
Malta,2016,3460.4539,29207.27,Europe,455276.0
Malta,2017,3521.661,31495.494,Europe,467902.0
Malta,2018,3444.995,32292.822,Europe,484560.0
Malta,2019,3323.5461,33220.285,Europe,504017.0
Malta,2020,3291.1567,29703.762,Europe,518212.0
Malta,2021,3343.5747,33031.184,Europe,524383.0
Malta,2022,3329.8694,34496.34,Europe,528194.0
Mauritania,1961,2343.7473,1055.0,Africa,846174.0
Mauritania,1962,2314.3528,1019.0,Africa,869192.0
Mauritania,1963,2289.1233,944.0,Africa,893425.0
Mauritania,1964,2279.5103,1208.0,Africa,918957.0
Mauritania,1965,2254.9102,1358.0,Africa,945847.0
Mauritania,1966,2278.667,1345.0,Africa,974159.0
Mauritania,1967,2267.7788,1372.0,Africa,1003858.0
Mauritania,1968,2209.3843,1471.0,Africa,1034748.0
Mauritania,1969,2188.5574,1425.0,Africa,1066763.0
Mauritania,1970,2078.995,1548.0,Africa,1099815.0
Mauritania,1971,2046.2615,1533.0,Africa,1133708.0
Mauritania,1972,1970.3019,1511.0,Africa,1168359.0
Mauritania,1973,2081.25,1473.0,Africa,1203840.0
Mauritania,1974,2060.0737,1570.0,Africa,1240193.0
Mauritania,1975,2040.3175,1699.0,Africa,1277335.0
Mauritania,1976,2072.7888,1779.0,Africa,1315341.0
Mauritania,1977,2117.5576,1742.0,Africa,1353771.0
Mauritania,1978,2198.3928,1581.0,Africa,1392716.0
Mauritania,1979,2136.449,1706.0,Africa,1432762.0
Mauritania,1980,2219.7556,1682.0,Africa,1474046.0
Mauritania,1981,2252.6167,1714.0,Africa,1516883.0
Mauritania,1982,2280.199,1548.0,Africa,1561183.0
Mauritania,1983,2558.3726,1553.0,Africa,1606748.0
Mauritania,1984,2519.7231,1486.0,Africa,1653696.0
Mauritania,1985,2555.8594,1502.0,Africa,1702110.0
Mauritania,1986,2558.3845,1553.0,Africa,1751843.0
Mauritania,1987,2596.6458,1551.0,Africa,1803016.0
Mauritania,1988,2603.0168,1533.0,Africa,1855862.0
Mauritania,1989,2634.219,1559.0,Africa,1903059.0
Mauritania,1990,2589.2603,1511.0,Africa,1951881.0
Mauritania,1991,2607.2827,1547.5435,Africa,2009739.0
Mauritania,1992,2603.2695,1559.9049,Africa,2088143.0
Mauritania,1993,2636.3054,1668.722,Africa,2174333.0
Mauritania,1994,2549.7253,1732.9971,Africa,2249462.0
Mauritania,1995,2599.4722,1686.1978,Africa,2312027.0
Mauritania,1996,2653.5623,1873.0509,Africa,2358193.0
Mauritania,1997,2692.3357,1799.8252,Africa,2411316.0
Mauritania,1998,2735.8416,1841.2075,Africa,2474650.0
Mauritania,1999,2726.536,1954.2294,Africa,2541700.0
Mauritania,2000,2727.2212,1934.7421,Africa,2613450.0
Mauritania,2001,2734.9814,1964.4457,Africa,2678766.0
Mauritania,2002,2771.2563,1967.4484,Africa,2738659.0
Mauritania,2003,2870.6812,2076.2332,Africa,2802050.0
Mauritania,2004,2767.813,2185.9502,Africa,2868671.0
Mauritania,2005,2814.1086,2371.0066,Africa,2939060.0
Mauritania,2006,2796.771,2807.199,Africa,3013659.0
Mauritania,2007,2934.8171,2875.0347,Africa,3093065.0
Mauritania,2008,2980.752,2895.665,Africa,3183276.0
Mauritania,2009,2956.7144,2855.5747,Africa,3284454.0
Mauritania,2010,2854.7163,2982.7488,Africa,3390968.0
Mauritania,2011,2890.9148,3104.0,Africa,3502813.0
Mauritania,2012,2946.4866,3213.0,Africa,3619035.0
Mauritania,2013,2918.1528,3319.0,Africa,3734324.0
Mauritania,2014,2914.0703,3459.0,Africa,3848511.0
Mauritania,2015,2892.4917,3424.0,Africa,3965959.0
Mauritania,2016,2862.6882,3376.7524,Africa,4086655.0
Mauritania,2017,2871.1982,3495.223,Africa,4210603.0
Mauritania,2018,2895.5706,3567.1013,Africa,4337685.0
Mauritania,2019,2895.577,3659.103,Africa,4467714.0
Mauritania,2020,2896.876,3532.2979,Africa,4600136.0
Mauritania,2021,2889.5454,3527.4277,Africa,4734874.0
Mauritania,2022,2914.4543,3680.3662,Africa,4875644.0
Mauritius,1961,2325.648,5254.0,Africa,692533.0
Mauritius,1962,2385.1135,5144.0,Africa,705283.0
Mauritius,1963,2353.9788,5745.0,Africa,720357.0
Mauritius,1964,2384.2312,5196.0,Africa,736546.0
Mauritius,1965,2300.0142,5227.0,Africa,752668.0
Mauritius,1966,2335.088,4921.0,Africa,768652.0
Mauritius,1967,2288.157,5035.0,Africa,784260.0
Mauritius,1968,2278.1787,4602.0,Africa,799288.0
Mauritius,1969,2214.984,4758.0,Africa,813740.0
Mauritius,1970,2345.1733,4662.0,Africa,827700.0
Mauritius,1971,2367.8542,4804.0,Africa,841116.0
Mauritius,1972,2372.5166,5128.0,Africa,853610.0
Mauritius,1973,2381.5789,5668.0,Africa,865153.0
Mauritius,1974,2427.2214,6038.0,Africa,876473.0
Mauritius,1975,2487.0664,6030.0,Africa,888031.0
Mauritius,1976,2504.723,7264.0,Africa,899858.0
Mauritius,1977,2569.4417,7610.0,Africa,912153.0
Mauritius,1978,2636.7366,7763.0,Africa,925287.0
Mauritius,1979,2699.5386,7889.0,Africa,939395.0
Mauritius,1980,2654.3662,6970.0,Africa,954221.0
Mauritius,1981,2708.3083,7264.0,Africa,969222.0
Mauritius,1982,2649.442,7563.0,Africa,983609.0
Mauritius,1983,2612.2493,7516.0,Africa,997375.0
Mauritius,1984,2639.4976,7798.0,Africa,1011247.0
Mauritius,1985,2663.2354,8265.0,Africa,1025066.0
Mauritius,1986,2715.2632,9001.0,Africa,1038348.0
Mauritius,1987,2703.5767,9840.0,Africa,1051115.0
Mauritius,1988,2678.3093,10418.0,Africa,1063596.0
Mauritius,1989,2682.1135,10806.0,Africa,1075985.0
Mauritius,1990,2700.5242,11489.0,Africa,1089033.0
Mauritius,1991,2700.378,11643.398,Africa,1103050.0
Mauritius,1992,2726.6953,12002.38,Africa,1117676.0
Mauritius,1993,2705.2527,12228.814,Africa,1132397.0
Mauritius,1994,2753.5225,12381.066,Africa,1146559.0
Mauritius,1995,2818.0613,12567.928,Africa,1159824.0
Mauritius,1996,2796.5796,12841.931,Africa,1172390.0
Mauritius,1997,2758.025,13198.295,Africa,1184304.0
Mauritius,1998,2791.3105,13607.885,Africa,1195111.0
Mauritius,1999,2791.0305,13572.681,Africa,1205903.0
Mauritius,2000,2828.497,14272.301,Africa,1216632.0
Mauritius,2001,2874.9404,14347.61,Africa,1225807.0
Mauritius,2002,2869.0347,14196.041,Africa,1234090.0
Mauritius,2003,2867.2805,14623.309,Africa,1242094.0
Mauritius,2004,2924.316,14854.613,Africa,1249799.0
Mauritius,2005,2903.1765,14725.164,Africa,1257215.0
Mauritius,2006,2910.1262,15042.541,Africa,1263785.0
Mauritius,2007,2956.0103,15519.419,Africa,1269522.0
Mauritius,2008,2879.4307,15957.96,Africa,1274635.0
Mauritius,2009,2997.0444,16029.264,Africa,1278976.0
Mauritius,2010,3029.4934,16269.32,Africa,1282710.0
Mauritius,2011,2991.1602,16483.0,Africa,1286270.0
Mauritius,2012,2974.1084,17021.246,Africa,1289174.0
Mauritius,2013,2967.2246,17555.555,Africa,1290988.0
Mauritius,2014,2968.989,18192.188,Africa,1292006.0
Mauritius,2015,2971.092,18828.0,Africa,1292283.0
Mauritius,2016,2955.7542,19525.314,Africa,1291807.0
Mauritius,2017,2989.9558,20259.887,Africa,1290654.0
Mauritius,2018,3002.8296,21040.639,Africa,1288836.0
Mauritius,2019,3049.5615,21624.842,Africa,1286269.0
Mauritius,2020,3099.6877,18445.975,Africa,1283231.0
Mauritius,2021,3111.4487,19069.049,Africa,1279628.0
Mauritius,2022,3167.9912,20643.094,Africa,1276134.0
Mexico,1961,2424.3704,4807.0,Latin America & Caribbean,37890125.0
Mexico,1962,2408.966,4881.0,Latin America & Caribbean,39129204.0
Mexico,1963,2421.7554,5118.0,Latin America & Caribbean,40424068.0
Mexico,1964,2474.6125,5555.0,Latin America & Caribbean,41772051.0
Mexico,1965,2487.7683,5737.0,Latin America & Caribbean,43174476.0
Mexico,1966,2527.414,5950.0,Latin America & Caribbean,44629105.0
Mexico,1967,2570.6843,6132.0,Latin America & Caribbean,46129602.0
Mexico,1968,2602.813,6432.0,Latin America & Caribbean,47668308.0
Mexico,1969,2619.523,6629.0,Latin America & Caribbean,49233192.0
Mexico,1970,2647.5774,6873.0,Latin America & Caribbean,50814958.0
Mexico,1971,2644.1355,6912.0,Latin America & Caribbean,52412564.0
Mexico,1972,2686.7083,7256.0,Latin America & Caribbean,54030172.0
Mexico,1973,2730.8638,7597.0,Latin America & Caribbean,55667287.0
Mexico,1974,2758.157,7801.0,Latin America & Caribbean,57320150.0
Mexico,1975,2840.4612,8011.0,Latin America & Caribbean,58982403.0
Mexico,1976,2813.8994,8131.0,Latin America & Caribbean,60645513.0
Mexico,1977,2857.2668,8177.0,Latin America & Caribbean,62308499.0
Mexico,1978,2942.2053,8690.0,Latin America & Caribbean,63979053.0
Mexico,1979,2981.0159,9307.0,Latin America & Caribbean,65648868.0
Mexico,1980,3135.031,9929.0,Latin America & Caribbean,67300338.0
Mexico,1981,3275.7368,10538.0,Latin America & Caribbean,68892107.0
Mexico,1982,3264.6355,10240.0,Latin America & Caribbean,70433258.0
Mexico,1983,3233.6118,9656.0,Latin America & Caribbean,71971238.0
Mexico,1984,3164.8955,9777.0,Latin America & Caribbean,73506848.0
Mexico,1985,3215.2727,9785.0,Latin America & Caribbean,75043415.0
Mexico,1986,3167.6638,9283.0,Latin America & Caribbean,76585638.0
Mexico,1987,3057.0295,9256.0,Latin America & Caribbean,78136652.0
Mexico,1988,3123.094,9193.0,Latin America & Caribbean,79695526.0
Mexico,1989,3090.8867,9392.0,Latin America & Caribbean,81247174.0
Mexico,1990,3085.7534,9699.0,Latin America & Caribbean,82820170.0
Mexico,1991,3111.4705,10008.551,Latin America & Caribbean,84430565.0
Mexico,1992,3129.4626,10262.211,Latin America & Caribbean,86044806.0
Mexico,1993,3145.2734,10357.829,Latin America & Caribbean,87653817.0
Mexico,1994,3149.1846,10721.008,Latin America & Caribbean,89259202.0
Mexico,1995,3114.9395,9944.953,Latin America & Caribbean,90862449.0
Mexico,1996,3144.6477,10386.499,Latin America & Caribbean,92452700.0
Mexico,1997,3123.1362,11030.343,Latin America & Caribbean,94021204.0
Mexico,1998,3129.6526,11510.877,Latin America & Caribbean,95575242.0
Mexico,1999,3141.709,11894.203,Latin America & Caribbean,97115710.0
Mexico,2000,3198.6167,12613.396,Latin America & Caribbean,98625553.0
Mexico,2001,3246.5217,12565.465,Latin America & Caribbean,100099101.0
Mexico,2002,3261.1428,12645.504,Latin America & Caribbean,101548627.0
Mexico,2003,3262.293,12793.956,Latin America & Caribbean,102978517.0
Mexico,2004,3253.3545,13287.6,Latin America & Caribbean,104394131.0
Mexico,2005,3207.53,13655.801,Latin America & Caribbean,105811504.0
Mexico,2006,3218.6147,14287.559,Latin America & Caribbean,107253666.0
Mexico,2007,3236.5767,14684.728,Latin America & Caribbean,108774356.0
Mexico,2008,3207.1462,14808.09,Latin America & Caribbean,110374286.0
Mexico,2009,3163.1792,14026.989,Latin America & Caribbean,111999720.0
Mexico,2010,3146.4414,14697.298,Latin America & Caribbean,113623898.0
Mexico,2011,3121.897,15210.0,Latin America & Caribbean,115243503.0
Mexico,2012,3127.4097,15547.994,Latin America & Caribbean,116818208.0
Mexico,2013,3121.4497,15614.781,Latin America & Caribbean,118343572.0
Mexico,2014,3157.6462,15883.877,Latin America & Caribbean,119784265.0
Mexico,2015,3172.018,16235.004,Latin America & Caribbean,121072310.0
Mexico,2016,3199.7224,16705.047,Latin America & Caribbean,122251344.0
Mexico,2017,3209.886,16900.13,Latin America & Caribbean,123400052.0
Mexico,2018,3217.505,17055.117,Latin America & Caribbean,124573713.0
Mexico,2019,3252.0117,16802.014,Latin America & Caribbean,125762978.0
Mexico,2020,3250.7305,15253.691,Latin America & Caribbean,126799053.0
Mexico,2021,3267.9282,15853.376,Latin America & Caribbean,127648151.0
Mexico,2022,3297.6484,16235.455,Latin America & Caribbean,128613116.0
Moldova,1992,2432.388,5546.366,Europe,4455714.0
Moldova,1993,2439.1665,5383.8584,Europe,4448241.0
Moldova,1994,2402.5315,3662.2087,Europe,4434457.0
Moldova,1995,2449.5376,3558.8267,Europe,4414216.0
Moldova,1996,2404.541,3305.4966,Europe,4387653.0
Moldova,1997,2407.2036,3322.479,Europe,4355537.0
Moldova,1998,2406.8662,3078.0095,Europe,4318713.0
Moldova,1999,2417.0818,2949.9065,Europe,4278220.0
Moldova,2000,2424.457,2989.535,Europe,4234969.0
Moldova,2001,2435.343,3150.6313,Europe,4189769.0
Moldova,2002,2461.143,3373.7092,Europe,4142937.0
Moldova,2003,2430.5896,3575.268,Europe,4095418.0
Moldova,2004,2442.475,3813.4312,Europe,4046672.0
Moldova,2005,2479.1172,4073.6736,Europe,3988668.0
Moldova,2006,2552.9424,4243.0703,Europe,3921320.0
Moldova,2007,2626.4346,4342.7456,Europe,3851397.0
Moldova,2008,2682.8809,4652.457,Europe,3779503.0
Moldova,2009,2620.6758,4342.528,Europe,3706212.0
Moldova,2010,2327.9255,4615.324,Europe,3631990.0
Moldova,2011,2357.257,4892.0,Europe,3557278.0
Moldova,2012,2338.2766,4914.038,Europe,3482629.0
Moldova,2013,2361.6277,5414.3506,Europe,3408741.0
Moldova,2014,2344.2969,5744.252,Europe,3342715.0
Moldova,2015,2375.6665,5784.4917,Europe,3287168.0
Moldova,2016,2419.12,6102.6943,Europe,3237798.0
Moldova,2017,2469.8547,6425.865,Europe,3193500.0
Moldova,2018,2527.3894,6760.1113,Europe,3153779.0
Moldova,2019,2527.3035,7078.23,Europe,3112561.0
Moldova,2020,2498.284,6560.7476,Europe,3069135.0
Moldova,2021,2501.2205,7557.3857,Europe,3023780.0
Moldova,2022,2635.0098,6674.871,Europe,3039986.0
Mongolia,1961,1964.4048,939.0,Asia,1009292.0
Mongolia,1962,1892.0222,966.0,Asia,1041446.0
Mongolia,1963,1980.1935,996.0,Asia,1071366.0
Mongolia,1964,2139.7644,1027.0,Asia,1100238.0
Mongolia,1965,2211.6807,1057.0,Asia,1131185.0
Mongolia,1966,2233.4443,1087.0,Asia,1163763.0
Mongolia,1967,2207.8325,1122.0,Asia,1196997.0
Mongolia,1968,2118.7473,1154.0,Asia,1229931.0
Mongolia,1969,2142.9893,1189.0,Asia,1262291.0
Mongolia,1970,2185.1938,1226.0,Asia,1295275.0
Mongolia,1971,2138.765,1246.0,Asia,1330076.0
Mongolia,1972,2133.5464,1256.0,Asia,1366829.0
Mongolia,1973,2171.7751,1328.0,Asia,1405507.0
Mongolia,1974,2159.8997,1342.0,Asia,1446056.0
Mongolia,1975,2175.7964,1387.0,Asia,1488301.0
Mongolia,1976,2272.6343,1401.0,Asia,1531953.0
Mongolia,1977,2210.8335,1470.0,Asia,1576248.0
Mongolia,1978,2292.8733,1537.0,Asia,1619479.0
Mongolia,1979,2321.324,1556.0,Asia,1660661.0
Mongolia,1980,2329.3684,1618.0,Asia,1701341.0
Mongolia,1981,2317.818,1714.0,Asia,1742856.0
Mongolia,1982,2322.3813,1814.0,Asia,1785364.0
Mongolia,1983,2369.0818,1876.0,Asia,1829093.0
Mongolia,1984,2329.8223,1940.0,Asia,1874355.0
Mongolia,1985,2234.5593,2004.0,Asia,1921519.0
Mongolia,1986,2311.8884,2142.0,Asia,1970967.0
Mongolia,1987,2254.3071,2168.0,Asia,2022803.0
Mongolia,1988,2297.0286,2227.0,Asia,2076326.0
Mongolia,1989,2270.8293,2232.0,Asia,2124190.0
Mongolia,1990,2278.2603,2123.0,Asia,2164578.0
Mongolia,1991,2203.126,1976.0231,Asia,2202772.0
Mongolia,1992,1855.0259,1841.0125,Asia,2239130.0
Mongolia,1993,1843.4344,1846.2256,Asia,2273515.0
Mongolia,1994,1832.1261,1955.4773,Asia,2305743.0
Mongolia,1995,2000.1713,2147.8286,Asia,2335717.0
Mongolia,1996,1998.9105,2271.7988,Asia,2363469.0
Mongolia,1997,1986.8094,2445.0127,Asia,2389133.0
Mongolia,1998,2049.5933,2620.489,Asia,2412793.0
Mongolia,1999,2084.0898,2801.8618,Asia,2434041.0
Mongolia,2000,2125.4102,2936.0627,Asia,2455182.0
Mongolia,2001,2166.3442,3133.556,Asia,2477704.0
Mongolia,2002,2177.1372,3401.9465,Asia,2500074.0
Mongolia,2003,2174.4902,3775.438,Asia,2521809.0
Mongolia,2004,2188.9563,4334.2314,Asia,2542801.0
Mongolia,2005,2220.9504,4822.2334,Asia,2563466.0
Mongolia,2006,2265.1968,5426.8535,Asia,2584761.0
Mongolia,2007,2330.3474,6196.5894,Asia,2607976.0
Mongolia,2008,2373.71,6982.1465,Asia,2634431.0
Mongolia,2009,2457.1309,7126.8086,Asia,2665333.0
Mongolia,2010,2439.7651,7830.064,Asia,2701739.0
Mongolia,2011,2533.3623,9484.0,Asia,2745183.0
Mongolia,2012,2587.0159,10493.0,Asia,2795463.0
Mongolia,2013,2562.0134,11545.0,Asia,2851887.0
Mongolia,2014,2597.225,12283.0,Asia,2913041.0
Mongolia,2015,2690.372,12398.0,Asia,2976528.0
Mongolia,2016,2721.6,12313.544,Asia,3040815.0
Mongolia,2017,2652.953,12728.355,Asia,3104371.0
Mongolia,2018,2849.2964,13419.578,Asia,3167714.0
Mongolia,2019,2857.636,13871.33,Asia,3232118.0
Mongolia,2020,2951.5742,12990.328,Asia,3290786.0
Mongolia,2021,3044.9712,12992.167,Asia,3339676.0
Mongolia,2022,3099.3682,13442.906,Asia,3386015.0
Montenegro,2006,3188.7815,10307.647,Europe,633876.0
Montenegro,2007,3328.1306,12027.43,Europe,633388.0
Montenegro,2008,3405.769,13550.356,Europe,632855.0
Montenegro,2009,3412.8706,13459.499,Europe,632445.0
Montenegro,2010,3361.9766,14509.766,Europe,632088.0
Montenegro,2011,3406.892,15747.0,Europe,632689.0
Montenegro,2012,3285.3357,15421.0,Europe,633546.0
Montenegro,2013,3328.8435,16064.0,Europe,633199.0
Montenegro,2014,3318.9624,16437.0,Europe,631377.0
Montenegro,2015,3393.974,17249.0,Europe,628145.0
Montenegro,2016,3469.0493,17777.416,Europe,624246.0
Montenegro,2017,3519.974,18640.195,Europe,620112.0
Montenegro,2018,3547.8774,19617.215,Europe,615798.0
Montenegro,2019,3569.54,20448.549,Europe,611671.0
Montenegro,2020,3591.479,17355.623,Europe,607934.0
Montenegro,2021,3687.9993,19656.557,Europe,603854.0
Montenegro,2022,3645.8337,20941.805,Europe,614649.0
Morocco,1961,2176.6892,2138.0,Africa,11931097.0
Morocco,1962,2201.704,2158.0,Africa,12253096.0
Morocco,1963,2205.3562,2179.0,Africa,12577499.0
Morocco,1964,2276.9187,2201.0,Africa,12898882.0
Morocco,1965,2312.978,2222.0,Africa,13239173.0
Morocco,1966,2227.1887,2289.0,Africa,13597063.0
Morocco,1967,2279.2988,2359.0,Africa,13968180.0
Morocco,1968,2366.4875,2429.0,Africa,14347897.0
Morocco,1969,2476.102,2503.0,Africa,14734252.0
Morocco,1970,2461.6514,2576.0,Africa,15129453.0
Morocco,1971,2546.8215,2654.0,Africa,15527227.0
Morocco,1972,2518.1875,2660.0,Africa,15924695.0
Morocco,1973,2536.49,2700.0,Africa,16326276.0
Morocco,1974,2590.8118,2791.0,Africa,16733850.0
Morocco,1975,2698.514,2919.0,Africa,17150790.0
Morocco,1976,2623.5508,3175.0,Africa,17574187.0
Morocco,1977,2673.1565,3268.0,Africa,18014761.0
Morocco,1978,2696.4336,3298.0,Africa,18477383.0
Morocco,1979,2763.0603,3382.0,Africa,18955587.0
Morocco,1980,2702.2766,3622.0,Africa,19459942.0
Morocco,1981,2745.2104,3457.0,Africa,19985407.0
Morocco,1982,2810.5178,3725.0,Africa,20520324.0
Morocco,1983,2790.59,3606.0,Africa,21060697.0
Morocco,1984,2854.89,3657.0,Africa,21593777.0
Morocco,1985,2885.2458,3784.0,Africa,22113953.0
Morocco,1986,3006.6033,3977.0,Africa,22600803.0
Morocco,1987,2996.4878,3790.0,Africa,23054390.0
Morocco,1988,3080.0696,4077.0,Africa,23500528.0
Morocco,1989,3028.091,4073.0,Africa,23939414.0
Morocco,1990,3130.996,4130.0,Africa,24375558.0
Morocco,1991,3112.7532,4353.7295,Africa,24799016.0
Morocco,1992,2943.1523,4194.447,Africa,25212469.0
Morocco,1993,2921.3042,4097.281,Africa,25614586.0
Morocco,1994,3048.4802,4461.0625,Africa,26000824.0
Morocco,1995,3000.482,4156.9253,Africa,26399431.0
Morocco,1996,3138.4194,4603.652,Africa,26808109.0
Morocco,1997,3144.6453,4469.19,Africa,27213340.0
Morocco,1998,3196.7737,4729.183,Africa,27621638.0
Morocco,1999,3115.0752,4720.7715,Africa,28027188.0
Morocco,2000,3093.8806,4753.638,Africa,28423439.0
Morocco,2001,3139.3223,5042.073,Africa,28814646.0
Morocco,2002,3166.1907,5140.8726,Africa,29198146.0
Morocco,2003,3204.688,5386.8506,Africa,29571415.0
Morocco,2004,3252.431,5584.154,Africa,29953021.0
Morocco,2005,3181.3784,5708.0312,Africa,30358145.0
Morocco,2006,3231.012,6076.9526,Africa,30771179.0
Morocco,2007,3196.8486,6228.4316,Africa,31186468.0
Morocco,2008,3203.548,6530.978,Africa,31606769.0
Morocco,2009,3215.5059,6741.4604,Africa,32030779.0
Morocco,2010,3267.0046,6931.558,Africa,32467009.0
Morocco,2011,3315.3647,7226.0,Africa,32912585.0
Morocco,2012,3331.553,7355.326,Africa,33355246.0
Morocco,2013,3338.426,7599.724,Africa,33787573.0
Morocco,2014,3388.7454,7714.632,Africa,34204784.0
Morocco,2015,3380.864,7959.528,Africa,34607590.0
Morocco,2016,3414.4004,7912.222,Africa,35023459.0
Morocco,2017,3367.7659,8222.67,Africa,35446395.0
Morocco,2018,3420.5544,8385.949,Africa,35839760.0
Morocco,2019,3394.4324,8540.804,Africa,36210907.0
Morocco,2020,3355.2622,7849.208,Africa,36584208.0
Morocco,2021,3380.265,8391.295,Africa,36954443.0
Morocco,2022,3339.2712,8400.127,Africa,37329068.0
Mozambique,1961,2092.9524,2131.0,Africa,6834938.0
Mozambique,1962,2125.524,2232.0,Africa,6969369.0
Mozambique,1963,2065.0115,2106.0,Africa,7109827.0
Mozambique,1964,2117.975,2150.0,Africa,7255064.0
Mozambique,1965,2134.9702,2153.0,Africa,7406419.0
Mozambique,1966,2110.74,2174.0,Africa,7562991.0
Mozambique,1967,2116.5303,2271.0,Africa,7724556.0
Mozambique,1968,2025.6954,2469.0,Africa,7892610.0
Mozambique,1969,2108.7024,2699.0,Africa,8066952.0
Mozambique,1970,2061.201,2778.0,Africa,8250504.0
Mozambique,1971,2137.5032,2895.0,Africa,8456324.0
Mozambique,1972,2065.7488,2906.0,Africa,8692931.0
Mozambique,1973,2190.4016,2986.0,Africa,8954248.0
Mozambique,1974,2097.4597,2684.0,Africa,9236094.0
Mozambique,1975,2040.3336,2238.0,Africa,9540822.0
Mozambique,1976,2080.5137,2064.0,Africa,9867205.0
Mozambique,1977,2003.5406,2013.0,Africa,10224974.0
Mozambique,1978,1974.6775,1969.0,Africa,10618247.0
Mozambique,1979,1974.2621,1937.0,Africa,11028809.0
Mozambique,1980,1996.4934,1945.0,Africa,11336220.0
Mozambique,1981,1936.5837,1940.0,Africa,11568123.0
Mozambique,1982,1872.043,1852.0,Africa,11824371.0
Mozambique,1983,1829.4203,1694.0,Africa,12073825.0
Mozambique,1984,1888.6206,1629.0,Africa,12315953.0
Mozambique,1985,1932.4565,1466.0,Africa,12548951.0
Mozambique,1986,1767.909,1479.0,Africa,12770581.0
Mozambique,1987,1826.4373,1562.0,Africa,12822573.0
Mozambique,1988,1893.8071,1701.0,Africa,12800556.0
Mozambique,1989,1803.734,1776.0,Africa,12906842.0
Mozambique,1990,1873.3727,1776.0,Africa,13094535.0
Mozambique,1991,1781.4834,1719.0991,Africa,13352091.0
Mozambique,1992,1784.617,1482.4166,Africa,13613314.0
Mozambique,1993,1797.6061,1439.2897,Africa,14051203.0
Mozambique,1994,1730.9504,1312.3721,Africa,15033852.0
Mozambique,1995,1850.486,1165.8102,Africa,15960530.0
Mozambique,1996,1936.5319,1325.5953,Africa,16492484.0
Mozambique,1997,1967.9294,1323.6936,Africa,16949988.0
Mozambique,1998,1988.2074,1335.6608,Africa,17340463.0
Mozambique,1999,2007.1613,1301.5763,Africa,17734499.0
Mozambique,2000,2006.0638,1196.0149,Africa,18129652.0
Mozambique,2001,2010.5706,1219.381,Africa,18537735.0
Mozambique,2002,2079.9355,1199.7332,Africa,18958338.0
Mozambique,2003,2143.8374,1155.7037,Africa,19392477.0
Mozambique,2004,2121.131,1125.8322,Africa,19840312.0
Mozambique,2005,2108.8044,1107.5338,Africa,20304577.0
Mozambique,2006,2192.234,1099.3418,Africa,20787088.0
Mozambique,2007,2169.4373,1067.9664,Africa,21287638.0
Mozambique,2008,2257.6218,1031.3622,Africa,21819037.0
Mozambique,2009,2258.714,991.74524,Africa,22391751.0
Mozambique,2010,2364.3625,956.53046,Africa,22999234.0
Mozambique,2011,2381.925,925.0,Africa,23649045.0
Mozambique,2012,2291.6753,964.58234,Africa,24337849.0
Mozambique,2013,2201.2144,1003.7287,Africa,25051613.0
Mozambique,2014,2040.5703,1049.1935,Africa,25788473.0
Mozambique,2015,1923.4363,1090.3977,Africa,26547576.0
Mozambique,2016,1834.6661,1102.8173,Africa,27337107.0
Mozambique,2017,1950.0807,1114.3684,Africa,28166397.0
Mozambique,2018,2083.2207,1122.5856,Africa,29018647.0
Mozambique,2019,2110.7837,1118.6304,Africa,29884378.0
Mozambique,2020,2170.6592,1076.6941,Africa,30783685.0
Mozambique,2021,2194.311,1073.57,Africa,31707798.0
Mozambique,2022,2175.5925,1087.836,Africa,32656242.0
Myanmar,1961,1432.7828,904.0,Asia,22210580.0
Myanmar,1962,1488.9054,966.0,Asia,22704722.0
Myanmar,1963,1515.4067,977.0,Asia,23213406.0
Myanmar,1964,1558.3184,976.0,Asia,23737316.0
Myanmar,1965,1529.735,983.0,Asia,24279437.0
Myanmar,1966,1435.611,925.0,Asia,24836494.0
Myanmar,1967,1443.2161,934.0,Asia,25406432.0
Myanmar,1968,1451.3278,976.0,Asia,25989669.0
Myanmar,1969,1435.6066,998.0,Asia,26585110.0
Myanmar,1970,1453.5546,1023.0,Asia,27193015.0
Myanmar,1971,1480.5842,1036.0,Asia,27807215.0
Myanmar,1972,1443.4884,1023.0,Asia,28428330.0
Myanmar,1973,1469.2354,1001.0,Asia,29026390.0
Myanmar,1974,1515.1475,1033.0,Asia,29598163.0
Myanmar,1975,1501.7628,1057.0,Asia,30176563.0
Myanmar,1976,1521.0626,1103.0,Asia,30758818.0
Myanmar,1977,1553.4713,1148.0,Asia,31355968.0
Myanmar,1978,1597.8335,1205.0,Asia,31972974.0
Myanmar,1979,1625.1388,1240.0,Asia,32596552.0
Myanmar,1980,1609.2454,1320.0,Asia,33227204.0
Myanmar,1981,1686.3452,1369.0,Asia,33858786.0
Myanmar,1982,1753.2281,1417.0,Asia,34482967.0
Myanmar,1983,1767.1117,1451.0,Asia,35162714.0
Myanmar,1984,1796.3365,1492.0,Asia,35899313.0
Myanmar,1985,1752.4338,1506.0,Asia,36622832.0
Myanmar,1986,1723.3845,1465.0,Asia,37314882.0
Myanmar,1987,1719.9302,1382.0,Asia,37971601.0
Myanmar,1988,1663.8649,1207.0,Asia,38600928.0
Myanmar,1989,1554.6648,1234.0,Asia,39214624.0
Myanmar,1990,1794.2124,1253.0,Asia,39817253.0
Myanmar,1991,1792.02,1205.0714,Asia,40394159.0
Myanmar,1992,1795.1852,1283.8254,Asia,40950342.0
Myanmar,1993,1843.7493,1321.8102,Asia,41502423.0
Myanmar,1994,1822.2855,1373.9629,Asia,42055150.0
Myanmar,1995,1883.1934,1423.6505,Asia,42605343.0
Myanmar,1996,1905.549,1469.0317,Asia,43154858.0
Myanmar,1997,1964.4043,1505.9805,Asia,43708802.0
Myanmar,1998,1964.1439,1547.0283,Asia,44257793.0
Myanmar,1999,1964.6484,1667.6613,Asia,44787727.0
Myanmar,2000,2043.3538,1843.4945,Asia,45290850.0
Myanmar,2001,2090.5217,1996.3737,Asia,45771140.0
Myanmar,2002,2133.1355,2175.8835,Asia,46232656.0
Myanmar,2003,2185.2588,2410.5698,Asia,46667191.0
Myanmar,2004,2217.7837,2664.9412,Asia,47068779.0
Myanmar,2005,2260.55,2947.0989,Asia,47438362.0
Myanmar,2006,2332.3882,3246.6934,Asia,47785141.0
Myanmar,2007,2410.2163,3542.5884,Asia,48125047.0
Myanmar,2008,2508.4263,3585.7651,Asia,48390790.0
Myanmar,2009,2547.3188,3673.4368,Asia,48660458.0
Myanmar,2010,2688.4656,3772.9985,Asia,49024376.0
Myanmar,2011,2678.092,3884.0,Asia,49419825.0
Myanmar,2012,2688.8958,4091.202,Asia,49837451.0
Myanmar,2013,2704.655,4371.003,Asia,50262658.0
Myanmar,2014,2748.7534,4684.643,Asia,50681635.0
Myanmar,2015,2775.7502,4984.669,Asia,51089060.0
Myanmar,2016,2794.168,5252.832,Asia,51495701.0
Myanmar,2017,2808.3088,5503.632,Asia,51894939.0
Myanmar,2018,2798.8557,5803.431,Asia,52272250.0
Myanmar,2019,2795.324,6140.885,Asia,52640718.0
Myanmar,2020,2845.753,6282.8115,Asia,53016525.0
Myanmar,2021,2837.224,5113.337,Asia,53387103.0
Myanmar,2022,2829.1934,5177.4326,Asia,53756791.0
Namibia,1961,2258.9866,4787.0,Africa,603074.0
Namibia,1962,2311.9673,5324.0,Africa,615760.0
Namibia,1963,2314.205,5710.0,Africa,629592.0
Namibia,1964,2319.363,6468.0,Africa,644539.0
Namibia,1965,2326.407,6728.0,Africa,660568.0
Namibia,1966,2317.9663,6808.0,Africa,677663.0
Namibia,1967,2309.7217,6365.0,Africa,696051.0
Namibia,1968,2295.8364,6253.0,Africa,715551.0
Namibia,1969,2290.0894,6303.0,Africa,736125.0
Namibia,1970,2260.106,6164.0,Africa,757876.0
Namibia,1971,2274.224,6258.0,Africa,780588.0
Namibia,1972,2254.5066,6156.0,Africa,804411.0
Namibia,1973,2247.0552,6177.0,Africa,828932.0
Namibia,1974,2231.0034,6387.0,Africa,854325.0
Namibia,1975,2202.6807,6293.0,Africa,881041.0
Namibia,1976,2210.026,6150.0,Africa,906574.0
Namibia,1977,2233.3904,5984.0,Africa,931118.0
Namibia,1978,2265.346,6027.0,Africa,947277.0
Namibia,1979,2300.4001,6073.0,Africa,962826.0
Namibia,1980,2326.4814,6293.0,Africa,981440.0
Namibia,1981,2330.5183,6271.0,Africa,992508.0
Namibia,1982,2315.259,6064.0,Africa,1010315.0
Namibia,1983,2276.5906,5734.0,Africa,1037519.0
Namibia,1984,2266.7778,5539.0,Africa,1065996.0
Namibia,1985,2209.1802,5396.0,Africa,1096896.0
Namibia,1986,2211.2744,5530.0,Africa,1131083.0
Namibia,1987,2288.146,5595.0,Africa,1167898.0
Namibia,1988,2280.949,5386.0,Africa,1209700.0
Namibia,1989,2149.7988,5208.0,Africa,1288956.0
Namibia,1990,2129.7712,5007.0,Africa,1369309.0
Namibia,1991,2141.493,5239.034,Africa,1415689.0
Namibia,1992,2107.319,5532.6724,Africa,1461324.0
Namibia,1993,2067.716,5294.2427,Africa,1508698.0
Namibia,1994,2060.7537,5545.4624,Africa,1556315.0
Namibia,1995,2098.753,5638.7666,Africa,1602181.0
Namibia,1996,2109.878,5687.1167,Africa,1646107.0
Namibia,1997,2166.7036,5796.632,Africa,1689274.0
Namibia,1998,2157.0662,5859.8833,Africa,1732747.0
Namibia,1999,2263.2688,5926.4277,Africa,1776371.0
Namibia,2000,2343.9958,5971.815,Africa,1818650.0
Namibia,2001,2363.5022,5888.432,Africa,1857059.0
Namibia,2002,2294.7222,6069.3203,Africa,1889976.0
Namibia,2003,2321.4492,6082.4263,Africa,1917469.0
Namibia,2004,2339.1353,6712.772,Africa,1942087.0
Namibia,2005,2311.9114,6807.5757,Africa,1966581.0
Namibia,2006,2298.415,7208.6885,Africa,1991890.0
Namibia,2007,2286.556,7509.527,Africa,2018607.0
Namibia,2008,2186.2192,7618.031,Africa,2047059.0
Namibia,2009,2127.1138,7548.129,Africa,2077400.0
Namibia,2010,2205.5908,7905.541,Africa,2109815.0
Namibia,2011,2245.0793,8203.0,Africa,2146331.0
Namibia,2012,2338.0447,8482.415,Africa,2194656.0
Namibia,2013,2350.4575,8788.875,Africa,2252505.0
Namibia,2014,2324.582,9134.8545,Africa,2312143.0
Namibia,2015,2361.464,9333.583,Africa,2374305.0
Namibia,2016,2366.0325,9152.549,Africa,2439219.0
Namibia,2017,2364.4697,8882.617,Africa,2506854.0
Namibia,2018,2355.2231,8805.334,Africa,2577327.0
Namibia,2019,2376.9849,8567.793,Africa,2650499.0
Namibia,2020,2347.622,7734.6055,Africa,2728760.0
Namibia,2021,2326.1733,7796.0615,Africa,2810552.0
Namibia,2022,2297.5337,7979.328,Africa,2889668.0
Nepal,1961,1653.4028,990.0,Asia,10318399.0
Nepal,1962,1655.9038,998.0,Asia,10521122.0
Nepal,1963,1652.1699,1006.0,Asia,10729818.0
Nepal,1964,1665.4983,1012.0,Asia,10946389.0
Nepal,1965,1648.8444,1019.0,Asia,11173411.0
Nepal,1966,1624.1322,1071.0,Asia,11408714.0
Nepal,1967,1608.2429,1034.0,Asia,11652717.0
Nepal,1968,1651.1482,1023.0,Asia,11906275.0
Nepal,1969,1662.5945,1049.0,Asia,12167032.0
Nepal,1970,1648.8704,1055.0,Asia,12436191.0
Nepal,1971,1630.1666,1022.0,Asia,12710069.0
Nepal,1972,1603.6017,1034.0,Asia,12989103.0
Nepal,1973,1643.037,1009.0,Asia,13275240.0
Nepal,1974,1634.4016,1052.0,Asia,13568436.0
Nepal,1975,1565.4141,1047.0,Asia,13870692.0
Nepal,1976,1626.6777,1071.0,Asia,14177650.0
Nepal,1977,1646.5592,1081.0,Asia,14499175.0
Nepal,1978,1679.186,1105.0,Asia,14839704.0
Nepal,1979,1614.5426,1106.0,Asia,15190601.0
Nepal,1980,1628.7412,1057.0,Asia,15553106.0
Nepal,1981,1666.6155,1119.0,Asia,15922422.0
Nepal,1982,1623.8617,1135.0,Asia,16297996.0
Nepal,1983,1764.4111,1076.0,Asia,16689121.0
Nepal,1984,1779.5594,1152.0,Asia,17085243.0
Nepal,1985,1795.6566,1194.0,Asia,17477694.0
Nepal,1986,1748.5098,1218.0,Asia,17868128.0
Nepal,1987,1903.4324,1208.0,Asia,18250512.0
Nepal,1988,2084.3357,1269.0,Asia,18638660.0
Nepal,1989,2153.2,1290.0,Asia,19057811.0
Nepal,1990,2026.806,1315.0,Asia,19524579.0
Nepal,1991,2057.4036,1360.7836,Asia,20036507.0
Nepal,1992,2059.4968,1374.6611,Asia,20609708.0
Nepal,1993,2017.035,1385.2411,Asia,21180158.0
Nepal,1994,2081.5693,1456.0203,Asia,21717483.0
Nepal,1995,2073.0034,1468.079,Asia,22245443.0
Nepal,1996,2057.4758,1511.7336,Asia,22741867.0
Nepal,1997,2119.0688,1558.3988,Asia,23219458.0
Nepal,1998,2101.349,1570.6635,Asia,23680358.0
Nepal,1999,2169.7573,1609.1803,Asia,24125201.0
Nepal,2000,2131.7202,1676.7456,Asia,24546509.0
Nepal,2001,2158.1477,1738.3142,Asia,24946755.0
Nepal,2002,2168.6904,1709.7787,Asia,25328989.0
Nepal,2003,2233.129,1747.7766,Asia,25688762.0
Nepal,2004,2274.1138,1802.1438,Asia,26016652.0
Nepal,2005,2312.9531,1836.3057,Asia,26309462.0
Nepal,2006,2294.6233,1884.1871,Asia,26565430.0
Nepal,2007,2352.9707,1927.3865,Asia,26788498.0
Nepal,2008,2421.6348,2021.154,Asia,26990036.0
Nepal,2009,2474.4563,2085.2437,Asia,27173035.0
Nepal,2010,2513.7954,2152.2747,Asia,27341955.0
Nepal,2011,2548.4348,2189.0,Asia,27464499.0
Nepal,2012,2599.426,2258.0,Asia,27534916.0
Nepal,2013,2627.4392,2316.0,Asia,27589997.0
Nepal,2014,2657.9595,2421.0,Asia,27672373.0
Nepal,2015,2690.6733,2455.0,Asia,27823631.0
Nepal,2016,2794.7126,2443.4324,Asia,27955471.0
Nepal,2017,2846.6904,2632.3408,Asia,28011258.0
Nepal,2018,2854.4285,2800.8596,Asia,28079688.0
Nepal,2019,2887.1296,2953.5603,Asia,28414066.0
Nepal,2020,2937.8337,2832.8608,Asia,28966580.0
Nepal,2021,2992.1357,2902.0503,Asia,29475016.0
Nepal,2022,3012.8118,3013.5178,Asia,29715435.0
Netherlands,1961,3020.4646,13074.0,Europe,11639372.0
Netherlands,1962,3016.351,13770.0,Europe,11807553.0
Netherlands,1963,3035.333,14078.0,Europe,11969159.0
Netherlands,1964,2979.0,15042.0,Europe,12131887.0
Netherlands,1965,2949.7131,15618.0,Europe,12301136.0
Netherlands,1966,3008.822,15838.0,Europe,12464283.0
Netherlands,1967,3052.8281,16483.0,Europe,12607835.0
Netherlands,1968,3019.117,17365.0,Europe,12740851.0
Netherlands,1969,3025.3801,18270.0,Europe,12890641.0
Netherlands,1970,3003.1953,19075.0,Europe,13052082.0
Netherlands,1971,2991.3367,19636.0,Europe,13208353.0
Netherlands,1972,3029.1775,20079.0,Europe,13342780.0
Netherlands,1973,3087.106,20851.0,Europe,13453743.0
Netherlands,1974,3125.991,21514.0,Europe,13559671.0
Netherlands,1975,2956.3835,21318.0,Europe,13680033.0
Netherlands,1976,3046.7446,22132.0,Europe,13786641.0
Netherlands,1977,3083.587,22598.0,Europe,13868605.0
Netherlands,1978,3068.5322,22992.0,Europe,13953922.0
Netherlands,1979,3099.3362,23347.0,Europe,14050176.0
Netherlands,1980,3086.4175,23438.0,Europe,14162686.0
Netherlands,1981,3003.2874,23153.0,Europe,14262691.0
Netherlands,1982,3068.1174,22780.0,Europe,14333902.0
Netherlands,1983,3061.7615,23086.0,Europe,14396898.0
Netherlands,1984,3094.7456,23750.0,Europe,14462809.0
Netherlands,1985,3105.3152,24361.0,Europe,14538958.0
Netherlands,1986,3112.3323,24893.0,Europe,14626488.0
Netherlands,1987,3130.0215,25085.0,Europe,14724948.0
Netherlands,1988,3187.912,25574.0,Europe,14825915.0
Netherlands,1989,3124.9382,26612.0,Europe,14921107.0
Netherlands,1990,3249.2563,27515.0,Europe,15030886.0
Netherlands,1991,3308.234,28126.781,Europe,15155093.0
Netherlands,1992,3276.855,28555.732,Europe,15276787.0
Netherlands,1993,3284.4106,28879.996,Europe,15389718.0
Netherlands,1994,3201.0073,29727.557,Europe,15485453.0
Netherlands,1995,3332.6545,30680.348,Europe,15565034.0
Netherlands,1996,3347.027,31811.738,Europe,15640032.0
Netherlands,1997,3245.907,33199.633,Europe,15723621.0
Netherlands,1998,3331.4592,34688.55,Europe,15827109.0
Netherlands,1999,3248.5674,36409.08,Europe,15940183.0
Netherlands,2000,3224.5896,37899.95,Europe,16058757.0
Netherlands,2001,3207.208,38636.223,Europe,16182705.0
Netherlands,2002,3199.9182,38653.125,Europe,16288060.0
Netherlands,2003,3096.301,38803.957,Europe,16366914.0
Netherlands,2004,3157.185,39682.375,Europe,16425562.0
Netherlands,2005,3198.8765,40679.49,Europe,16465707.0
Netherlands,2006,3190.0427,42286.51,Europe,16493851.0
Netherlands,2007,3219.6982,44008.75,Europe,16531360.0
Netherlands,2008,3209.862,44840.71,Europe,16597259.0
Netherlands,2009,3189.2844,43178.508,Europe,16684148.0
Netherlands,2010,3193.3538,43812.348,Europe,16771232.0
Netherlands,2011,3196.5195,44591.0,Europe,16851061.0
Netherlands,2012,3211.8357,43968.254,Europe,16915191.0
Netherlands,2013,3215.282,43782.97,Europe,16967066.0
Netherlands,2014,3229.532,44245.56,Europe,17030085.0
Netherlands,2015,3261.0488,44912.664,Europe,17107429.0
Netherlands,2016,3241.8206,45654.47,Europe,17204693.0
Netherlands,2017,3252.4526,46706.438,Europe,17315376.0
Netherlands,2018,3292.2117,47528.902,Europe,17421285.0
Netherlands,2019,3433.583,48142.67,Europe,17537505.0
Netherlands,2020,3435.5908,46014.484,Europe,17636732.0
Netherlands,2021,3462.1265,48001.84,Europe,17730565.0
Netherlands,2022,3468.3887,49669.867,Europe,17904421.0
New Zealand,1961,2919.0828,15533.0,Oceania,2429744.0
New Zealand,1962,2954.171,15511.0,Oceania,2484403.0
New Zealand,1963,2943.7224,16150.0,Oceania,2538117.0
New Zealand,1964,2948.2695,16606.0,Oceania,2588770.0
New Zealand,1965,2956.4456,17341.0,Oceania,2636493.0
New Zealand,1966,3070.3674,18111.0,Oceania,2682589.0
New Zealand,1967,2977.6182,17027.0,Oceania,2723417.0
New Zealand,1968,2953.1794,16809.0,Oceania,2754522.0
New Zealand,1969,2953.0652,18348.0,Oceania,2784399.0
New Zealand,1970,2955.711,17835.0,Oceania,2822184.0
New Zealand,1971,3029.0962,18452.0,Oceania,2867168.0
New Zealand,1972,3062.2627,18889.0,Oceania,2919263.0
New Zealand,1973,3097.4065,19804.0,Oceania,2978989.0
New Zealand,1974,3094.8074,20529.0,Oceania,3041223.0
New Zealand,1975,3122.8184,19907.0,Oceania,3094039.0
New Zealand,1976,3216.7498,20161.0,Oceania,3126639.0
New Zealand,1977,3097.0134,19110.0,Oceania,3140129.0
New Zealand,1978,3110.8318,19182.0,Oceania,3142245.0
New Zealand,1979,3045.5654,19580.0,Oceania,3141596.0
New Zealand,1980,3063.6572,19681.0,Oceania,3146325.0
New Zealand,1981,3067.998,20537.0,Oceania,3159844.0
New Zealand,1982,3081.7407,20715.0,Oceania,3185129.0
New Zealand,1983,2966.9731,21015.0,Oceania,3219281.0
New Zealand,1984,3062.498,21783.0,Oceania,3249828.0
New Zealand,1985,3021.8967,21780.0,Oceania,3268030.0
New Zealand,1986,3161.1155,22124.0,Oceania,3281510.0
New Zealand,1987,3173.0757,22142.0,Oceania,3299443.0
New Zealand,1988,3139.991,22022.0,Oceania,3316026.0
New Zealand,1989,3101.0762,22107.0,Oceania,3333822.0
New Zealand,1990,3257.977,21817.0,Oceania,3396981.0
New Zealand,1991,3163.9265,21125.895,Oceania,3480933.0
New Zealand,1992,3161.6042,21093.06,Oceania,3532246.0
New Zealand,1993,3221.2212,21897.676,Oceania,3573609.0
New Zealand,1994,3169.7236,23076.857,Oceania,3621030.0
New Zealand,1995,3208.4941,23751.902,Oceania,3674434.0
New Zealand,1996,3188.3782,24321.248,Oceania,3729383.0
New Zealand,1997,3201.7092,24802.129,Oceania,3776950.0
New Zealand,1998,3185.1086,24861.416,Oceania,3811376.0
New Zealand,1999,3171.5774,25867.992,Oceania,3835561.0
New Zealand,2000,3173.3489,26823.018,Oceania,3857576.0
New Zealand,2001,3129.2036,27167.318,Oceania,3891763.0
New Zealand,2002,3129.5974,28065.855,Oceania,3951116.0
New Zealand,2003,3118.7708,28876.287,Oceania,4022585.0
New Zealand,2004,3153.203,29806.734,Oceania,4083912.0
New Zealand,2005,3182.2288,30270.248,Oceania,4135002.0
New Zealand,2006,3153.3035,30798.63,Oceania,4181943.0
New Zealand,2007,3191.3357,31784.441,Oceania,4223270.0
New Zealand,2008,3217.1685,31444.633,Oceania,4261819.0
New Zealand,2009,3157.6562,31233.076,Oceania,4304304.0
New Zealand,2010,3142.4587,31586.09,Oceania,4347766.0
New Zealand,2011,3258.1272,32057.0,Oceania,4382699.0
New Zealand,2012,3229.893,32714.732,Oceania,4411682.0
New Zealand,2013,3297.167,33109.26,Oceania,4453857.0
New Zealand,2014,3233.6763,33591.32,Oceania,4522976.0
New Zealand,2015,3194.475,34248.477,Oceania,4614035.0
New Zealand,2016,3154.1338,34879.938,Oceania,4714768.0
New Zealand,2017,3126.801,35573.965,Oceania,4812749.0
New Zealand,2018,3153.9338,36420.047,Oceania,4900840.0
New Zealand,2019,3115.5037,36912.074,Oceania,4989410.0
New Zealand,2020,3147.8384,35853.69,Oceania,5069895.0
New Zealand,2021,3151.2268,37837.457,Oceania,5107694.0
New Zealand,2022,3180.148,38250.12,Oceania,5131731.0
Nicaragua,1961,1903.2854,3277.0,Latin America & Caribbean,1836456.0
Nicaragua,1962,1938.5295,3521.0,Latin America & Caribbean,1892325.0
Nicaragua,1963,1951.8132,3781.0,Latin America & Caribbean,1950162.0
Nicaragua,1964,2004.8055,4092.0,Latin America & Caribbean,2010183.0
Nicaragua,1965,2004.5873,4340.0,Latin America & Caribbean,2072687.0
Nicaragua,1966,2033.6923,4342.0,Latin America & Caribbean,2137821.0
Nicaragua,1967,2068.2454,4500.0,Latin America & Caribbean,2205571.0
Nicaragua,1968,2115.2903,4419.0,Latin America & Caribbean,2275837.0
Nicaragua,1969,2061.9307,4564.0,Latin America & Caribbean,2348401.0
Nicaragua,1970,2049.3054,4463.0,Latin America & Caribbean,2423065.0
Nicaragua,1971,2024.8601,4533.0,Latin America & Caribbean,2499829.0
Nicaragua,1972,1979.4764,4543.0,Latin America & Caribbean,2573583.0
Nicaragua,1973,2034.8596,4637.0,Latin America & Caribbean,2649283.0
Nicaragua,1974,1997.954,5064.0,Latin America & Caribbean,2732073.0
Nicaragua,1975,2021.3124,5013.0,Latin America & Caribbean,2816947.0
Nicaragua,1976,2034.7057,5099.0,Latin America & Caribbean,2903850.0
Nicaragua,1977,2084.7146,5247.0,Latin America & Caribbean,2992532.0
Nicaragua,1978,2013.5934,4771.0,Latin America & Caribbean,3080323.0
Nicaragua,1979,1954.9613,3405.0,Latin America & Caribbean,3164524.0
Nicaragua,1980,2026.501,3414.0,Latin America & Caribbean,3252404.0
Nicaragua,1981,2133.9285,3480.0,Latin America & Caribbean,3345679.0
Nicaragua,1982,2010.9778,3360.0,Latin America & Caribbean,3438747.0
Nicaragua,1983,2062.8328,3437.0,Latin America & Caribbean,3530286.0
Nicaragua,1984,2143.1191,3308.0,Latin America & Caribbean,3619109.0
Nicaragua,1985,2166.0552,3107.0,Latin America & Caribbean,3706480.0
Nicaragua,1986,2195.4854,3011.0,Latin America & Caribbean,3794161.0
Nicaragua,1987,2129.1619,2922.0,Latin America & Caribbean,3882168.0
Nicaragua,1988,2106.4482,2498.0,Latin America & Caribbean,3972317.0
Nicaragua,1989,2073.503,2393.0,Latin America & Caribbean,4066483.0
Nicaragua,1990,1723.7666,2291.0,Latin America & Caribbean,4162566.0
Nicaragua,1991,1791.4293,2209.7942,Latin America & Caribbean,4259636.0
Nicaragua,1992,1778.842,2163.4165,Latin America & Caribbean,4357031.0
Nicaragua,1993,1847.4502,2114.692,Latin America & Caribbean,4453733.0
Nicaragua,1994,1930.2544,2154.299,Latin America & Caribbean,4549317.0
Nicaragua,1995,1971.7999,2264.0925,Latin America & Caribbean,4642933.0
Nicaragua,1996,1987.2883,2395.2021,Latin America & Caribbean,4729979.0
Nicaragua,1997,1972.034,2482.691,Latin America & Caribbean,4809574.0
Nicaragua,1998,2090.5874,2569.8284,Latin America & Caribbean,4883659.0
Nicaragua,1999,2107.1084,2748.127,Latin America & Caribbean,4954021.0
Nicaragua,2000,2166.2795,2858.5269,Latin America & Caribbean,5022636.0
Nicaragua,2001,2341.329,2944.2446,Latin America & Caribbean,5087827.0
Nicaragua,2002,2335.0796,2969.4575,Latin America & Caribbean,5149914.0
Nicaragua,2003,2366.6309,3049.15,Latin America & Caribbean,5210970.0
Nicaragua,2004,2410.6162,3220.261,Latin America & Caribbean,5272909.0
Nicaragua,2005,2450.718,3370.7776,Latin America & Caribbean,5342108.0
Nicaragua,2006,2459.2456,3525.5537,Latin America & Caribbean,5418857.0
Nicaragua,2007,2515.3892,3729.8513,Latin America & Caribbean,5497247.0
Nicaragua,2008,2507.4353,3856.5522,Latin America & Caribbean,5576597.0
Nicaragua,2009,2510.7722,3771.947,Latin America & Caribbean,5656602.0
Nicaragua,2010,2539.5664,3916.9658,Latin America & Caribbean,5737451.0
Nicaragua,2011,2571.6646,4189.0,Latin America & Caribbean,5819051.0
Nicaragua,2012,2582.6318,4376.0,Latin America & Caribbean,5901290.0
Nicaragua,2013,2571.4712,4527.0,Latin America & Caribbean,5983852.0
Nicaragua,2014,2551.6973,4685.0,Latin America & Caribbean,6066493.0
Nicaragua,2015,2557.259,4866.0,Latin America & Caribbean,6149417.0
Nicaragua,2016,2637.983,5015.8643,Latin America & Caribbean,6232664.0
Nicaragua,2017,2667.6812,5174.224,Latin America & Caribbean,6316235.0
Nicaragua,2018,2645.1892,4930.4297,Latin America & Caribbean,6400074.0
Nicaragua,2019,2681.3406,4721.7275,Latin America & Caribbean,6483660.0
Nicaragua,2020,2701.6118,4575.1865,Latin America & Caribbean,6565267.0
Nicaragua,2021,2750.7341,4978.8413,Latin America & Caribbean,6644745.0
Nicaragua,2022,2781.3022,5092.8413,Latin America & Caribbean,6730662.0
Niger,1961,1530.0518,1239.0,Africa,3608172.0
Niger,1962,1537.781,1341.0,Africa,3714521.0
Niger,1963,1557.0294,1443.0,Africa,3823879.0
Niger,1964,1594.9886,1415.0,Africa,3935821.0
Niger,1965,1742.9044,1490.0,Africa,4049700.0
Niger,1966,1743.0203,1441.0,Africa,4165551.0
Niger,1967,1818.8839,1417.0,Africa,4283594.0
Niger,1968,1940.7363,1398.0,Africa,4403640.0
Niger,1969,1884.8936,1326.0,Africa,4525724.0
Niger,1970,1859.0454,1337.0,Africa,4650272.0
Niger,1971,1976.7689,1382.0,Africa,4776227.0
Niger,1972,1839.4274,1282.0,Africa,4904847.0
Niger,1973,1901.124,1039.0,Africa,5037868.0
Niger,1974,1905.7167,1105.0,Africa,5174956.0
Niger,1975,1916.996,1050.0,Africa,5317022.0
Niger,1976,1991.5424,1033.0,Africa,5464963.0
Niger,1977,2014.9402,1087.0,Africa,5619722.0
Niger,1978,2025.37,1205.0,Africa,5782939.0
Niger,1979,2026.4432,1261.0,Africa,5955557.0
Niger,1980,2064.1592,1291.0,Africa,6135968.0
Niger,1981,2061.9749,1277.0,Africa,6322011.0
Niger,1982,2104.3848,1231.0,Africa,6512733.0
Niger,1983,2108.1243,1180.0,Africa,6708646.0
Niger,1984,2055.3967,956.0,Africa,6909974.0
Niger,1985,1998.7491,950.0,Africa,7118457.0
Niger,1986,1963.7554,969.0,Africa,7335814.0
Niger,1987,1996.2434,912.0,Africa,7561154.0
Niger,1988,2017.5392,939.0,Africa,7793752.0
Niger,1989,2020.6746,915.0,Africa,8034782.0
Niger,1990,2131.7249,872.0,Africa,8286066.0
Niger,1991,1957.2429,865.9134,Africa,8546900.0
Niger,1992,1937.6879,785.2636,Africa,8817633.0
Niger,1993,1914.3901,771.54144,Africa,9100789.0
Niger,1994,1874.333,776.80255,Africa,9398266.0
Niger,1995,1942.9493,702.4934,Africa,9714537.0
Niger,1996,1985.147,712.85583,Africa,10044848.0
Niger,1997,2061.2576,693.1094,Africa,10383977.0
Niger,1998,2079.0718,755.248,Africa,10741416.0
Niger,1999,2113.0212,736.91754,Africa,11117414.0
Niger,2000,2222.896,693.3765,Africa,11509634.0
Niger,2001,2237.9685,723.31134,Africa,11920648.0
Niger,2002,2209.5005,734.59155,Africa,12349150.0
Niger,2003,2299.125,758.1143,Africa,12796979.0
Niger,2004,2350.0337,725.13165,Africa,13265843.0
Niger,2005,2342.3413,757.2439,Africa,13756192.0
Niger,2006,2341.2668,771.4197,Africa,14268583.0
Niger,2007,2360.1562,766.18695,Africa,14803604.0
Niger,2008,2417.651,809.4504,Africa,15361921.0
Niger,2009,2421.617,775.2534,Africa,15943673.0
Niger,2010,2556.166,810.1572,Africa,16548833.0
Niger,2011,2470.731,799.0,Africa,17176286.0
Niger,2012,2513.4888,849.7977,Africa,17836770.0
Niger,2013,2520.915,861.0156,Africa,18519899.0
Niger,2014,2520.8218,884.34576,Africa,19215917.0
Niger,2015,2586.6902,888.36847,Africa,19939496.0
Niger,2016,2620.922,903.57153,Africa,20685758.0
Niger,2017,2601.0422,913.8115,Africa,21435449.0
Niger,2018,2687.2798,942.5486,Africa,22188074.0
Niger,2019,2651.6902,964.32434,Africa,22947765.0
Niger,2020,2713.0327,962.7823,Africa,23717615.0
Niger,2021,2583.4878,941.2575,Africa,24502145.0
Niger,2022,2724.2576,1007.72095,Africa,25311978.0
Nigeria,1961,1953.5488,1313.0,Africa,45989313.0
Nigeria,1962,2032.5873,1349.0,Africa,46965299.0
Nigeria,1963,1990.3864,1433.0,Africa,47973576.0
Nigeria,1964,1957.2886,1451.0,Africa,49012023.0
Nigeria,1965,1884.7112,1505.0,Africa,50086762.0
Nigeria,1966,1740.0083,1414.0,Africa,51188240.0
Nigeria,1967,1838.1636,1160.0,Africa,52293065.0
Nigeria,1968,1832.1116,1114.0,Africa,53432785.0
Nigeria,1969,1956.097,1372.0,Africa,54631917.0
Nigeria,1970,2001.4922,1744.0,Africa,55893836.0
Nigeria,1971,1873.8049,1894.0,Africa,57214688.0
Nigeria,1972,1661.4178,1908.0,Africa,58601749.0
Nigeria,1973,1773.9695,2012.0,Africa,60082138.0
Nigeria,1974,1884.418,2179.0,Africa,61679153.0
Nigeria,1975,1840.493,2051.0,Africa,63410821.0
Nigeria,1976,1758.5424,2208.0,Africa,65258000.0
Nigeria,1977,1784.0382,2220.0,Africa,67234590.0
Nigeria,1978,1790.7781,2028.0,Africa,69326531.0
Nigeria,1979,1738.932,2104.0,Africa,71498241.0
Nigeria,1980,1857.3206,2080.0,Africa,73764641.0
Nigeria,1981,1872.6392,1855.0,Africa,76068116.0
Nigeria,1982,1860.4734,1784.0,Africa,78378699.0
Nigeria,1983,1710.7811,1631.0,Africa,80438257.0
Nigeria,1984,1737.0381,1527.0,Africa,82526444.0
Nigeria,1985,1841.1444,1621.0,Africa,84897973.0
Nigeria,1986,1982.2668,1610.0,Africa,87235959.0
Nigeria,1987,1946.0553,1556.0,Africa,89591718.0
Nigeria,1988,1990.6733,1667.0,Africa,92020088.0
Nigeria,1989,2072.9443,1729.0,Africa,94531022.0
Nigeria,1990,2158.0566,1773.0,Africa,97120926.0
Nigeria,1991,2300.6462,1759.0035,Africa,99720161.0
Nigeria,1992,2391.6604,1793.9402,Africa,102372779.0
Nigeria,1993,2476.53,1817.7495,Africa,105122075.0
Nigeria,1994,2449.444,1820.3046,Africa,107935717.0
Nigeria,1995,2505.6655,1851.0375,Africa,110819430.0
Nigeria,1996,2497.8315,1924.0884,Africa,113754783.0
Nigeria,1997,2537.21,1977.2856,Africa,116754790.0
Nigeria,1998,2565.596,2025.8649,Africa,119846261.0
Nigeria,1999,2564.1975,2034.8275,Africa,123047324.0
Nigeria,2000,2537.606,2144.8254,Africa,126382490.0
Nigeria,2001,2535.3804,2282.823,Africa,129862594.0
Nigeria,2002,2522.1106,2609.1294,Africa,133471995.0
Nigeria,2003,2519.5608,2848.2812,Africa,137202646.0
Nigeria,2004,2559.7966,3136.6274,Africa,141057045.0
Nigeria,2005,2603.691,3347.8206,Africa,145017256.0
Nigeria,2006,2619.6697,3564.6323,Africa,149077335.0
Nigeria,2007,2612.095,3817.4836,Africa,153267254.0
Nigeria,2008,2612.642,4084.2002,Africa,157595014.0
Nigeria,2009,2572.5923,4416.347,Africa,162049466.0
Nigeria,2010,2484.2173,4904.8657,Africa,166642888.0
Nigeria,2011,2471.2935,5136.0,Africa,171379602.0
Nigeria,2012,2457.5693,5216.3154,Africa,176200627.0
Nigeria,2013,2432.9421,5356.3887,Africa,181049440.0
Nigeria,2014,2485.5552,5550.727,Africa,185896917.0
Nigeria,2015,2477.8152,5558.026,Africa,190671883.0
Nigeria,2016,2469.604,5337.1294,Africa,195443698.0
Nigeria,2017,2469.6953,5248.6885,Africa,200254580.0
Nigeria,2018,2450.8,5215.3755,Africa,204938752.0
Nigeria,2019,2465.0151,5197.0825,Africa,209485637.0
Nigeria,2020,2443.3152,4976.3223,Africa,213996185.0
Nigeria,2021,2482.9648,5029.0884,Africa,218529286.0
Nigeria,2022,2451.6863,5070.4927,Africa,223150906.0
North Korea,1990,2266.9324,2455.8186,Asia,21112134.0
North Korea,1991,2266.4849,2315.959,Asia,21428637.0
North Korea,1992,2128.74,2120.5461,Asia,21750912.0
North Korea,1993,2182.4421,1996.2933,Asia,22073354.0
North Korea,1994,2154.2334,1925.956,Asia,22393967.0
North Korea,1995,2019.016,1816.009,Asia,22669307.0
North Korea,1996,2000.1683,1733.0995,Asia,22895753.0
North Korea,1997,2052.719,1604.8995,Asia,23110836.0
North Korea,1998,2042.1553,1579.9309,Asia,23311570.0
North Korea,1999,2035.0979,1664.6421,Asia,23497594.0
North Korea,2000,2072.0725,1657.1444,Asia,23665909.0
North Korea,2001,2028.0239,1704.3733,Asia,23815364.0
North Korea,2002,2118.5762,1710.9496,Asia,23943975.0
North Korea,2003,2130.7202,1729.6221,Asia,24090382.0
North Korea,2004,2149.9795,1753.6919,Asia,24254946.0
North Korea,2005,2127.866,1808.0618,Asia,24396434.0
North Korea,2006,2092.5913,1778.4956,Asia,24524508.0
North Korea,2007,2063.2725,1746.9276,Asia,24646384.0
North Korea,2008,2050.9573,1794.6573,Asia,24764620.0
North Korea,2009,2045.5038,1768.8898,Asia,24878338.0
North Korea,2010,2053.5762,1751.4363,Asia,24987257.0
North Korea,2011,2063.8347,1756.6108,Asia,25097877.0
North Korea,2012,2071.12,1770.9209,Asia,25211737.0
North Korea,2013,2050.3708,1781.3009,Asia,25329456.0
North Korea,2014,2071.9885,1791.3436,Asia,25451263.0
North Korea,2015,2043.1595,1762.5167,Asia,25575355.0
North Korea,2016,2027.6753,1821.212,Asia,25698325.0
North Korea,2017,2041.0026,1749.0596,Asia,25817710.0
North Korea,2018,1981.1882,1668.5446,Asia,25931153.0
North Macedonia,1992,2317.0588,7991.5977,Europe,2032516.0
North Macedonia,1993,2283.8564,7317.835,Europe,2006853.0
North Macedonia,1994,2655.0837,7154.067,Europe,1992669.0
North Macedonia,1995,2541.2637,7039.1196,Europe,1998531.0
North Macedonia,1996,2535.7842,7095.1665,Europe,2012553.0
North Macedonia,1997,2721.865,7179.0264,Europe,2025764.0
North Macedonia,1998,2834.3972,7411.548,Europe,2037575.0
North Macedonia,1999,2774.7812,7732.047,Europe,2048088.0
North Macedonia,2000,2742.9768,8083.7896,Europe,2057254.0
North Macedonia,2001,2629.3447,7835.027,Europe,2066300.0
North Macedonia,2002,2721.3674,7964.0776,Europe,2074482.0
North Macedonia,2003,2740.451,8160.413,Europe,2081417.0
North Macedonia,2004,2871.2002,8561.384,Europe,2086581.0
North Macedonia,2005,2780.2542,8984.545,Europe,2089809.0
North Macedonia,2006,2833.4517,9466.264,Europe,2089232.0
North Macedonia,2007,3038.777,10099.407,Europe,2081972.0
North Macedonia,2008,3000.2554,10674.208,Europe,2070837.0
North Macedonia,2009,3055.7576,10657.878,Europe,2060601.0
North Macedonia,2010,3037.1155,11038.29,Europe,2051510.0
North Macedonia,2011,3008.5488,11321.0,Europe,2040445.0
North Macedonia,2012,3052.5645,11255.701,Europe,2027288.0
North Macedonia,2013,3103.2722,11568.169,Europe,2013280.0
North Macedonia,2014,3084.9998,11968.066,Europe,1997842.0
North Macedonia,2015,3171.6912,12412.94,Europe,1980366.0
North Macedonia,2016,3226.1096,12752.585,Europe,1961268.0
North Macedonia,2017,3248.3896,12878.021,Europe,1940877.0
North Macedonia,2018,3336.7234,13238.034,Europe,1919730.0
North Macedonia,2019,3434.2502,13751.228,Europe,1897643.0
North Macedonia,2020,3523.3389,13125.83,Europe,1872021.0
North Macedonia,2021,3569.8604,13692.046,Europe,1851109.0
North Macedonia,2022,3581.5764,14050.995,Europe,1840236.0
Norway,1961,2784.0325,12106.0,Europe,3609661.0
Norway,1962,2929.128,12347.0,Europe,3638841.0
Norway,1963,2802.3845,12723.0,Europe,3666497.0
Norway,1964,2860.527,13256.0,Europe,3694319.0
Norway,1965,2900.644,13852.0,Europe,3723173.0
Norway,1966,2993.9666,14258.0,Europe,3752788.0
Norway,1967,2950.693,15020.0,Europe,3784111.0
Norway,1968,3027.136,15224.0,Europe,3816089.0
Norway,1969,2998.9832,15779.0,Europe,3847304.0
Norway,1970,3014.5046,15983.0,Europe,3875351.0
Norway,1971,3045.7517,16692.0,Europe,3902754.0
Norway,1972,3085.0684,17409.0,Europe,3932913.0
Norway,1973,3085.535,18050.0,Europe,3960597.0
Norway,1974,2982.0396,18691.0,Europe,3985283.0
Norway,1975,2967.9866,19560.0,Europe,4007368.0
Norway,1976,3185.0354,20610.0,Europe,4026219.0
Norway,1977,3167.0134,21399.0,Europe,4043259.0
Norway,1978,3220.8813,22061.0,Europe,4058668.0
Norway,1979,3261.997,22971.0,Europe,4072499.0
Norway,1980,3346.8662,24031.0,Europe,4085603.0
Norway,1981,3329.1992,24179.0,Europe,4099675.0
Norway,1982,3146.8354,24141.0,Europe,4114742.0
Norway,1983,3157.6143,24924.0,Europe,4128332.0
Norway,1984,3195.3855,26321.0,Europe,4139970.0
Norway,1985,3194.612,27608.0,Europe,4152399.0
Norway,1986,3232.4756,28504.0,Europe,4167252.0
Norway,1987,3302.4045,28953.0,Europe,4186818.0
Norway,1988,3116.972,28786.0,Europe,4209470.0
Norway,1989,3182.7854,28942.0,Europe,4226914.0
Norway,1990,3154.9285,29434.0,Europe,4241440.0
Norway,1991,3222.2888,31127.676,Europe,4261618.0
Norway,1992,3218.8086,33041.207,Europe,4286255.0
Norway,1993,3220.6072,34819.516,Europe,4311864.0
Norway,1994,3275.1357,37492.836,Europe,4336467.0
Norway,1995,3224.7463,40043.797,Europe,4358991.0
Norway,1996,3314.675,43133.145,Europe,4381137.0
Norway,1997,3335.055,46556.48,Europe,4404988.0
Norway,1998,3408.673,48956.73,Europe,4431308.0
Norway,1999,3421.2258,51129.184,Europe,4461789.0
Norway,2000,3378.8545,54039.96,Europe,4490864.0
Norway,2001,3419.0222,56578.38,Europe,4513650.0
Norway,2002,3458.2256,58840.414,Europe,4538016.0
Norway,2003,3433.4868,60852.258,Europe,4564666.0
Norway,2004,3474.1687,64824.145,Europe,4591739.0
Norway,2005,3520.67,68108.555,Europe,4623120.0
Norway,2006,3452.2947,71310.53,Europe,4660487.0
Norway,2007,3472.8147,74879.81,Europe,4709017.0
Norway,2008,3485.2236,76522.06,Europe,4768097.0
Norway,2009,3476.3015,76625.63,Europe,4828625.0
Norway,2010,3569.7336,78476.15,Europe,4889160.0
Norway,2011,3561.425,80623.0,Europe,4952969.0
Norway,2012,3579.553,81725.22,Europe,5018453.0
Norway,2013,3562.3213,81564.3,Europe,5080126.0
Norway,2014,3518.6982,82311.33,Europe,5137397.0
Norway,2015,3458.9485,82983.99,Europe,5189777.0
Norway,2016,3418.2021,83213.016,Europe,5235974.0
Norway,2017,3417.8877,84600.71,Europe,5276807.0
Norway,2018,3487.2532,84739.92,Europe,5311751.0
Norway,2019,3533.8113,85115.32,Europe,5347733.0
Norway,2020,3533.181,83543.1,Europe,5379275.0
Norway,2021,3507.6538,86334.59,Europe,5408082.0
Norway,2022,3490.115,88366.22,Europe,5456796.0
Oman,1990,2406.2095,10327.0,Asia,1763957.0
Oman,1991,2375.2427,11131.0,Asia,1851476.0
Oman,1992,2444.5166,12251.157,Asia,1938240.0
Oman,1993,2344.606,13226.644,Asia,2021677.0
Oman,1994,2428.2727,14079.533,Asia,2081839.0
Oman,1995,2400.394,15292.176,Asia,2120531.0
Oman,1996,2420.2158,16491.168,Asia,2156925.0
Oman,1997,2344.3022,18518.48,Asia,2190726.0
Oman,1998,2485.059,20213.02,Asia,2222492.0
Oman,1999,2532.655,21519.67,Asia,2252910.0
Oman,2000,2489.797,24186.365,Asia,2282139.0
Oman,2001,2601.2537,26431.1,Asia,2310223.0
Oman,2002,2593.254,27141.844,Asia,2337144.0
Oman,2003,2659.0474,27313.98,Asia,2363801.0
Oman,2004,2729.556,28607.084,Asia,2404822.0
Oman,2005,2786.72,30392.56,Asia,2459808.0
Oman,2006,2812.2542,33374.895,Asia,2514794.0
Oman,2007,2832.8071,36424.98,Asia,2570175.0
Oman,2008,2907.5315,40909.938,Asia,2626536.0
Oman,2009,3001.5806,44244.65,Asia,2684665.0
Oman,2010,3319.2366,46182.16,Asia,2757450.0
Oman,2011,3187.7212,44454.0,Asia,3076762.0
Oman,2012,3026.7249,47427.582,Asia,3547104.0
Oman,2013,3028.952,48900.758,Asia,3833915.0
Oman,2014,3061.6526,48528.41,Asia,4002444.0
Oman,2015,3055.1157,49926.875,Asia,4184898.0
Oman,2016,2992.0613,51382.734,Asia,4390880.0
Oman,2017,3062.5527,50502.68,Asia,4537397.0
Oman,2018,3077.6553,50135.402,Asia,4597878.0
Oman,2019,3091.559,48596.527,Asia,4591248.0
Oman,2020,3099.7275,46133.21,Asia,4522502.0
Oman,2021,3045.7732,46573.574,Asia,4500429.0
Oman,2022,2964.2441,47988.65,Asia,4730229.0
Pakistan,1961,1874.0713,1066.0,Asia,46921277.0
Pakistan,1962,1937.1768,1114.0,Asia,48156130.0
Pakistan,1963,1951.5372,1152.0,Asia,49447780.0
Pakistan,1964,2091.5679,1208.0,Asia,50799995.0
Pakistan,1965,2190.4429,1229.0,Asia,52209015.0
Pakistan,1966,2092.707,1294.0,Asia,53678671.0
Pakistan,1967,2090.7617,1307.0,Asia,55214772.0
Pakistan,1968,2039.252,1361.0,Asia,56810512.0
Pakistan,1969,2342.6042,1411.0,Asia,58460945.0
Pakistan,1970,2335.0298,1517.0,Asia,60166721.0
Pakistan,1971,2254.6858,1484.0,Asia,61847896.0
Pakistan,1972,2314.0989,1455.0,Asia,63583192.0
Pakistan,1973,2292.537,1521.0,Asia,65461912.0
Pakistan,1974,2290.776,1533.0,Asia,67415487.0
Pakistan,1975,2202.784,1559.0,Asia,69461179.0
Pakistan,1976,2219.3232,1604.0,Asia,71620249.0
Pakistan,1977,2231.9998,1631.0,Asia,73901831.0
Pakistan,1978,2299.816,1720.0,Asia,76307381.0
Pakistan,1979,2244.5613,1733.0,Asia,78997040.0
Pakistan,1980,2144.1553,1851.0,Asia,82291008.0
Pakistan,1981,2108.7734,1924.0,Asia,85802048.0
Pakistan,1982,2162.8884,2002.0,Asia,89089247.0
Pakistan,1983,2151.3325,2077.0,Asia,92227711.0
Pakistan,1984,2170.5823,2106.0,Asia,95164940.0
Pakistan,1985,2111.2358,2230.0,Asia,98229291.0
Pakistan,1986,2102.573,2302.0,Asia,101606770.0
Pakistan,1987,2155.021,2364.0,Asia,105130710.0
Pakistan,1988,2102.7268,2442.0,Asia,108724740.0
Pakistan,1989,2282.3818,2487.0,Asia,112336634.0
Pakistan,1990,2239.8848,2531.0,Asia,116155584.0
Pakistan,1991,2115.979,2644.5742,Asia,120060409.0
Pakistan,1992,2207.2725,2732.3816,Asia,123546855.0
Pakistan,1993,2225.4082,2777.332,Asia,127020117.0
Pakistan,1994,2264.1672,2855.9062,Asia,130748076.0
Pakistan,1995,2248.9028,2947.6826,Asia,134582255.0
Pakistan,1996,2258.8674,2979.808,Asia,138557089.0
Pakistan,1997,2251.4272,2986.7056,Asia,142531801.0
Pakistan,1998,2219.1602,3035.4517,Asia,146522354.0
Pakistan,1999,2261.3748,3111.9585,Asia,150565381.0
Pakistan,2000,2226.957,3154.5115,Asia,154879124.0
Pakistan,2001,2131.7979,3176.9468,Asia,159270910.0
Pakistan,2002,2068.0964,3265.6865,Asia,163222552.0
Pakistan,2003,2108.7578,3437.992,Asia,167110250.0
Pakistan,2004,2119.574,3664.5334,Asia,171285999.0
Pakistan,2005,2123.9485,3883.9346,Asia,175453212.0
Pakistan,2006,2132.1875,4062.6665,Asia,179682690.0
Pakistan,2007,2150.2456,4160.365,Asia,184493231.0
Pakistan,2008,2134.5398,4224.405,Asia,189499112.0
Pakistan,2009,2125.5566,4288.462,Asia,194376535.0
Pakistan,2010,2316.6196,4354.267,Asia,199239048.0
Pakistan,2011,2326.2458,4464.0,Asia,203746069.0
Pakistan,2012,2316.4854,4538.3457,Asia,207667129.0
Pakistan,2013,2306.8447,4638.1616,Asia,211073979.0
Pakistan,2014,2363.3025,4750.878,Asia,214264649.0
Pakistan,2015,2350.4595,4889.915,Asia,217290884.0
Pakistan,2016,2388.3596,5030.8354,Asia,220138863.0
Pakistan,2017,2409.3044,5189.937,Asia,223273974.0
Pakistan,2018,2404.5964,5299.071,Asia,226928893.0
Pakistan,2019,2370.1697,5219.534,Asia,230800908.0
Pakistan,2020,2402.0415,5242.6953,Asia,235001745.0
Pakistan,2021,2390.2817,5463.7744,Asia,239477805.0
Pakistan,2022,2364.0386,5531.723,Asia,243700667.0
Panama,1961,2119.3313,3462.0,Latin America & Caribbean,1159880.0
Panama,1962,2040.0817,3647.0,Latin America & Caribbean,1195311.0
Panama,1963,2164.9216,3877.0,Latin America & Caribbean,1232136.0
Panama,1964,2163.463,3929.0,Latin America & Caribbean,1270068.0
Panama,1965,2120.3325,4151.0,Latin America & Caribbean,1308840.0
Panama,1966,2183.0435,4331.0,Latin America & Caribbean,1348390.0
Panama,1967,2239.6008,4559.0,Latin America & Caribbean,1388630.0
Panama,1968,2260.5586,4752.0,Latin America & Caribbean,1429452.0
Panama,1969,2366.7458,4976.0,Latin America & Caribbean,1470888.0
Panama,1970,2207.7048,5131.0,Latin America & Caribbean,1513071.0
Panama,1971,2337.7283,5471.0,Latin America & Caribbean,1556079.0
Panama,1972,2138.229,5571.0,Latin America & Caribbean,1599721.0
Panama,1973,2214.0657,5719.0,Latin America & Caribbean,1643696.0
Panama,1974,2402.8408,5695.0,Latin America & Caribbean,1687932.0
Panama,1975,2397.5344,5649.0,Latin America & Caribbean,1732393.0
Panama,1976,2106.1328,5604.0,Latin America & Caribbean,1776943.0
Panama,1977,2389.196,5512.0,Latin America & Caribbean,1821550.0
Panama,1978,2154.6125,5946.0,Latin America & Caribbean,1866317.0
Panama,1979,2126.335,6075.0,Latin America & Caribbean,1911555.0
Panama,1980,2136.852,6849.0,Latin America & Caribbean,1957543.0
Panama,1981,2283.6226,7313.0,Latin America & Caribbean,2004424.0
Panama,1982,2322.546,7444.0,Latin America & Caribbean,2052278.0
Panama,1983,2354.3755,7186.0,Latin America & Caribbean,2101107.0
Panama,1984,2365.987,7192.0,Latin America & Caribbean,2150781.0
Panama,1985,2506.001,7404.0,Latin America & Caribbean,2200921.0
Panama,1986,2548.3499,7578.0,Latin America & Caribbean,2251331.0
Panama,1987,2278.2937,7653.0,Latin America & Caribbean,2301979.0
Panama,1988,2223.0413,6743.0,Latin America & Caribbean,2352856.0
Panama,1989,2206.25,6715.0,Latin America & Caribbean,2403821.0
Panama,1990,2267.6414,7119.0,Latin America & Caribbean,2455588.0
Panama,1991,2227.963,7659.47,Latin America & Caribbean,2508273.0
Panama,1992,2330.5657,8148.6313,Latin America & Caribbean,2561342.0
Panama,1993,2367.6504,8450.672,Latin America & Caribbean,2615099.0
Panama,1994,2371.6191,8549.647,Latin America & Caribbean,2669545.0
Panama,1995,2252.508,8555.783,Latin America & Caribbean,2724555.0
Panama,1996,2280.1655,8652.076,Latin America & Caribbean,2780228.0
Panama,1997,2203.8438,9054.722,Latin America & Caribbean,2836702.0
Panama,1998,2421.2632,9560.335,Latin America & Caribbean,2893918.0
Panama,1999,2240.5654,9784.694,Latin America & Caribbean,2951820.0
Panama,2000,2163.6035,9898.788,Latin America & Caribbean,3010376.0
Panama,2001,2300.294,9804.559,Latin America & Caribbean,3069545.0
Panama,2002,2382.477,9879.454,Latin America & Caribbean,3129343.0
Panama,2003,2402.9512,10153.772,Latin America & Caribbean,3189813.0
Panama,2004,2285.878,10769.523,Latin America & Caribbean,3251158.0
Panama,2005,2371.3213,11389.244,Latin America & Caribbean,3313024.0
Panama,2006,2384.5352,12195.747,Latin America & Caribbean,3375024.0
Panama,2007,2503.3716,13492.383,Latin America & Caribbean,3437490.0
Panama,2008,2560.733,14466.968,Latin America & Caribbean,3500646.0
Panama,2009,2556.493,14515.766,Latin America & Caribbean,3564383.0
Panama,2010,2685.546,15169.125,Latin America & Caribbean,3628537.0
Panama,2011,2750.3918,16762.0,Latin America & Caribbean,3693509.0
Panama,2012,2793.376,18051.0,Latin America & Caribbean,3759261.0
Panama,2013,2790.3452,18979.0,Latin America & Caribbean,3825333.0
Panama,2014,2790.205,19855.0,Latin America & Caribbean,3892100.0
Panama,2015,2799.4543,20723.0,Latin America & Caribbean,3960034.0
Panama,2016,2836.3164,21445.125,Latin America & Caribbean,4029085.0
Panama,2017,2876.7131,22331.217,Latin America & Caribbean,4098704.0
Panama,2018,3041.0916,22843.75,Latin America & Caribbean,4167860.0
Panama,2019,3052.4363,23218.432,Latin America & Caribbean,4234698.0
Panama,2020,3025.0945,18840.738,Latin America & Caribbean,4293258.0
Panama,2021,3056.3762,21539.07,Latin America & Caribbean,4345410.0
Panama,2022,3066.9197,23557.02,Latin America & Caribbean,4400775.0
Paraguay,1961,2168.8948,2396.0,Latin America & Caribbean,1927401.0
Paraguay,1962,2193.2964,2499.0,Latin America & Caribbean,1973136.0
Paraguay,1963,2194.7952,2504.0,Latin America & Caribbean,2021913.0
Paraguay,1964,2302.987,2546.0,Latin America & Caribbean,2073121.0
Paraguay,1965,2406.3591,2624.0,Latin America & Caribbean,2125179.0
Paraguay,1966,2402.8137,2584.0,Latin America & Caribbean,2177590.0
Paraguay,1967,2406.2104,2676.0,Latin America & Caribbean,2229992.0
Paraguay,1968,2484.7068,2699.0,Latin America & Caribbean,2282394.0
Paraguay,1969,2507.0574,2730.0,Latin America & Caribbean,2334998.0
Paraguay,1970,2554.6895,2825.0,Latin America & Caribbean,2388030.0
Paraguay,1971,2553.7363,2906.0,Latin America & Caribbean,2442540.0
Paraguay,1972,2533.9773,3017.0,Latin America & Caribbean,2499885.0
Paraguay,1973,2551.913,3150.0,Latin America & Caribbean,2561103.0
Paraguay,1974,2570.607,3319.0,Latin America & Caribbean,2625622.0
Paraguay,1975,2478.1426,3464.0,Latin America & Caribbean,2691649.0
Paraguay,1976,2562.3804,3629.0,Latin America & Caribbean,2758844.0
Paraguay,1977,2649.5466,3945.0,Latin America & Caribbean,2827876.0
Paraguay,1978,2704.8486,4302.0,Latin America & Caribbean,2899268.0
Paraguay,1979,2641.3457,4693.0,Latin America & Caribbean,2973967.0
Paraguay,1980,2658.116,5113.0,Latin America & Caribbean,3053239.0
Paraguay,1981,2576.8496,5424.0,Latin America & Caribbean,3137611.0
Paraguay,1982,2648.9998,5230.0,Latin America & Caribbean,3226195.0
Paraguay,1983,2671.0354,4935.0,Latin America & Caribbean,3318075.0
Paraguay,1984,2631.664,4945.0,Latin America & Caribbean,3412939.0
Paraguay,1985,2745.284,4994.0,Latin America & Caribbean,3510678.0
Paraguay,1986,2663.4456,4854.0,Latin America & Caribbean,3611474.0
Paraguay,1987,2669.6873,4919.0,Latin America & Caribbean,3714892.0
Paraguay,1988,2635.3452,5082.0,Latin America & Caribbean,3820551.0
Paraguay,1989,2680.791,5222.0,Latin America & Caribbean,3927802.0
Paraguay,1990,2547.4187,5230.0,Latin America & Caribbean,4035752.0
Paraguay,1991,2514.3508,5224.3,Latin America & Caribbean,4144370.0
Paraguay,1992,2504.7896,5186.564,Latin America & Caribbean,4253608.0
Paraguay,1993,2566.2888,5270.8994,Latin America & Caribbean,4362706.0
Paraguay,1994,2673.6938,5305.5005,Latin America & Caribbean,4471423.0
Paraguay,1995,2660.087,5463.623,Latin America & Caribbean,4579803.0
Paraguay,1996,2671.0574,5360.743,Latin America & Caribbean,4687540.0
Paraguay,1997,2724.971,5399.426,Latin America & Caribbean,4794415.0
Paraguay,1998,2718.3674,5321.9194,Latin America & Caribbean,4900028.0
Paraguay,1999,2764.9841,5150.4087,Latin America & Caribbean,5003139.0
Paraguay,2000,2714.397,4896.4297,Latin America & Caribbean,5100875.0
Paraguay,2001,2779.0867,4918.046,Latin America & Caribbean,5187690.0
Paraguay,2002,2836.6777,5571.4272,Latin America & Caribbean,5261334.0
Paraguay,2003,2914.373,5726.99,Latin America & Caribbean,5326437.0
Paraguay,2004,2859.8481,5876.66,Latin America & Caribbean,5388181.0
Paraguay,2005,2812.1511,5922.791,Latin America & Caribbean,5448100.0
Paraguay,2006,2863.742,6128.6426,Latin America & Caribbean,5505145.0
Paraguay,2007,2833.6768,6383.4854,Latin America & Caribbean,5559385.0
Paraguay,2008,2816.0762,6713.0303,Latin America & Caribbean,5613577.0
Paraguay,2009,2829.2239,6376.9414,Latin America & Caribbean,5671243.0
Paraguay,2010,3080.4202,7139.027,Latin America & Caribbean,5737973.0
Paraguay,2011,3122.53,7377.0,Latin America & Caribbean,5814632.0
Paraguay,2012,3060.0212,7232.376,Latin America & Caribbean,5897011.0
Paraguay,2013,3122.524,7735.565,Latin America & Caribbean,5982447.0
Paraguay,2014,3136.7341,8047.5933,Latin America & Caribbean,6069819.0
Paraguay,2015,3096.1138,8188.404,Latin America & Caribbean,6159106.0
Paraguay,2016,3069.4773,8438.709,Latin America & Caribbean,6249129.0
Paraguay,2017,3103.4253,8741.245,Latin America & Caribbean,6338658.0
Paraguay,2018,3111.862,8915.669,Latin America & Caribbean,6427382.0
Paraguay,2019,3103.7358,8776.076,Latin America & Caribbean,6515059.0
Paraguay,2020,3115.617,8603.079,Latin America & Caribbean,6603741.0
Paraguay,2021,3098.446,8845.659,Latin America & Caribbean,6684184.0
Paraguay,2022,3065.1274,8762.771,Latin America & Caribbean,6760460.0
Peru,1961,2072.839,5008.0,Latin America & Caribbean,10475126.0
Peru,1962,2090.7976,5230.0,Latin America & Caribbean,10784615.0
Peru,1963,1934.6604,5314.0,Latin America & Caribbean,11102095.0
Peru,1964,2112.1743,5523.0,Latin America & Caribbean,11427988.0
Peru,1965,2069.119,5729.0,Latin America & Caribbean,11761091.0
Peru,1966,2087.339,6038.0,Latin America & Caribbean,12101300.0
Peru,1967,2066.388,6107.0,Latin America & Caribbean,12448815.0
Peru,1968,2019.2476,5874.0,Latin America & Caribbean,12803985.0
Peru,1969,2250.1199,5859.0,Latin America & Caribbean,13166756.0
Peru,1970,2142.2808,6143.0,Latin America & Caribbean,13501237.0
Peru,1971,2192.523,6242.0,Latin America & Caribbean,13838069.0
Peru,1972,2124.0105,6264.0,Latin America & Caribbean,14210147.0
Peru,1973,2070.114,6413.0,Latin America & Caribbean,14582864.0
Peru,1974,2091.992,6566.0,Latin America & Caribbean,14956554.0
Peru,1975,2163.749,6896.0,Latin America & Caribbean,15333955.0
Peru,1976,2108.305,6808.0,Latin America & Caribbean,15716814.0
Peru,1977,2054.9639,6626.0,Latin America & Caribbean,16109808.0
Peru,1978,1909.4485,6454.0,Latin America & Caribbean,16516061.0
Peru,1979,2045.7744,6664.0,Latin America & Caribbean,16933143.0
Peru,1980,2037.2433,6795.0,Latin America & Caribbean,17360955.0
Peru,1981,2172.9878,6921.0,Latin America & Caribbean,17798803.0
Peru,1982,2150.9775,6770.0,Latin America & Caribbean,18246506.0
Peru,1983,2178.4087,5729.0,Latin America & Caribbean,18705961.0
Peru,1984,1974.3031,5859.0,Latin America & Caribbean,19174717.0
Peru,1985,2046.0883,5844.0,Latin America & Caribbean,19648212.0
Peru,1986,2217.002,6290.0,Latin America & Caribbean,20117127.0
Peru,1987,2220.7847,6682.0,Latin America & Caribbean,20582325.0
Peru,1988,2229.9114,6003.0,Latin America & Caribbean,21054704.0
Peru,1989,2122.4397,5160.0,Latin America & Caribbean,21532587.0
Peru,1990,1999.702,4795.0,Latin America & Caribbean,22014772.0
Peru,1991,2153.745,4812.212,Latin America & Caribbean,22483784.0
Peru,1992,2110.3884,4698.483,Latin America & Caribbean,22946345.0
Peru,1993,2129.3918,4857.021,Latin America & Caribbean,23413783.0
Peru,1994,2171.7761,5361.423,Latin America & Caribbean,23881497.0
Peru,1995,2164.9287,5668.0327,Latin America & Caribbean,24348922.0
Peru,1996,2233.1987,5739.79,Latin America & Caribbean,24811174.0
Peru,1997,2276.539,6027.8164,Latin America & Caribbean,25274149.0
Peru,1998,2211.4065,5926.733,Latin America & Caribbean,25738101.0
Peru,1999,2223.0464,5945.1953,Latin America & Caribbean,26186499.0
Peru,2000,2312.7769,6038.2446,Latin America & Caribbean,26598328.0
Peru,2001,2270.9688,6010.225,Latin America & Caribbean,26964610.0
Peru,2002,2289.194,6274.4185,Latin America & Caribbean,27288211.0
Peru,2003,2236.0845,6472.341,Latin America & Caribbean,27580485.0
Peru,2004,2259.0535,6731.005,Latin America & Caribbean,27852190.0
Peru,2005,2375.594,7091.1333,Latin America & Caribbean,28101175.0
Peru,2006,2407.79,7560.897,Latin America & Caribbean,28324488.0
Peru,2007,2443.5151,8138.3647,Latin America & Caribbean,28530704.0
Peru,2008,2516.82,8812.618,Latin America & Caribbean,28719038.0
Peru,2009,2565.2964,8836.017,Latin America & Caribbean,28896819.0
Peru,2010,2592.4116,9507.78,Latin America & Caribbean,29086021.0
Peru,2011,2605.7793,10044.0,Latin America & Caribbean,29304083.0
Peru,2012,2671.3691,10605.589,Latin America & Caribbean,29550367.0
Peru,2013,2702.1614,11173.4375,Latin America & Caribbean,29817908.0
Peru,2014,2737.0217,11389.862,Latin America & Caribbean,30115825.0
Peru,2015,2763.741,11713.57,Latin America & Caribbean,30457598.0
Peru,2016,2757.1624,12132.035,Latin America & Caribbean,30866497.0
Peru,2017,2767.563,12390.033,Latin America & Caribbean,31324639.0
Peru,2018,2793.5847,12677.875,Latin America & Caribbean,31897590.0
Peru,2019,2836.5437,12680.354,Latin America & Caribbean,32449302.0
Peru,2020,2863.228,11136.991,Latin America & Caribbean,32838577.0
Peru,2021,2847.989,12550.461,Latin America & Caribbean,33155883.0
Peru,2022,2853.6084,12762.967,Latin America & Caribbean,33475436.0
Philippines,1961,1686.8019,2410.0,Asia,28792620.0
Philippines,1962,1632.4519,2450.0,Asia,29723535.0
Philippines,1963,1700.7733,2542.0,Asia,30674733.0
Philippines,1964,1715.7374,2550.0,Asia,31643038.0
Philippines,1965,1777.5388,2603.0,Asia,32625328.0
Philippines,1966,1744.2063,2636.0,Asia,33617171.0
Philippines,1967,1768.2885,2694.0,Asia,34621326.0
Philippines,1968,1748.7255,2745.0,Asia,35638338.0
Philippines,1969,1757.3917,2789.0,Asia,36660795.0
Philippines,1970,1723.5262,2812.0,Asia,37622203.0
Philippines,1971,1757.5153,2882.0,Asia,38518656.0
Philippines,1972,1827.5591,2954.0,Asia,39408560.0
Philippines,1973,1815.0685,3131.0,Asia,40294126.0
Philippines,1974,1922.0132,3154.0,Asia,41174338.0
Philippines,1975,1969.6588,3241.0,Asia,42120830.0
Philippines,1976,2025.7216,3430.0,Asia,43201486.0
Philippines,1977,2087.7573,3524.0,Asia,44367965.0
Philippines,1978,2132.3857,3606.0,Asia,45575286.0
Philippines,1979,2144.8103,3703.0,Asia,46807104.0
Philippines,1980,2242.4492,3787.0,Asia,48043744.0
Philippines,1981,2194.1682,3819.0,Asia,49311730.0
Philippines,1982,2175.7224,3859.0,Asia,50695715.0
Philippines,1983,2013.9714,3837.0,Asia,52194624.0
Philippines,1984,2107.0002,3469.0,Asia,53726187.0
Philippines,1985,2075.0803,3135.0,Asia,55213007.0
Philippines,1986,2091.7769,3161.0,Asia,56645083.0
Philippines,1987,2111.4856,3218.0,Asia,58157496.0
Philippines,1988,2108.7607,3355.0,Asia,59739056.0
Philippines,1989,2182.1067,3481.0,Asia,61265259.0
Philippines,1990,2224.479,3502.0,Asia,62854668.0
Philippines,1991,2182.8357,3432.5828,Asia,64382249.0
Philippines,1992,2214.346,3399.2427,Asia,65926130.0
Philippines,1993,2173.8733,3427.1294,Asia,67530621.0
Philippines,1994,2280.55,3529.0073,Asia,69019297.0
Philippines,1995,2258.5244,3637.6255,Asia,70546245.0
Philippines,1996,2331.0818,3790.7788,Asia,72190237.0
Philippines,1997,2307.2468,3928.0144,Asia,73908813.0
Philippines,1998,2249.7222,3852.6328,Asia,75791031.0
Philippines,1999,2306.353,3917.0886,Asia,77753256.0
Philippines,2000,2332.7178,4033.5608,Asia,79625401.0
Philippines,2001,2311.6794,4090.2183,Asia,81401488.0
Philippines,2002,2332.0754,4181.376,Asia,83068889.0
Philippines,2003,2330.9841,4333.214,Asia,84731836.0
Philippines,2004,2399.371,4562.5024,Asia,86394510.0
Philippines,2005,2410.3528,4721.0005,Asia,88015959.0
Philippines,2006,2453.8389,4908.6167,Asia,89508992.0
Philippines,2007,2507.9426,5172.662,Asia,91075180.0
Philippines,2008,2518.1292,5328.6826,Asia,92699091.0
Philippines,2009,2526.313,5338.306,Asia,94384256.0
Philippines,2010,2411.137,5694.047,Asia,96337127.0
Philippines,2011,2418.9343,5851.0,Asia,98248614.0
Philippines,2012,2449.5674,6155.8296,Asia,100175511.0
Philippines,2013,2444.1272,6465.518,Asia,102076334.0
Philippines,2014,2463.2266,6760.7627,Asia,103767127.0
Philippines,2015,2510.828,7070.4756,Asia,105312988.0
Philippines,2016,2592.2937,7463.518,Asia,106735721.0
Philippines,2017,2636.4248,7865.815,Asia,108119691.0
Philippines,2018,2728.61,8234.928,Asia,109465284.0
Philippines,2019,2801.0732,8602.1455,Asia,110804685.0
Philippines,2020,2793.9622,7624.4136,Asia,112081270.0
Philippines,2021,2834.8713,7894.1777,Asia,113100947.0
Philippines,2022,2888.6726,8370.666,Asia,113964343.0
Poland,1961,3276.9053,5461.0,Europe,29979692.0
Poland,1962,3281.6206,5325.0,Europe,30338094.0
Poland,1963,3301.0825,5582.0,Europe,30674024.0
Poland,1964,3314.5388,5773.0,Europe,30993140.0
Poland,1965,3369.1255,6036.0,Europe,31288338.0
Poland,1966,3390.3557,6362.0,Europe,31568281.0
Poland,1967,3385.2676,6540.0,Europe,31828626.0
Poland,1968,3398.8872,6881.0,Europe,32078388.0
Poland,1969,3411.976,6760.0,Europe,32322778.0
Poland,1970,3431.3967,7058.0,Europe,32542639.0
Poland,1971,3441.0017,7503.0,Europe,32771298.0
Poland,1972,3480.3394,7986.0,Europe,33041993.0
Poland,1973,3513.7473,8512.0,Europe,33333275.0
Poland,1974,3522.3699,8928.0,Europe,33642463.0
Poland,1975,3543.8557,9258.0,Europe,33964400.0
Poland,1976,3591.343,9397.0,Europe,34296611.0
Poland,1977,3579.774,9483.0,Europe,34628513.0
Poland,1978,3587.9539,9741.0,Europe,34934216.0
Poland,1979,3591.1497,9471.0,Europe,35248382.0
Poland,1980,3583.4832,9149.0,Europe,35576518.0
Poland,1981,3370.3428,8584.0,Europe,35900913.0
Poland,1982,3289.825,8429.0,Europe,36233465.0
Poland,1983,3367.2158,8764.0,Europe,36573700.0
Poland,1984,3347.7944,9006.0,Europe,36905795.0
Poland,1985,3367.6006,9022.0,Europe,37200850.0
Poland,1986,3432.5303,9240.0,Europe,37452612.0
Poland,1987,3459.2537,9059.0,Europe,37665710.0
Poland,1988,3480.4429,9228.0,Europe,37817863.0
Poland,1989,3497.269,9060.0,Europe,37938086.0
Poland,1990,3355.316,8150.0,Europe,38055448.0
Poland,1991,3296.795,7625.843,Europe,38152947.0
Poland,1992,3370.6138,7873.925,Europe,38233636.0
Poland,1993,3435.3853,8229.529,Europe,38294882.0
Poland,1994,3309.6982,8721.827,Europe,38344312.0
Poland,1995,3329.9807,9408.274,Europe,38364668.0
Poland,1996,3350.5215,10066.171,Europe,38359164.0
Poland,1997,3325.7446,10811.274,Europe,38348307.0
Poland,1998,3387.0403,11413.256,Europe,38326431.0
Poland,1999,3393.04,12058.42,Europe,38287717.0
Poland,2000,3427.3042,12732.167,Europe,38258077.0
Poland,2001,3427.05,13017.584,Europe,38247359.0
Poland,2002,3433.6277,13415.571,Europe,38229407.0
Poland,2003,3425.1616,14035.637,Europe,38203527.0
Poland,2004,3385.086,14906.094,Europe,38167568.0
Poland,2005,3377.215,15580.937,Europe,38124377.0
Poland,2006,3363.8179,16711.447,Europe,38071169.0
Poland,2007,3378.9158,18067.428,Europe,38020420.0
Poland,2008,3363.0928,19011.547,Europe,37995902.0
Poland,2009,3435.2551,19718.465,Europe,38002153.0
Poland,2010,3414.6104,20608.693,Europe,38095356.0
Poland,2011,3434.1736,21837.0,Europe,38208644.0
Poland,2012,3409.9812,22169.826,Europe,38247867.0
Poland,2013,3354.7769,22378.305,Europe,38259267.0
Poland,2014,3373.073,23247.818,Europe,38265113.0
Poland,2015,3330.0857,24285.14,Europe,38266314.0
Poland,2016,3405.2998,25020.621,Europe,38263260.0
Poland,2017,3453.0283,26310.113,Europe,38254964.0
Poland,2018,3489.953,27880.836,Europe,38241070.0
Poland,2019,3501.8347,29142.023,Europe,38225884.0
Poland,2020,3547.851,28577.14,Europe,38171005.0
Poland,2021,3601.895,30687.662,Europe,38040303.0
Poland,2022,3754.5994,32468.402,Europe,38385734.0
Portugal,1961,2478.9583,4972.0,Europe,8888380.0
Portugal,1962,2580.1414,5308.0,Europe,8895775.0
Portugal,1963,2687.7393,5585.0,Europe,8898304.0
Portugal,1964,2555.8008,5926.0,Europe,8895764.0
Portugal,1965,2834.8013,6363.0,Europe,8889623.0
Portugal,1966,2765.8386,6637.0,Europe,8872477.0
Portugal,1967,2923.0657,7143.0,Europe,8845842.0
Portugal,1968,2945.2834,7767.0,Europe,8809709.0
Portugal,1969,3031.5454,7949.0,Europe,8754238.0
Portugal,1970,3005.1653,8724.0,Europe,8669523.0
Portugal,1971,3036.2888,9358.0,Europe,8685587.0
Portugal,1972,2993.3997,10130.0,Europe,8815590.0
Portugal,1973,2978.581,11258.0,Europe,8939234.0
Portugal,1974,3048.2578,11234.0,Europe,9059175.0
Portugal,1975,3028.2188,10388.0,Europe,9182303.0
Portugal,1976,3006.8518,10861.0,Europe,9310263.0
Portugal,1977,2981.1558,11422.0,Europe,9438170.0
Portugal,1978,2828.8398,11700.0,Europe,9556397.0
Portugal,1979,2768.347,12326.0,Europe,9663303.0
Portugal,1980,2786.3933,12822.0,Europe,9763622.0
Portugal,1981,2776.9868,12934.0,Europe,9837588.0
Portugal,1982,2822.1875,13198.0,Europe,9885845.0
Portugal,1983,2834.7812,13158.0,Europe,9925257.0
Portugal,1984,2861.539,12894.0,Europe,9956893.0
Portugal,1985,2992.5112,13240.0,Europe,9979475.0
Portugal,1986,3136.342,13774.0,Europe,9993097.0
Portugal,1987,3293.1167,14641.0,Europe,10001990.0
Portugal,1988,3295.8623,15729.0,Europe,10004588.0
Portugal,1989,3321.2932,16533.0,Europe,10001380.0
Portugal,1990,3372.1616,17256.0,Europe,9989526.0
Portugal,1991,3412.0837,17949.809,Europe,9969181.0
Portugal,1992,3403.1729,18598.527,Europe,9960345.0
Portugal,1993,3469.9436,18519.934,Europe,9972341.0
Portugal,1994,3506.9756,18819.027,Europe,9998487.0
Portugal,1995,3478.477,19262.031,Europe,10031756.0
Portugal,1996,3532.5493,19939.31,Europe,10067655.0
Portugal,1997,3411.9434,20810.178,Europe,10110548.0
Portugal,1998,3529.9177,21782.12,Europe,10159524.0
Portugal,1999,3578.1248,22589.922,Europe,10214877.0
Portugal,2000,3551.8591,23372.041,Europe,10283196.0
Portugal,2001,3536.8625,23751.371,Europe,10354329.0
Portugal,2002,3528.2153,23896.459,Europe,10413045.0
Portugal,2003,3517.8623,23677.52,Europe,10454246.0
Portugal,2004,3533.858,24142.766,Europe,10481386.0
Portugal,2005,3533.692,24377.95,Europe,10502993.0
Portugal,2006,3525.308,24809.04,Europe,10524123.0
Portugal,2007,3533.0718,25477.205,Europe,10546822.0
Portugal,2008,3539.9807,25590.88,Europe,10564086.0
Portugal,2009,3508.57,24902.457,Europe,10576265.0
Portugal,2010,3514.5735,25463.164,Europe,10578659.0
Portugal,2011,3493.823,25133.0,Europe,10557050.0
Portugal,2012,3463.491,24211.438,Europe,10513155.0
Portugal,2013,3444.4548,24119.96,Europe,10458287.0
Portugal,2014,3402.7085,24442.387,Europe,10406203.0
Portugal,2015,3463.7383,24983.701,Europe,10370264.0
Portugal,2016,3402.173,25568.695,Europe,10346377.0
Portugal,2017,3428.358,26529.986,Europe,10330838.0
Portugal,2018,3454.7327,27329.69,Europe,10325355.0
Portugal,2019,3466.9922,28056.057,Europe,10343218.0
Portugal,2020,3476.2546,25700.283,Europe,10370519.0
Portugal,2021,3490.419,27138.479,Europe,10390957.0
Portugal,2022,3461.207,28992.059,Europe,10417074.0
Qatar,2019,3493.058,150732.22,Asia,2797927.0
Qatar,2020,3453.6592,143118.53,Asia,2803375.0
Qatar,2021,3344.5955,143468.75,Asia,2814988.0
Qatar,2022,3298.6794,149171.11,Asia,2892466.0
Romania,1961,2857.2844,3109.8738,Europe,18422521.0
Romania,1962,2902.9282,3199.5,Europe,18511674.0
Romania,1963,2942.0818,3405.6587,Europe,18587433.0
Romania,1964,2956.6357,3599.467,Europe,18655407.0
Romania,1965,3019.3787,3803.3682,Europe,18713060.0
Romania,1966,3076.9434,4212.6973,Europe,18776261.0
Romania,1967,3064.3396,4372.449,Europe,18998561.0
Romania,1968,3061.3872,4366.12,Europe,19361050.0
Romania,1969,3078.2668,4501.1245,Europe,19701809.0
Romania,1970,2908.835,4547.4023,Europe,20011626.0
Romania,1971,3016.428,5134.1865,Europe,20293487.0
Romania,1972,3069.6953,5413.418,Europe,20555577.0
Romania,1973,3101.7744,5541.7134,Europe,20798323.0
Romania,1974,3177.3984,5796.996,Europe,21033562.0
Romania,1975,3094.1006,5995.4507,Europe,21268070.0
Romania,1976,3262.2847,6243.1465,Europe,21497684.0
Romania,1977,3248.9968,6322.24,Europe,21700176.0
Romania,1978,3287.6719,6476.1567,Europe,21868064.0
Romania,1979,3226.1157,6612.0225,Europe,22019627.0
Romania,1980,3190.9326,6591.6367,Europe,22154776.0
Romania,1981,3172.5227,6514.127,Europe,22272788.0
Romania,1982,3004.4026,6490.4365,Europe,22374447.0
Romania,1983,3031.7437,6418.194,Europe,22459213.0
Romania,1984,3109.2747,6659.454,Europe,22534002.0
Romania,1985,3069.1633,6628.6064,Europe,22605815.0
Romania,1986,2981.5698,6718.445,Europe,22674739.0
Romania,1987,2950.666,6551.899,Europe,22745589.0
Romania,1988,2974.726,6511.956,Europe,22815435.0
Romania,1989,2976.054,6281.1543,Europe,22887645.0
Romania,1990,3185.9521,5596.0,Europe,22939530.0
Romania,1991,2974.0269,5033.141,Europe,22947416.0
Romania,1992,2882.2175,4818.304,Europe,22912389.0
Romania,1993,3046.5903,5055.917,Europe,22842257.0
Romania,1994,2973.0857,5427.071,Europe,22756247.0
Romania,1995,3067.9177,6014.69,Europe,22657722.0
Romania,1996,3096.6824,6476.4746,Europe,22541915.0
Romania,1997,3087.5198,6446.418,Europe,22411511.0
Romania,1998,3110.8296,6407.467,Europe,22284901.0
Romania,1999,3125.3179,6613.933,Europe,22166156.0
Romania,2000,3189.6882,7089.9463,Europe,22046264.0
Romania,2001,3296.6409,7860.4434,Europe,21919916.0
Romania,2002,3392.1765,8673.619,Europe,21770020.0
Romania,2003,3459.8333,9369.233,Europe,21593448.0
Romania,2004,3472.2788,10531.172,Europe,21403215.0
Romania,2005,3540.0156,11313.822,Europe,21213395.0
Romania,2006,3597.8281,12823.231,Europe,21035732.0
Romania,2007,3560.204,14418.83,Europe,20870714.0
Romania,2008,3606.634,16347.344,Europe,20718745.0
Romania,2009,3598.4016,15866.127,Europe,20576922.0
Romania,2010,3358.2012,16377.328,Europe,20432575.0
Romania,2011,3394.4773,17174.0,Europe,20282009.0
Romania,2012,3351.3997,17580.932,Europe,20158451.0
Romania,2013,3418.2996,17691.443,Europe,20062913.0
Romania,2014,3476.9897,18487.26,Europe,19968179.0
Romania,2015,3537.6611,19162.186,Europe,19871018.0
Romania,2016,3580.3464,19825.604,Europe,19777049.0
Romania,2017,3596.9946,23003.695,Europe,19689405.0
Romania,2018,3621.805,24000.455,Europe,19597874.0
Romania,2019,3650.0981,23267.516,Europe,19501542.0
Romania,2020,3646.1768,24799.71,Europe,19392467.0
Romania,2021,3659.583,26102.588,Europe,19248159.0
Romania,2022,3716.5142,26197.904,Europe,19166776.0
Russia,1992,2922.6824,10487.548,Europe,148915993.0
Russia,1993,2986.196,9789.066,Europe,148135419.0
Russia,1994,2929.0903,8743.747,Europe,148200734.0
Russia,1995,2899.0593,8586.323,Europe,148291406.0
Russia,1996,2792.4658,8479.381,Europe,148084580.0
Russia,1997,2860.3699,8813.35,Europe,147853769.0
Russia,1998,2864.5603,8557.495,Europe,147635543.0
Russia,1999,2889.6677,9340.029,Europe,147241973.0
Russia,2000,2877.8867,10552.885,Europe,146717784.0
Russia,2001,2955.0657,11391.194,Europe,146117290.0
Russia,2002,3016.3254,12259.477,Europe,145939502.0
Russia,2003,3044.7866,13521.239,Europe,145794230.0
Russia,2004,3094.7935,14880.979,Europe,145180091.0
Russia,2005,3189.2673,16243.101,Europe,144597886.0
Russia,2006,3238.2585,18008.336,Europe,144102948.0
Russia,2007,3304.221,20018.123,Europe,143859767.0
Russia,2008,3308.8948,21563.463,Europe,143811837.0
Russia,2009,3268.9248,20335.559,Europe,143869128.0
Russia,2010,3281.0422,21737.385,Europe,143934468.0
Russia,2011,3306.8235,23130.0,Europe,144043751.0
Russia,2012,3327.3318,24020.31,Europe,144291025.0
Russia,2013,3305.558,24389.973,Europe,144604105.0
Russia,2014,3342.6797,24135.035,Europe,144925639.0
Russia,2015,3296.1956,23607.953,Europe,145307612.0
Russia,2016,3309.799,23610.37,Europe,145778668.0
Russia,2017,3335.9302,24013.967,Europe,146186798.0
Russia,2018,3334.9897,24690.082,Europe,146430146.0
Russia,2019,3329.813,25244.12,Europe,146533063.0
Russia,2020,3349.935,24625.385,Europe,146371295.0
Russia,2021,3372.0564,26119.947,Europe,145836172.0
Russia,2022,3433.42,25437.107,Europe,145579889.0
Rwanda,1961,1726.1698,1167.0,Africa,3106786.0
Rwanda,1962,1866.4042,1296.0,Africa,3186019.0
Rwanda,1963,1787.2072,1140.0,Africa,3258901.0
Rwanda,1964,1802.4766,980.0,Africa,3334835.0
Rwanda,1965,1821.8123,1023.0,Africa,3423216.0
Rwanda,1966,1953.7245,1065.0,Africa,3521626.0
Rwanda,1967,2142.38,1109.0,Africa,3629585.0
Rwanda,1968,2053.6414,1154.0,Africa,3744013.0
Rwanda,1969,2133.9026,1243.0,Africa,3861274.0
Rwanda,1970,2159.2317,1337.0,Africa,3980673.0
Rwanda,1971,2128.3179,1315.0,Africa,4100049.0
Rwanda,1972,2055.0898,1282.0,Africa,4220335.0
Rwanda,1973,2058.0593,1288.0,Africa,4345045.0
Rwanda,1974,2017.97,1262.0,Africa,4474235.0
Rwanda,1975,2173.9526,1199.0,Africa,4607728.0
Rwanda,1976,2219.6765,1387.0,Africa,4745962.0
Rwanda,1977,2243.0596,1409.0,Africa,4888248.0
Rwanda,1978,2227.7969,1495.0,Africa,5035172.0
Rwanda,1979,2268.32,1584.0,Africa,5189550.0
Rwanda,1980,2263.5422,1672.0,Africa,5353263.0
Rwanda,1981,2274.7217,1706.0,Africa,5527236.0
Rwanda,1982,2271.1897,1680.0,Africa,5711555.0
Rwanda,1983,2248.4473,1722.0,Africa,5905311.0
Rwanda,1984,2149.507,1597.0,Africa,6107628.0
Rwanda,1985,2234.3523,1621.0,Africa,6317230.0
Rwanda,1986,2120.3325,1642.0,Africa,6531887.0
Rwanda,1987,2075.385,1586.0,Africa,6749494.0
Rwanda,1988,1955.6282,1538.0,Africa,6968075.0
Rwanda,1989,1974.7405,1476.0,Africa,7184709.0
Rwanda,1990,1779.4614,1398.0,Africa,7375313.0
Rwanda,1991,1807.6709,1282.2594,Africa,7526964.0
Rwanda,1992,1610.8508,1301.689,Africa,7683266.0
Rwanda,1993,1472.9607,1110.9209,Africa,7981142.0
Rwanda,1994,1570.2258,707.2971,Africa,6792358.0
Rwanda,1995,1810.7653,1049.2385,Africa,5674118.0
Rwanda,1996,1565.4188,976.4079,Africa,6708767.0
Rwanda,1997,1437.678,932.0059,Africa,7755237.0
Rwanda,1998,1542.825,950.38947,Africa,8081688.0
Rwanda,1999,1676.0563,975.83594,Africa,8147917.0
Rwanda,2000,1898.1609,1023.6182,Africa,8213936.0
Rwanda,2001,2021.1097,1067.2347,Africa,8287091.0
Rwanda,2002,2240.5308,1154.1061,Africa,8400185.0
Rwanda,2003,2129.8198,1130.0414,Africa,8586878.0
Rwanda,2004,2066.6257,1159.0281,Africa,8816849.0
Rwanda,2005,2121.2441,1210.5105,Africa,9054532.0
Rwanda,2006,2123.5134,1261.7609,Africa,9299251.0
Rwanda,2007,2134.2734,1291.1934,Africa,9549940.0
Rwanda,2008,2190.732,1364.745,Africa,9804268.0
Rwanda,2009,2298.4963,1384.2589,Africa,10060438.0
Rwanda,2010,2119.766,1416.3923,Africa,10317560.0
Rwanda,2011,2126.8408,1449.0,Africa,10573742.0
Rwanda,2012,2141.67,1528.552,Africa,10829904.0
Rwanda,2013,2147.5796,1552.4253,Africa,11093340.0
Rwanda,2014,2143.0461,1601.3938,Africa,11364758.0
Rwanda,2015,2160.9946,1708.3467,Africa,11640026.0
Rwanda,2016,2190.4312,1774.9015,Africa,11919183.0
Rwanda,2017,2232.151,1799.474,Africa,12202062.0
Rwanda,2018,2205.5706,1908.049,Africa,12488000.0
Rwanda,2019,2207.8164,2042.8529,Africa,12776102.0
Rwanda,2020,2236.7805,1935.2662,Africa,13065838.0
Rwanda,2021,2292.7205,2106.9736,Africa,13355260.0
Rwanda,2022,2336.4639,2198.0662,Africa,13651025.0
Saint Lucia,1961,1642.7609,1747.0,Latin America & Caribbean,93506.0
Saint Lucia,1962,1700.3693,1798.0,Latin America & Caribbean,94523.0
Saint Lucia,1963,1654.8215,1849.0,Latin America & Caribbean,95539.0
Saint Lucia,1964,1751.8052,1900.0,Latin America & Caribbean,96529.0
Saint Lucia,1965,1719.8938,1946.0,Latin America & Caribbean,97513.0
Saint Lucia,1966,1796.0929,1989.0,Latin America & Caribbean,98486.0
Saint Lucia,1967,1776.4738,2036.0,Latin America & Caribbean,99523.0
Saint Lucia,1968,1824.4916,2091.0,Latin America & Caribbean,100696.0
Saint Lucia,1969,1856.7573,2150.0,Latin America & Caribbean,101904.0
Saint Lucia,1970,1919.0573,2203.0,Latin America & Caribbean,103184.0
Saint Lucia,1971,2035.199,2265.0,Latin America & Caribbean,104577.0
Saint Lucia,1972,1959.6118,2279.0,Latin America & Caribbean,106021.0
Saint Lucia,1973,1927.7755,2268.0,Latin America & Caribbean,107512.0
Saint Lucia,1974,1905.3743,2356.0,Latin America & Caribbean,109093.0
Saint Lucia,1975,1884.3236,2428.0,Latin America & Caribbean,110740.0
Saint Lucia,1976,1924.0052,2820.0,Latin America & Caribbean,112442.0
Saint Lucia,1977,2115.471,3027.0,Latin America & Caribbean,114150.0
Saint Lucia,1978,2199.684,3196.0,Latin America & Caribbean,115853.0
Saint Lucia,1979,2226.3096,3247.0,Latin America & Caribbean,117547.0
Saint Lucia,1980,2160.165,3011.0,Latin America & Caribbean,119302.0
Saint Lucia,1981,2238.928,3051.0,Latin America & Caribbean,121183.0
Saint Lucia,1982,2228.3809,3102.0,Latin America & Caribbean,123097.0
Saint Lucia,1983,2218.9277,3229.0,Latin America & Caribbean,125055.0
Saint Lucia,1984,2340.7642,3403.0,Latin America & Caribbean,127085.0
Saint Lucia,1985,2366.3894,3606.0,Latin America & Caribbean,129174.0
Saint Lucia,1986,2420.722,4157.0,Latin America & Caribbean,131253.0
Saint Lucia,1987,2457.9153,4224.0,Latin America & Caribbean,133243.0
Saint Lucia,1988,2389.8267,4779.0,Latin America & Caribbean,135019.0
Saint Lucia,1989,2444.5454,5093.0,Latin America & Caribbean,136526.0
Saint Lucia,1990,2499.282,5203.0,Latin America & Caribbean,137874.0
Saint Lucia,1991,2576.5393,5270.2544,Latin America & Caribbean,139536.0
Saint Lucia,1992,2694.0386,5737.2886,Latin America & Caribbean,141629.0
Saint Lucia,1993,2686.9448,5804.0557,Latin America & Caribbean,143735.0
Saint Lucia,1994,2710.1597,5945.7686,Latin America & Caribbean,145901.0
Saint Lucia,1995,2646.9065,6095.83,Latin America & Caribbean,148227.0
Saint Lucia,1996,2646.195,6330.9346,Latin America & Caribbean,150453.0
Saint Lucia,1997,2706.6074,6344.7847,Latin America & Caribbean,152584.0
Saint Lucia,1998,2654.7114,6831.2295,Latin America & Caribbean,154688.0
Saint Lucia,1999,2678.2969,7111.8687,Latin America & Caribbean,156719.0
Saint Lucia,2000,2681.2651,7191.275,Latin America & Caribbean,158624.0
Saint Lucia,2001,2589.6897,7014.288,Latin America & Caribbean,160247.0
Saint Lucia,2002,2649.5933,7141.7544,Latin America & Caribbean,161655.0
Saint Lucia,2003,2624.0452,7602.129,Latin America & Caribbean,162985.0
Saint Lucia,2004,2628.84,8322.346,Latin America & Caribbean,164250.0
Saint Lucia,2005,2645.6243,8418.911,Latin America & Caribbean,165460.0
Saint Lucia,2006,2652.202,9135.34,Latin America & Caribbean,166657.0
Saint Lucia,2007,2623.4756,9377.8955,Latin America & Caribbean,167766.0
Saint Lucia,2008,2618.324,9931.685,Latin America & Caribbean,168816.0
Saint Lucia,2009,2658.7886,10061.634,Latin America & Caribbean,169880.0
Saint Lucia,2010,2594.5483,10058.623,Latin America & Caribbean,170921.0
Saint Lucia,2011,2624.4524,10255.0,Latin America & Caribbean,171814.0
Saint Lucia,2012,2605.5312,10067.0,Latin America & Caribbean,172595.0
Saint Lucia,2013,2575.191,10037.0,Latin America & Caribbean,173380.0
Saint Lucia,2014,2618.5923,10035.0,Latin America & Caribbean,174145.0
Saint Lucia,2015,2612.1465,10185.0,Latin America & Caribbean,174919.0
Saint Lucia,2016,2630.6584,10486.955,Latin America & Caribbean,175651.0
Saint Lucia,2017,2664.0906,10796.247,Latin America & Caribbean,176352.0
Saint Lucia,2018,2664.3206,11060.511,Latin America & Caribbean,177032.0
Saint Lucia,2019,2682.9866,10977.819,Latin America & Caribbean,177675.0
Saint Lucia,2020,2733.6814,8164.9062,Latin America & Caribbean,178261.0
Saint Lucia,2021,2734.3445,9067.721,Latin America & Caribbean,178540.0
Saint Lucia,2022,2736.8208,10452.165,Latin America & Caribbean,178794.0
Sao Tome and Principe,1961,2142.2646,1454.0,Africa,68724.0
Sao Tome and Principe,1962,2051.223,1549.0,Africa,69422.0
Sao Tome and Principe,1963,2036.8158,1643.0,Africa,70133.0
Sao Tome and Principe,1964,2066.788,1733.0,Africa,70881.0
Sao Tome and Principe,1965,2048.165,1816.0,Africa,71691.0
Sao Tome and Principe,1966,2025.622,1921.0,Africa,72594.0
Sao Tome and Principe,1967,2050.8083,2004.0,Africa,73610.0
Sao Tome and Principe,1968,2053.6753,2083.0,Africa,74783.0
Sao Tome and Principe,1969,2024.8108,2165.0,Africa,76096.0
Sao Tome and Principe,1970,2016.8214,2243.0,Africa,77639.0
Sao Tome and Principe,1971,1992.1614,2326.0,Africa,79351.0
Sao Tome and Principe,1972,1971.6263,2324.0,Africa,81061.0
Sao Tome and Principe,1973,1952.6782,2313.0,Africa,82816.0
Sao Tome and Principe,1974,1798.1934,2399.0,Africa,84685.0
Sao Tome and Principe,1975,1753.3728,2469.0,Africa,86722.0
Sao Tome and Principe,1976,1842.6112,2432.0,Africa,88939.0
Sao Tome and Principe,1977,1959.777,2911.0,Africa,91316.0
Sao Tome and Principe,1978,1971.5592,2909.0,Africa,93809.0
Sao Tome and Principe,1979,1936.0106,3295.0,Africa,96266.0
Sao Tome and Principe,1980,1982.6405,3182.0,Africa,98563.0
Sao Tome and Principe,1981,1977.0344,2783.0,Africa,100629.0
Sao Tome and Principe,1982,1956.2852,2817.0,Africa,102528.0
Sao Tome and Principe,1983,2013.2858,2656.0,Africa,104397.0
Sao Tome and Principe,1984,2012.9688,2447.0,Africa,106410.0
Sao Tome and Principe,1985,1987.761,2622.0,Africa,108669.0
Sao Tome and Principe,1986,1862.5352,2418.0,Africa,111163.0
Sao Tome and Principe,1987,1834.9396,2299.0,Africa,113934.0
Sao Tome and Principe,1988,1901.8597,2295.0,Africa,116955.0
Sao Tome and Principe,1989,2054.838,2316.0,Africa,119990.0
Sao Tome and Principe,1990,2106.1199,2217.0,Africa,122993.0
Sao Tome and Principe,1991,2126.783,2203.008,Africa,125711.0
Sao Tome and Principe,1992,2097.5671,2185.4644,Africa,128127.0
Sao Tome and Principe,1993,2117.7363,2183.8743,Africa,130478.0
Sao Tome and Principe,1994,2149.324,2204.8767,Africa,132745.0
Sao Tome and Principe,1995,2032.3191,2219.4814,Africa,134905.0
Sao Tome and Principe,1996,2088.3088,2221.0535,Africa,136974.0
Sao Tome and Principe,1997,2109.3174,2209.4182,Africa,138935.0
Sao Tome and Principe,1998,2144.8513,2228.905,Africa,140765.0
Sao Tome and Principe,1999,2152.2402,2247.1223,Africa,142459.0
Sao Tome and Principe,2000,2295.9333,2218.8196,Africa,144029.0
Sao Tome and Principe,2001,2331.9717,2245.6062,Africa,146386.0
Sao Tome and Principe,2002,2362.6711,2250.0894,Africa,149932.0
Sao Tome and Principe,2003,2394.828,2363.1824,Africa,153824.0
Sao Tome and Principe,2004,2405.913,2408.7607,Africa,157721.0
Sao Tome and Principe,2005,2441.262,2532.8706,Africa,161650.0
Sao Tome and Principe,2006,2451.455,2713.762,Africa,165651.0
Sao Tome and Principe,2007,2411.7341,2752.0876,Africa,169709.0
Sao Tome and Principe,2008,2383.5957,2925.8857,Africa,173808.0
Sao Tome and Principe,2009,2368.384,2949.8867,Africa,177866.0
Sao Tome and Principe,2010,2346.0505,3093.3452,Africa,181810.0
Sao Tome and Principe,2011,2314.0144,3179.0,Africa,185665.0
Sao Tome and Principe,2012,2334.796,3217.0,Africa,189452.0
Sao Tome and Principe,2013,2366.1514,3314.0,Africa,193158.0
Sao Tome and Principe,2014,2330.3455,3474.0,Africa,196780.0
Sao Tome and Principe,2015,2313.5808,3545.0,Africa,200308.0
Sao Tome and Principe,2016,2361.7708,3629.3381,Africa,203702.0
Sao Tome and Principe,2017,2362.6902,3707.3599,Africa,206986.0
Sao Tome and Principe,2018,2364.547,3756.814,Africa,210198.0
Sao Tome and Principe,2019,2388.6914,3781.2275,Africa,213405.0
Sao Tome and Principe,2020,2429.1511,3826.3755,Africa,217450.0
Sao Tome and Principe,2021,2432.414,3821.0012,Africa,221975.0
Sao Tome and Principe,2022,2387.8955,3751.6428,Africa,226313.0
Saudi Arabia,1961,2856.5127,6481.0,Asia,2526350.0
Saudi Arabia,1962,2905.1655,7085.0,Asia,2620915.0
Saudi Arabia,1963,2962.4458,7516.0,Asia,2719347.0
Saudi Arabia,1964,3000.8271,7978.0,Asia,2821970.0
Saudi Arabia,1965,3058.0347,8717.0,Asia,2928780.0
Saudi Arabia,1966,3046.8247,9726.0,Asia,3039891.0
Saudi Arabia,1967,3080.738,10302.0,Asia,3157247.0
Saudi Arabia,1968,3070.8071,10916.0,Asia,3282707.0
Saudi Arabia,1969,3045.4355,11429.0,Asia,3417123.0
Saudi Arabia,1970,3073.779,12153.0,Asia,3562475.0
Saudi Arabia,1971,3083.668,13509.0,Asia,3724039.0
Saudi Arabia,1972,2859.4565,15138.0,Asia,3905729.0
Saudi Arabia,1973,2719.0627,17598.0,Asia,4106346.0
Saudi Arabia,1974,2715.9167,19659.0,Asia,4323639.0
Saudi Arabia,1975,2901.7861,18788.0,Asia,4556289.0
Saudi Arabia,1976,3091.8108,19297.0,Asia,4807936.0
Saudi Arabia,1977,3427.328,20824.0,Asia,5083043.0
Saudi Arabia,1978,3764.693,20593.0,Asia,5381901.0
Saudi Arabia,1979,4273.3076,20472.0,Asia,5703704.0
Saudi Arabia,1980,4677.3804,21068.0,Asia,6047997.0
Saudi Arabia,1981,4734.1733,21393.0,Asia,6420554.0
Saudi Arabia,1982,4754.4097,20535.0,Asia,6824484.0
Saudi Arabia,1983,4793.0347,17315.0,Asia,7252947.0
Saudi Arabia,1984,4443.446,16343.0,Asia,7697312.0
Saudi Arabia,1985,4390.047,14422.0,Asia,8151782.0
Saudi Arabia,1986,4184.1235,12897.0,Asia,8628639.0
Saudi Arabia,1987,4081.4321,12919.0,Asia,9130207.0
Saudi Arabia,1988,4393.1504,12795.0,Asia,9629172.0
Saudi Arabia,1989,4251.718,12758.0,Asia,10128397.0
Saudi Arabia,1990,4366.5,14335.0,Asia,10640697.0
Saudi Arabia,1991,4297.2104,16830.412,Asia,11160752.0
Saudi Arabia,1992,4106.719,17905.28,Asia,11686682.0
Saudi Arabia,1993,3986.0002,18101.092,Asia,12215864.0
Saudi Arabia,1994,3857.7527,18678.932,Asia,12750037.0
Saudi Arabia,1995,3980.4653,19223.332,Asia,13289246.0
Saudi Arabia,1996,3969.6492,20280.494,Asia,13831002.0
Saudi Arabia,1997,3946.1384,21087.428,Asia,14374948.0
Saudi Arabia,1998,3890.9248,22310.918,Asia,14922188.0
Saudi Arabia,1999,3895.774,22058.572,Asia,15472076.0
Saudi Arabia,2000,3873.911,23904.516,Asia,16177733.0
Saudi Arabia,2001,3775.9421,24191.996,Asia,17041405.0
Saudi Arabia,2002,3681.1826,24053.975,Asia,17910909.0
Saudi Arabia,2003,3652.8127,27367.094,Asia,18786771.0
Saudi Arabia,2004,3586.2454,30233.512,Asia,19669486.0
Saudi Arabia,2005,3591.8384,32700.332,Asia,20559886.0
Saudi Arabia,2006,3600.225,34483.043,Asia,21459141.0
Saudi Arabia,2007,3529.1055,36070.316,Asia,22368313.0
Saudi Arabia,2008,3412.3806,39393.43,Asia,23287884.0
Saudi Arabia,2009,3327.1416,39671.555,Asia,24217656.0
Saudi Arabia,2010,3400.0955,42737.656,Asia,25157134.0
Saudi Arabia,2011,3326.0278,48470.0,Asia,26105636.0
Saudi Arabia,2012,3448.215,49835.047,Asia,27062447.0
Saudi Arabia,2013,3387.3977,50021.12,Asia,28026825.0
Saudi Arabia,2014,3488.6514,50790.992,Asia,28998127.0
Saudi Arabia,2015,3498.204,51941.598,Asia,29974944.0
Saudi Arabia,2016,3521.6653,51959.074,Asia,30717804.0
Saudi Arabia,2017,3575.824,50593.27,Asia,30782400.0
Saudi Arabia,2018,3706.4985,50906.484,Asia,30365119.0
Saudi Arabia,2019,3786.1338,50123.336,Asia,30472809.0
Saudi Arabia,2020,3780.0024,46723.93,Asia,30991206.0
Saudi Arabia,2021,3730.0044,49841.145,Asia,31328374.0
Saudi Arabia,2022,3707.277,53516.91,Asia,32175351.0
Senegal,1961,2176.4595,2351.0,Africa,3436379.0
Senegal,1962,2195.7764,2370.0,Africa,3534688.0
Senegal,1963,2493.423,2402.0,Africa,3635876.0
Senegal,1964,2407.3594,2389.0,Africa,3740540.0
Senegal,1965,2377.1907,2409.0,Africa,3849793.0
Senegal,1966,2301.0894,2404.0,Africa,3964305.0
Senegal,1967,2304.2515,2310.0,Africa,4083872.0
Senegal,1968,2236.7163,2389.0,Africa,4207593.0
Senegal,1969,2225.0312,2171.0,Africa,4334979.0
Senegal,1970,2072.0127,2287.0,Africa,4466330.0
Senegal,1971,2066.8262,2216.0,Africa,4601869.0
Senegal,1972,2037.873,2289.0,Africa,4741632.0
Senegal,1973,2117.37,2096.0,Africa,4885181.0
Senegal,1974,2143.065,2118.0,Africa,5029446.0
Senegal,1975,2088.9956,2225.0,Africa,5170812.0
Senegal,1976,2088.2275,2370.0,Africa,5308567.0
Senegal,1977,1957.3555,2236.0,Africa,5439555.0
Senegal,1978,1978.9645,2082.0,Africa,5568099.0
Senegal,1979,2082.3313,2158.0,Africa,5702899.0
Senegal,1980,2078.7388,2021.0,Africa,5845640.0
Senegal,1981,2316.4526,1943.0,Africa,5997165.0
Senegal,1982,2266.468,2168.0,Africa,6156963.0
Senegal,1983,2107.1167,2153.0,Africa,6324507.0
Senegal,1984,2218.0269,1989.0,Africa,6499366.0
Senegal,1985,2334.069,2000.0,Africa,6683296.0
Senegal,1986,2240.9116,2031.0,Africa,6878199.0
Senegal,1987,2034.02,2048.0,Africa,7081535.0
Senegal,1988,2040.2391,2085.0,Africa,7289622.0
Senegal,1989,2043.0825,1980.0,Africa,7502213.0
Senegal,1990,2177.1602,1999.0,Africa,7720524.0
Senegal,1991,2185.547,1982.626,Africa,7943091.0
Senegal,1992,2062.2197,1942.9268,Africa,8168396.0
Senegal,1993,2184.2202,1906.8239,Africa,8396289.0
Senegal,1994,2112.1013,1847.5983,Africa,8624077.0
Senegal,1995,2133.6648,1886.5428,Africa,8848112.0
Senegal,1996,2077.4834,1866.3423,Africa,9067018.0
Senegal,1997,2086.7869,1866.3911,Africa,9283505.0
Senegal,1998,2081.513,1915.4297,Africa,9502951.0
Senegal,1999,2129.231,1978.0964,Africa,9730897.0
Senegal,2000,2140.9316,1983.524,Africa,9968262.0
Senegal,2001,2154.003,2009.9423,Africa,10212941.0
Senegal,2002,2128.3872,1959.6141,Africa,10466216.0
Senegal,2003,2213.2183,2025.0234,Africa,10721176.0
Senegal,2004,2246.4207,2074.9539,Africa,10975711.0
Senegal,2005,2244.0735,2121.1587,Africa,11235473.0
Senegal,2006,2326.653,2104.437,Africa,11500094.0
Senegal,2007,2368.7922,2137.6716,Africa,11770348.0
Senegal,2008,2477.468,2146.7915,Africa,12048963.0
Senegal,2009,2495.4875,2129.3364,Africa,12337390.0
Senegal,2010,2456.6355,2151.3247,Africa,12635418.0
Senegal,2011,2447.2007,2123.0,Africa,12958902.0
Senegal,2012,2480.6514,2141.3882,Africa,13310499.0
Senegal,2013,2431.0156,2127.3865,Africa,13710857.0
Senegal,2014,2444.6482,2191.9766,Africa,14152103.0
Senegal,2015,2468.1968,2262.3123,Africa,14593335.0
Senegal,2016,2524.727,2335.8652,Africa,15034517.0
Senegal,2017,2561.6812,2435.9604,Africa,15475001.0
Senegal,2018,2590.4985,2514.8071,Africa,15914495.0
Senegal,2019,2645.7424,2559.8176,Africa,16352926.0
Senegal,2020,2717.9307,2524.2656,Africa,16789217.0
Senegal,2021,2736.645,2607.2322,Africa,17220866.0
Senegal,2022,2772.088,2660.6816,Africa,17651099.0
Serbia,2006,3620.466,9902.426,Europe,7511395.0
Serbia,2007,3563.0564,10768.942,Europe,7482996.0
Serbia,2008,3564.3179,11650.228,Europe,7454285.0
Serbia,2009,3606.232,11576.589,Europe,7425346.0
Serbia,2010,3330.8564,11963.555,Europe,7395872.0
Serbia,2011,3391.7214,12463.0,Europe,7364858.0
Serbia,2012,3409.712,12438.256,Europe,7324624.0
Serbia,2013,3471.7458,12860.451,Europe,7276183.0
Serbia,2014,3434.7278,12717.727,Europe,7227203.0
Serbia,2015,3494.4358,13013.854,Europe,7177257.0
Serbia,2016,3492.804,13518.949,Europe,7126083.0
Serbia,2017,3519.7239,13876.65,Europe,7073507.0
Serbia,2018,3586.8425,14579.859,Europe,7020014.0
Serbia,2019,3678.8591,15293.246,Europe,6966155.0
Serbia,2020,3747.1152,15256.421,Europe,6907814.0
Serbia,2021,3816.8518,16563.828,Europe,6835429.0
Serbia,2022,3840.8477,17097.686,Europe,6791215.0
Seychelles,2010,2834.2095,20147.178,Africa,94993.0
Seychelles,2011,2765.81,21545.0,Africa,97041.0
Seychelles,2012,2762.042,22130.0,Africa,99565.0
Seychelles,2013,2720.8804,23036.0,Africa,102108.0
Seychelles,2014,2736.749,24250.0,Africa,104663.0
Seychelles,2015,2750.7969,25690.0,Africa,107247.0
Seychelles,2016,2777.7605,28588.604,Africa,109836.0
Seychelles,2017,2792.3027,30072.227,Africa,112443.0
Seychelles,2018,2779.55,31524.877,Africa,115053.0
Seychelles,2019,2778.345,32745.871,Africa,117662.0
Seychelles,2020,2791.4626,29647.482,Africa,120299.0
Seychelles,2021,2779.447,30125.953,Africa,123000.0
Seychelles,2022,2749.6492,31055.39,Africa,125533.0
Sierra Leone,1961,1725.1862,1181.0,Africa,2304229.0
Sierra Leone,1962,1753.6064,1216.0,Africa,2342241.0
Sierra Leone,1963,1861.3352,1218.0,Africa,2382262.0
Sierra Leone,1964,1874.6404,1215.0,Africa,2424393.0
Sierra Leone,1965,2028.9143,1282.0,Africa,2468669.0
Sierra Leone,1966,2112.657,1342.0,Africa,2514641.0
Sierra Leone,1967,2154.312,1313.0,Africa,2562394.0
Sierra Leone,1968,2116.2932,1420.0,Africa,2611535.0
Sierra Leone,1969,2124.316,1525.0,Africa,2661367.0
Sierra Leone,1970,2146.1843,1553.0,Africa,2712287.0
Sierra Leone,1971,2115.3972,1535.0,Africa,2763230.0
Sierra Leone,1972,2091.1685,1525.0,Africa,2814397.0
Sierra Leone,1973,2057.5278,1553.0,Africa,2866959.0
Sierra Leone,1974,2026.8269,1581.0,Africa,2920466.0
Sierra Leone,1975,2046.5264,1551.0,Africa,2974659.0
Sierra Leone,1976,2016.6653,1511.0,Africa,3028822.0
Sierra Leone,1977,2052.6228,1495.0,Africa,3085359.0
Sierra Leone,1978,2048.884,1524.0,Africa,3145522.0
Sierra Leone,1979,2040.9453,1572.0,Africa,3207502.0
Sierra Leone,1980,2070.0486,1584.0,Africa,3272097.0
Sierra Leone,1981,2060.5103,1615.0,Africa,3338944.0
Sierra Leone,1982,2056.349,1610.0,Africa,3408188.0
Sierra Leone,1983,1943.0132,1575.0,Africa,3481644.0
Sierra Leone,1984,1921.2681,1608.0,Africa,3558762.0
Sierra Leone,1985,1943.4769,1610.0,Africa,3638444.0
Sierra Leone,1986,1971.4144,1597.0,Africa,3728381.0
Sierra Leone,1987,1985.994,1624.0,Africa,3829720.0
Sierra Leone,1988,1941.8241,1626.0,Africa,3934517.0
Sierra Leone,1989,1946.0,1642.0,Africa,4034038.0
Sierra Leone,1990,1878.5232,1635.0,Africa,4196834.0
Sierra Leone,1991,1900.38,1467.3888,Africa,4246268.0
Sierra Leone,1992,1952.9182,1354.9681,Africa,4166368.0
Sierra Leone,1993,1956.557,1405.1628,Africa,4157128.0
Sierra Leone,1994,2003.8844,1500.2092,Africa,4173111.0
Sierra Leone,1995,2007.1105,1383.1082,Africa,4179178.0
Sierra Leone,1996,2032.2465,1060.5624,Africa,4199215.0
Sierra Leone,1997,2034.3146,885.29846,Africa,4253710.0
Sierra Leone,1998,1985.7115,882.7294,Africa,4295783.0
Sierra Leone,1999,1930.9818,814.1233,Africa,4318047.0
Sierra Leone,2000,1862.4135,828.7939,Africa,4423615.0
Sierra Leone,2001,1826.3457,923.0458,Africa,4692715.0
Sierra Leone,2002,1848.1958,1101.7504,Africa,4971435.0
Sierra Leone,2003,1849.6324,1156.5192,Africa,5177686.0
Sierra Leone,2004,1862.3605,1197.153,Africa,5355715.0
Sierra Leone,2005,1937.5514,1223.7015,Africa,5501707.0
Sierra Leone,2006,2023.4026,1247.2528,Africa,5624464.0
Sierra Leone,2007,2066.7898,1320.7577,Africa,5749353.0
Sierra Leone,2008,2061.809,1363.4875,Africa,5894728.0
Sierra Leone,2009,2096.865,1378.3579,Africa,6055655.0
Sierra Leone,2010,2457.4155,1421.1521,Africa,6222715.0
Sierra Leone,2011,2476.549,1479.0,Africa,6387258.0
Sierra Leone,2012,2466.8372,1665.0,Africa,6551078.0
Sierra Leone,2013,2454.4856,1965.0,Africa,6714057.0
Sierra Leone,2014,2406.8052,2007.0,Africa,6876385.0
Sierra Leone,2015,2496.86,1563.0,Africa,7037660.0
Sierra Leone,2016,2405.021,1622.4203,Africa,7205339.0
Sierra Leone,2017,2442.9995,1643.3287,Africa,7379300.0
Sierra Leone,2018,2444.4724,1660.427,Africa,7554568.0
Sierra Leone,2019,2389.49,1707.3713,Africa,7731994.0
Sierra Leone,2020,2406.279,1635.713,Africa,7912557.0
Sierra Leone,2021,2439.7646,1665.1047,Africa,8094603.0
Sierra Leone,2022,2408.555,1690.4982,Africa,8276809.0
Slovakia,1993,2794.5242,10481.115,Europe,5326363.0
Slovakia,1994,2983.332,11063.948,Europe,5343230.0
Slovakia,1995,2839.6133,11874.398,Europe,5354287.0
Slovakia,1996,2911.1863,12622.909,Europe,5362430.0
Slovakia,1997,2908.9856,13335.459,Europe,5369781.0
Slovakia,1998,2944.03,13822.1875,Europe,5374801.0
Slovakia,1999,2887.2322,13750.333,Europe,5378105.0
Slovakia,2000,2782.1304,13904.985,Europe,5380001.0
Slovakia,2001,2789.4321,14361.901,Europe,5379439.0
Slovakia,2002,2805.3706,14984.731,Europe,5377685.0
Slovakia,2003,2795.6062,15773.095,Europe,5376197.0
Slovakia,2004,2823.268,16570.861,Europe,5376038.0
Slovakia,2005,2848.5576,17649.52,Europe,5376697.0
Slovakia,2006,2843.6184,19099.428,Europe,5376847.0
Slovakia,2007,2809.0728,21109.94,Europe,5376993.0
Slovakia,2008,2883.0999,22231.988,Europe,5379127.0
Slovakia,2009,2920.4937,20953.037,Europe,5385074.0
Slovakia,2010,2820.9653,21941.213,Europe,5391857.0
Slovakia,2011,2809.159,22483.0,Europe,5398105.0
Slovakia,2012,2762.5886,22745.203,Europe,5404877.0
Slovakia,2013,2857.4587,22860.525,Europe,5410422.0
Slovakia,2014,2831.1729,23453.041,Europe,5415238.0
Slovakia,2015,2736.0493,24647.719,Europe,5420278.0
Slovakia,2016,2855.5405,25087.715,Europe,5427262.0
Slovakia,2017,2882.14,25788.756,Europe,5435702.0
Slovakia,2018,2905.9084,26790.652,Europe,5443229.0
Slovakia,2019,3026.3472,27429.225,Europe,5450627.0
Slovakia,2020,3011.6719,26468.295,Europe,5455028.0
Slovakia,2021,2975.6313,27365.623,Europe,5442766.0
Slovakia,2022,3075.5967,27519.287,Europe,5473195.0
Slovenia,1992,2600.2664,15462.71,Europe,1995862.0
Slovenia,1993,2793.8306,15872.12,Europe,1990815.0
Slovenia,1994,2849.6245,16664.705,Europe,1988262.0
Slovenia,1995,2912.7056,17816.8,Europe,1988098.0
Slovenia,1996,3052.9214,18376.246,Europe,1986792.0
Slovenia,1997,2933.779,19258.945,Europe,1984404.0
Slovenia,1998,2857.8293,19851.057,Europe,1980071.0
Slovenia,1999,3074.058,20793.918,Europe,1981198.0
Slovenia,2000,3060.896,21501.336,Europe,1986817.0
Slovenia,2001,3055.485,22006.953,Europe,1989684.0
Slovenia,2002,3078.5696,22725.312,Europe,1991571.0
Slovenia,2003,3110.658,23257.422,Europe,1992499.0
Slovenia,2004,3160.3,24150.584,Europe,1993548.0
Slovenia,2005,3075.7444,24966.94,Europe,1996915.0
Slovenia,2006,3129.1648,26182.78,Europe,2003116.0
Slovenia,2007,3152.1145,27832.764,Europe,2014159.0
Slovenia,2008,3166.7688,28473.596,Europe,2025090.0
Slovenia,2009,3192.1025,25905.512,Europe,2035610.0
Slovenia,2010,3240.9236,26000.92,Europe,2044611.0
Slovenia,2011,3231.0078,26004.0,Europe,2048805.0
Slovenia,2012,3221.4314,25269.232,Europe,2053322.0
Slovenia,2013,3231.2244,24975.363,Europe,2056452.0
Slovenia,2014,3262.483,25638.66,Europe,2058395.0
Slovenia,2015,3229.9229,26186.248,Europe,2059946.0
Slovenia,2016,3227.7217,27004.717,Europe,2061379.0
Slovenia,2017,3259.5698,28288.89,Europe,2062410.0
Slovenia,2018,3250.1123,29461.344,Europe,2069484.0
Slovenia,2019,3192.7998,30229.299,Europe,2083438.0
Slovenia,2020,3150.4617,28733.303,Europe,2102421.0
Slovenia,2021,3092.9119,31019.943,Europe,2113495.0
Slovenia,2022,3100.331,32673.762,Europe,2115231.0
South Africa,1961,2819.8037,4929.0,Africa,16908039.0
South Africa,1962,2750.637,5067.0,Africa,17418522.0
South Africa,1963,2854.8318,5294.0,Africa,17954560.0
South Africa,1964,2875.647,5499.0,Africa,18511367.0
South Africa,1965,2972.715,5673.0,Africa,19089382.0
South Africa,1966,2846.933,5762.0,Africa,19690084.0
South Africa,1967,2773.5125,5993.0,Africa,20314072.0
South Africa,1968,2806.8518,6087.0,Africa,20957287.0
South Africa,1969,2833.2283,6290.0,Africa,21614679.0
South Africa,1970,2845.1965,6448.0,Africa,22279990.0
South Africa,1971,2807.0266,6591.0,Africa,22942145.0
South Africa,1972,2874.3237,6550.0,Africa,23609457.0
South Africa,1973,2912.8386,6655.0,Africa,24294264.0
South Africa,1974,2881.9722,6853.0,Africa,24989109.0
South Africa,1975,2897.9084,6808.0,Africa,25690943.0
South Africa,1976,2846.523,6802.0,Africa,26395451.0
South Africa,1977,2829.5862,6623.0,Africa,27118951.0
South Africa,1978,2830.007,6653.0,Africa,27869506.0
South Africa,1979,2791.1172,6746.0,Africa,28634161.0
South Africa,1980,2819.1597,6998.0,Africa,29518857.0
South Africa,1981,2764.997,7141.0,Africa,30541046.0
South Africa,1982,2819.4932,6891.0,Africa,31615339.0
South Africa,1983,2723.7285,6554.0,Africa,32739308.0
South Africa,1984,2701.4243,6672.0,Africa,33892793.0
South Africa,1985,2717.358,6385.0,Africa,35042097.0
South Africa,1986,2630.1665,6236.0,Africa,36180519.0
South Africa,1987,2701.5544,6212.0,Africa,37326192.0
South Africa,1988,2628.6052,6319.0,Africa,38480647.0
South Africa,1989,2565.6501,6306.0,Africa,39628574.0
South Africa,1990,2555.4285,6111.0,Africa,40746274.0
South Africa,1991,2546.2136,6034.9004,Africa,41687903.0
South Africa,1992,2546.0996,5901.9844,Africa,42443510.0
South Africa,1993,2597.1702,5965.9116,Africa,43297155.0
South Africa,1994,2604.9417,6172.9736,Africa,44004140.0
South Africa,1995,2613.5115,6406.428,Africa,44541557.0
South Africa,1996,2615.1257,6725.791,Africa,45123023.0
South Africa,1997,2644.878,6950.4717,Africa,45666835.0
South Africa,1998,2682.804,7024.2954,Africa,46223888.0
South Africa,1999,2681.249,7234.2856,Africa,46730331.0
South Africa,2000,2744.4092,7582.7783,Africa,47159715.0
South Africa,2001,2783.3972,7839.6255,Africa,47566805.0
South Africa,2002,2795.168,8171.2065,Africa,48019414.0
South Africa,2003,2830.4805,8451.452,Africa,48500351.0
South Africa,2004,2853.6797,8877.921,Africa,48991420.0
South Africa,2005,2877.139,9393.693,Africa,49490041.0
South Africa,2006,2863.8174,9978.471,Africa,49998271.0
South Africa,2007,2866.512,10576.291,Africa,50528575.0
South Africa,2008,2875.5134,10977.146,Africa,51114595.0
South Africa,2009,2888.4075,10873.046,Africa,51728518.0
South Africa,2010,2834.5847,11318.6045,Africa,52344047.0
South Africa,2011,2839.479,11838.0,Africa,52995212.0
South Africa,2012,2859.7043,11938.226,Africa,53782570.0
South Africa,2013,2836.1128,12048.068,Africa,54678789.0
South Africa,2014,2801.0645,12034.149,Africa,55594840.0
South Africa,2015,2765.6355,12009.91,Africa,56723536.0
South Africa,2016,2778.3113,11908.111,Africa,57259550.0
South Africa,2017,2797.6367,11867.522,Africa,57635158.0
South Africa,2018,2784.3372,11873.3,Africa,58613001.0
South Africa,2019,2756.2651,11739.936,Africa,59587880.0
South Africa,2020,2734.8718,10839.133,Africa,60562374.0
South Africa,2021,2677.2603,11273.159,Africa,61502602.0
South Africa,2022,2651.0393,11415.887,Africa,62378417.0
South Korea,1961,2057.7644,1605.8468,Asia,26852962.0
South Korea,1962,2098.6626,1620.4901,Asia,27509235.0
South Korea,1963,2129.3508,1720.8241,Asia,28145547.0
South Korea,1964,2174.7283,1834.9778,Asia,28744980.0
South Korea,1965,2294.9543,1917.4283,Asia,29284343.0
South Korea,1966,2371.3323,2093.888,Asia,29845941.0
South Korea,1967,2434.9104,2232.0535,Asia,30495725.0
South Korea,1968,2528.683,2468.4836,Asia,31175295.0
South Korea,1969,2633.0603,2764.1533,Asia,31852769.0
South Korea,1970,2720.3625,2974.8074,Asia,32542203.0
South Korea,1971,2798.541,3221.6746,Asia,33239859.0
South Korea,1972,2871.7786,3387.8906,Asia,33936470.0
South Korea,1973,2952.8296,3822.046,Asia,34625848.0
South Korea,1974,2924.4211,4112.6016,Asia,35287834.0
South Korea,1975,3005.3337,4362.007,Asia,35875741.0
South Korea,1976,3064.4446,4855.941,Asia,36379928.0
South Korea,1977,3024.607,5367.795,Asia,36843638.0
South Korea,1978,3098.096,5856.4966,Asia,37281935.0
South Korea,1979,3073.6042,6265.886,Asia,37710898.0
South Korea,1980,2970.2668,6064.04,Asia,38141109.0
South Korea,1981,2920.625,6398.851,Asia,38689192.0
South Korea,1982,2887.461,6821.475,Asia,39356159.0
South Korea,1983,2898.9202,7611.7344,Asia,40000945.0
South Korea,1984,2948.3767,8303.519,Asia,40598302.0
South Korea,1985,2904.6035,8859.355,Asia,41148956.0
South Korea,1986,2948.6377,9756.205,Asia,41718508.0
South Korea,1987,3020.5352,10864.975,Asia,42322092.0
South Korea,1988,3025.5366,12039.945,Asia,42922980.0
South Korea,1989,2994.9573,12759.489,Asia,43524765.0
South Korea,1990,2881.6045,13874.0,Asia,44081425.0
South Korea,1991,2878.6287,15056.16,Asia,44439146.0
South Korea,1992,2938.317,15712.002,Asia,44653699.0
South Korea,1993,2900.7676,16503.434,Asia,44887721.0
South Korea,1994,2928.903,17720.395,Asia,45130842.0
South Korea,1995,2974.3455,19089.299,Asia,45368425.0
South Korea,1996,3013.2202,20204.56,Asia,45638701.0
South Korea,1997,3025.7878,21055.945,Asia,45941541.0
South Korea,1998,2933.1628,19624.691,Asia,46230885.0
South Korea,1999,3045.5068,21540.693,Asia,46500382.0
South Korea,2000,3041.7576,23108.018,Asia,46766660.0
South Korea,2001,3025.3008,23804.438,Asia,47043467.0
South Korea,2002,3022.0417,25250.637,Asia,47299118.0
South Korea,2003,2999.6306,25679.246,Asia,47514158.0
South Korea,2004,3039.7983,26646.504,Asia,47697076.0
South Korea,2005,3048.931,27443.283,Asia,47851646.0
South Korea,2006,3066.602,28516.484,Asia,48006518.0
South Korea,2007,3099.5737,29716.57,Asia,48178122.0
South Korea,2008,3154.8057,30117.729,Asia,48356485.0
South Korea,2009,3177.817,29967.562,Asia,48546690.0
South Korea,2010,3330.5725,31537.773,Asia,48769329.0
South Korea,2011,3335.2852,32225.0,Asia,49127640.0
South Korea,2012,3290.1035,32826.48,Asia,49599580.0
South Korea,2013,3295.5703,33711.656,Asia,50071168.0
South Korea,2014,3328.5298,34573.09,Asia,50539055.0
South Korea,2015,3326.0342,35357.52,Asia,50983909.0
South Korea,2016,3326.3474,36255.24,Asia,51297836.0
South Korea,2017,3379.2944,37296.047,Asia,51486268.0
South Korea,2018,3389.1013,38214.324,Asia,51640894.0
South Korea,2019,3384.2607,38935.992,Asia,51767844.0
South Korea,2020,3377.0518,38606.984,Asia,51858481.0
South Korea,2021,3411.6482,40277.953,Asia,51848401.0
South Korea,2022,3444.1628,41320.9,Asia,51782515.0
Spain,1961,2662.2422,5581.4375,Europe,30699568.0
Spain,1962,2791.0444,6075.9097,Europe,31040106.0
Spain,1963,2699.537,6631.5728,Europe,31379831.0
Spain,1964,2595.4028,6938.4917,Europe,31741586.0
Spain,1965,2657.2756,7411.985,Europe,32110669.0
Spain,1966,2711.5889,7872.8496,Europe,32465887.0
Spain,1967,2740.2585,8207.074,Europe,32820751.0
Spain,1968,2746.4312,8598.881,Europe,33170121.0
Spain,1969,2637.588,9299.07,Europe,33496941.0
Spain,1970,2729.6497,9502.939,Europe,33812720.0
Spain,1971,2760.9336,9885.877,Europe,34157447.0
Spain,1972,2835.3242,10787.692,Europe,34539861.0
Spain,1973,2845.9932,11629.702,Europe,34926521.0
Spain,1974,3074.8027,12379.95,Europe,35361763.0
Spain,1975,3079.109,12613.324,Europe,35795771.0
Spain,1976,3044.5942,13044.986,Europe,36176273.0
Spain,1977,3000.8674,13335.212,Europe,36551267.0
Spain,1978,2999.5034,13568.676,Europe,36904970.0
Spain,1979,3046.1033,13678.094,Europe,37230370.0
Spain,1980,3112.301,14005.935,Europe,37537560.0
Spain,1981,2977.449,13895.314,Europe,37812708.0
Spain,1982,3064.6667,14046.1045,Europe,38047097.0
Spain,1983,3038.692,14240.944,Europe,38253247.0
Spain,1984,3027.9844,14313.326,Europe,38437483.0
Spain,1985,3099.5815,14696.966,Europe,38601315.0
Spain,1986,3085.707,15242.98,Europe,38735706.0
Spain,1987,3135.0813,16273.085,Europe,38852007.0
Spain,1988,3190.519,17275.508,Europe,38952258.0
Spain,1989,3221.6077,18360.352,Europe,39029557.0
Spain,1990,3243.1536,19215.0,Europe,39084975.0
Spain,1991,3390.102,19958.06,Europe,39201750.0
Spain,1992,3375.6023,20329.168,Europe,39420344.0
Spain,1993,3270.072,20056.54,Europe,39651627.0
Spain,1994,3258.6807,20673.955,Europe,39858721.0
Spain,1995,3166.2598,21522.098,Europe,40052733.0
Spain,1996,3296.649,22185.066,Europe,40237375.0
Spain,1997,3235.0332,23113.615,Europe,40423823.0
Spain,1998,3264.091,24284.861,Europe,40617436.0
Spain,1999,3260.1687,25549.54,Europe,40812855.0
Spain,2000,3299.6497,26994.86,Europe,41019772.0
Spain,2001,3292.5286,28153.553,Europe,41245602.0
Spain,2002,3326.1223,28753.322,Europe,41755703.0
Spain,2003,3258.9514,29371.865,Europe,42506540.0
Spain,2004,3206.6165,30088.092,Europe,43234562.0
Spain,2005,3178.1094,30885.602,Europe,43958883.0
Spain,2006,3179.5325,31907.424,Europe,44695446.0
Spain,2007,3162.6348,32735.434,Europe,45516501.0
Spain,2008,3139.1667,32844.324,Europe,46235055.0
Spain,2009,3144.441,31669.691,Europe,46635182.0
Spain,2010,3181.8904,31786.404,Europe,46840469.0
Spain,2011,3201.4238,31600.0,Europe,46998040.0
Spain,2012,3196.2927,30645.215,Europe,47018323.0
Spain,2013,3220.0076,30327.451,Europe,46860394.0
Spain,2014,3175.6582,30842.184,Europe,46720187.0
Spain,2015,3203.251,32057.098,Europe,46683683.0
Spain,2016,3281.2417,33002.676,Europe,46732768.0
Spain,2017,3299.157,33924.137,Europe,46868594.0
Spain,2018,3347.731,34553.625,Europe,47092817.0
Spain,2019,3350.626,34957.465,Europe,47435121.0
Spain,2020,3354.5723,30834.514,Europe,47679482.0
Spain,2021,3383.3179,32553.05,Europe,47735670.0
Spain,2022,3356.253,34123.387,Europe,47828386.0
Sri Lanka,1961,2121.8994,2050.0,Asia,9899372.0
Sri Lanka,1962,2143.7605,2067.0,Asia,10143750.0
Sri Lanka,1963,2184.6562,2058.0,Asia,10395039.0
Sri Lanka,1964,2288.9233,2104.0,Asia,10653403.0
Sri Lanka,1965,2291.0212,2118.0,Asia,10916965.0
Sri Lanka,1966,2341.146,2047.0,Asia,11183925.0
Sri Lanka,1967,2369.9949,2181.0,Asia,11457329.0
Sri Lanka,1968,2367.0354,2291.0,Asia,11736084.0
Sri Lanka,1969,2328.339,2329.0,Asia,12013864.0
Sri Lanka,1970,2306.5588,2389.0,Asia,12287113.0
Sri Lanka,1971,2240.287,2322.0,Asia,12551910.0
Sri Lanka,1972,2198.4316,2327.0,Asia,12809207.0
Sri Lanka,1973,2223.901,2378.0,Asia,13060920.0
Sri Lanka,1974,2216.0571,2418.0,Asia,13305697.0
Sri Lanka,1975,2201.9795,2434.0,Asia,13548989.0
Sri Lanka,1976,2214.007,2464.0,Asia,13796776.0
Sri Lanka,1977,2233.8467,2582.0,Asia,14049365.0
Sri Lanka,1978,2297.0715,2694.0,Asia,14310127.0
Sri Lanka,1979,2348.7844,2815.0,Asia,14579616.0
Sri Lanka,1980,2312.4622,2917.0,Asia,14847972.0
Sri Lanka,1981,2269.351,3049.0,Asia,15099417.0
Sri Lanka,1982,2287.3503,3151.0,Asia,15286571.0
Sri Lanka,1983,2364.2542,3268.0,Asia,15388795.0
Sri Lanka,1984,2372.1406,3387.0,Asia,15441858.0
Sri Lanka,1985,2409.9932,3484.0,Asia,15544152.0
Sri Lanka,1986,2389.5571,3607.0,Asia,15731253.0
Sri Lanka,1987,2332.8213,3590.0,Asia,15916578.0
Sri Lanka,1988,2357.6636,3633.0,Asia,16078624.0
Sri Lanka,1989,2320.3057,3677.0,Asia,16248560.0
Sri Lanka,1990,2295.7468,3864.0,Asia,16352460.0
Sri Lanka,1991,2327.396,4214.982,Asia,16475354.0
Sri Lanka,1992,2280.8096,4020.974,Asia,16739297.0
Sri Lanka,1993,2205.137,4247.023,Asia,17025924.0
Sri Lanka,1994,2398.0623,4500.8193,Asia,17275777.0
Sri Lanka,1995,2306.7258,4702.295,Asia,17564065.0
Sri Lanka,1996,2297.921,5187.709,Asia,17905020.0
Sri Lanka,1997,2298.088,5628.5303,Asia,18248205.0
Sri Lanka,1998,2294.5288,5440.221,Asia,18596006.0
Sri Lanka,1999,2352.5735,5488.515,Asia,18944734.0
Sri Lanka,2000,2261.3572,5841.094,Asia,19293056.0
Sri Lanka,2001,2288.283,5620.966,Asia,19600361.0
Sri Lanka,2002,2266.8867,5721.3086,Asia,19805750.0
Sri Lanka,2003,2277.5037,5963.57,Asia,19951521.0
Sri Lanka,2004,2307.135,6191.9663,Asia,20087608.0
Sri Lanka,2005,2319.1343,6491.198,Asia,20216531.0
Sri Lanka,2006,2350.9685,6904.036,Asia,20352416.0
Sri Lanka,2007,2360.842,7283.6323,Asia,20492546.0
Sri Lanka,2008,2421.9944,7622.4087,Asia,20629377.0
Sri Lanka,2009,2429.7856,7796.6475,Asia,20756438.0
Sri Lanka,2010,2463.4075,8319.703,Asia,20879092.0
Sri Lanka,2011,2448.8313,8918.0,Asia,21009054.0
Sri Lanka,2012,2512.919,9599.045,Asia,21169461.0
Sri Lanka,2013,2525.3044,9898.523,Asia,21358829.0
Sri Lanka,2014,2556.4688,10437.811,Asia,21547454.0
Sri Lanka,2015,2642.1895,10784.185,Asia,21729975.0
Sri Lanka,2016,2695.9683,11236.119,Asia,21910763.0
Sri Lanka,2017,2682.9954,11868.202,Asia,22087525.0
Sri Lanka,2018,2688.7837,12051.547,Asia,22253116.0
Sri Lanka,2019,2669.4988,11939.55,Asia,22410552.0
Sri Lanka,2020,2731.665,11447.249,Asia,22561808.0
Sri Lanka,2021,2743.35,11751.948,Asia,22700377.0
Sri Lanka,2022,2678.9468,10705.481,Asia,22834965.0
Sudan (former),1961,1620.992,1588.0,Africa,
Sudan (former),1962,1828.9568,1653.0,Africa,
Sudan (former),1963,1748.3578,1562.0,Africa,
Sudan (former),1964,1779.2745,1505.0,Africa,
Sudan (former),1965,1606.6849,1568.0,Africa,
Sudan (former),1966,1606.4371,1510.0,Africa,
Sudan (former),1967,1719.4586,1423.0,Africa,
Sudan (former),1968,1757.0852,1471.0,Africa,
Sudan (former),1969,1791.7911,1521.0,Africa,
Sudan (former),1970,1912.0526,1415.0,Africa,
Sudan (former),1971,1909.1967,1471.0,Africa,
Sudan (former),1972,1892.3093,1400.0,Africa,
Sudan (former),1973,1937.9523,1243.0,Africa,
Sudan (former),1974,1968.8612,1328.0,Africa,
Sudan (former),1975,1826.5784,1451.0,Africa,
Sudan (former),1976,1872.2739,1664.0,Africa,
Sudan (former),1977,1940.5883,1857.0,Africa,
Sudan (former),1978,2060.639,1766.0,Africa,
Sudan (former),1979,1974.9746,1524.0,Africa,
Sudan (former),1980,1947.2612,1484.0,Africa,
Sudan (former),1981,1936.2004,1466.0,Africa,
Sudan (former),1982,1824.3156,1599.0,Africa,
Sudan (former),1983,1904.3671,1527.0,Africa,
Sudan (former),1984,1695.0132,1404.0,Africa,
Sudan (former),1985,1908.9304,1274.0,Africa,
Sudan (former),1986,1963.536,1286.0,Africa,
Sudan (former),1987,1896.594,1288.0,Africa,
Sudan (former),1988,1995.6105,1282.0,Africa,
Sudan (former),1989,1925.1057,1353.0,Africa,
Sudan (former),1990,1909.8881,1211.0,Africa,
Sudan (former),1991,2027.0021,1277.6892,Africa,
Sudan (former),1992,2025.1001,1336.0544,Africa,
Sudan (former),1993,2117.1272,1374.3846,Africa,
Sudan (former),1994,2162.5464,1386.1075,Africa,
Sudan (former),1995,2186.6301,1467.7085,Africa,
Sudan (former),1996,2182.025,1551.8574,Africa,
Sudan (former),1997,2182.2278,1714.3776,Africa,
Sudan (former),1998,2198.7441,1785.0996,Africa,
Sudan (former),1999,2210.9253,1837.498,Africa,
Sudan (former),2000,2228.0918,1951.4658,Africa,
Sudan (former),2001,2260.4194,2075.622,Africa,
Sudan (former),2002,2282.392,2205.5723,Africa,
Sudan (former),2003,2272.3157,2373.057,Africa,
Sudan (former),2004,2253.8318,2461.3003,Africa,
Sudan (former),2005,2269.8447,2642.5208,Africa,
Sudan (former),2006,2296.0095,2903.8008,Africa,
Sudan (former),2007,2299.6338,3233.6978,Africa,
Sudan (former),2008,2287.3008,3478.8877,Africa,
Sudan (former),2009,2274.5334,3580.1877,Africa,
Sudan (former),2010,2240.2678,3707.3027,Africa,
Sudan (former),2011,2200.6326,3669.0,Africa,
Sweden,1961,2847.65,14564.0,Europe,7519996.0
Sweden,1962,2821.3936,15093.0,Europe,7561517.0
Sweden,1963,2815.783,15808.0,Europe,7604207.0
Sweden,1964,2902.2388,16761.0,Europe,7661190.0
Sweden,1965,2861.9536,17239.0,Europe,7733011.0
Sweden,1966,2874.4163,17432.0,Europe,7805585.0
Sweden,1967,2860.6707,17883.0,Europe,7866403.0
Sweden,1968,2831.876,18428.0,Europe,7912123.0
Sweden,1969,2815.2043,19215.0,Europe,7968013.0
Sweden,1970,2876.2217,20269.0,Europe,8042783.0
Sweden,1971,2902.0928,20320.0,Europe,8098104.0
Sweden,1972,2861.8499,20725.0,Europe,8122426.0
Sweden,1973,2865.1072,21509.0,Europe,8137166.0
Sweden,1974,2888.958,22132.0,Europe,8160636.0
Sweden,1975,2932.1284,22607.0,Europe,8192641.0
Sweden,1976,3008.7583,22765.0,Europe,8222392.0
Sweden,1977,2966.9495,22322.0,Europe,8251699.0
Sweden,1978,2933.6548,22646.0,Europe,8275793.0
Sweden,1979,2968.4478,23465.0,Europe,8293749.0
Sweden,1980,2991.1907,23809.0,Europe,8310470.0
Sweden,1981,2964.8362,23777.0,Europe,8320460.0
Sweden,1982,2980.2197,24002.0,Europe,8325179.0
Sweden,1983,2983.9553,24412.0,Europe,8328915.0
Sweden,1984,3053.0908,25357.0,Europe,8336482.0
Sweden,1985,2977.2678,25805.0,Europe,8350249.0
Sweden,1986,2977.957,26309.0,Europe,8369681.0
Sweden,1987,2904.644,27016.0,Europe,8397651.0
Sweden,1988,2958.2205,27468.0,Europe,8436358.0
Sweden,1989,2983.6228,27933.0,Europe,8492821.0
Sweden,1990,2973.149,28068.0,Europe,8558571.0
Sweden,1991,2942.0154,27614.035,Europe,8616955.0
Sweden,1992,3056.6716,27198.53,Europe,8667576.0
Sweden,1993,3144.1829,26558.824,Europe,8718038.0
Sweden,1994,3090.0974,27505.955,Europe,8780190.0
Sweden,1995,3088.2456,28519.443,Europe,8826298.0
Sweden,1996,3041.9805,29012.105,Europe,8840330.0
Sweden,1997,3091.7026,29862.666,Europe,8845525.0
Sweden,1998,3066.5972,31187.164,Europe,8850606.0
Sweden,1999,3117.2188,32705.215,Europe,8857691.0
Sweden,2000,3098.9653,34202.605,Europe,8872099.0
Sweden,2001,3121.1843,34666.664,Europe,8896018.0
Sweden,2002,3128.0698,35569.773,Europe,8925045.0
Sweden,2003,3118.269,36435.754,Europe,8958434.0
Sweden,2004,3142.5195,38016.062,Europe,8993805.0
Sweden,2005,3122.079,39258.992,Europe,9029771.0
Sweden,2006,3094.1902,40992.3,Europe,9080628.0
Sweden,2007,3092.6196,42399.844,Europe,9148280.0
Sweden,2008,3133.1218,42189.965,Europe,9219903.0
Sweden,2009,3129.786,40116.312,Europe,9298738.0
Sweden,2010,3206.655,42634.754,Europe,9378234.0
Sweden,2011,3224.033,42079.0,Europe,9449263.0
Sweden,2012,3232.9028,41523.145,Europe,9519477.0
Sweden,2013,3232.9365,41661.805,Europe,9600620.0
Sweden,2014,3257.98,42346.836,Europe,9696438.0
Sweden,2015,3230.0535,43782.457,Europe,9799483.0
Sweden,2016,3224.9429,44131.03,Europe,9923281.0
Sweden,2017,3203.564,44658.484,Europe,10057864.0
Sweden,2018,3169.035,45003.492,Europe,10175400.0
Sweden,2019,3237.4287,45434.402,Europe,10279120.0
Sweden,2020,3269.4602,44128.332,Europe,10353682.0
Sweden,2021,3303.1133,46226.543,Europe,10416134.0
Sweden,2022,3347.428,47126.13,Europe,10487335.0
Switzerland,1961,3548.937,17307.562,Europe,5434125.0
Switzerland,1962,3438.819,17793.977,Europe,5573701.0
Switzerland,1963,3359.456,18437.84,Europe,5694163.0
Switzerland,1964,3410.1938,19195.447,Europe,5789153.0
Switzerland,1965,3429.4622,19802.512,Europe,5856414.0
Switzerland,1966,3442.4363,20224.54,Europe,5917969.0
Switzerland,1967,3303.1472,20742.252,Europe,5991733.0
Switzerland,1968,3416.4238,21395.387,Europe,6067657.0
Switzerland,1969,3415.075,22307.674,Europe,6136353.0
Switzerland,1970,3491.253,23478.992,Europe,6180922.0
Switzerland,1971,3455.701,24486.979,Europe,6213536.0
Switzerland,1972,3527.0144,25356.91,Europe,6261086.0
Switzerland,1973,3541.0154,26003.715,Europe,6307408.0
Switzerland,1974,3413.795,25718.27,Europe,6341381.0
Switzerland,1975,3235.8584,24467.992,Europe,6338600.0
Switzerland,1976,3342.5842,24752.908,Europe,6302556.0
Switzerland,1977,3527.1719,25430.568,Europe,6281365.0
Switzerland,1978,3472.949,26158.8,Europe,6282045.0
Switzerland,1979,3407.6353,26641.096,Europe,6294719.0
Switzerland,1980,3503.193,27405.73,Europe,6319848.0
Switzerland,1981,3500.6277,27729.586,Europe,6354561.0
Switzerland,1982,3453.3313,27660.95,Europe,6391805.0
Switzerland,1983,3432.2285,28009.328,Europe,6419309.0
Switzerland,1984,3399.004,28315.082,Europe,6442419.0
Switzerland,1985,3400.1216,29416.752,Europe,6470959.0
Switzerland,1986,3420.8105,30847.994,Europe,6504748.0
Switzerland,1987,3432.2373,31774.371,Europe,6545771.0
Switzerland,1988,3426.9294,32482.908,Europe,6594145.0
Switzerland,1989,3406.667,33315.586,Europe,6647787.0
Switzerland,1990,3420.9236,34250.0,Europe,6713168.0
Switzerland,1991,3321.935,34128.64,Europe,6796942.0
Switzerland,1992,3389.631,34356.8,Europe,6875049.0
Switzerland,1993,3334.717,34625.535,Europe,6938106.0
Switzerland,1994,3315.9946,35423.83,Europe,6993594.0
Switzerland,1995,3299.9573,36004.23,Europe,7040481.0
Switzerland,1996,3334.3867,36720.492,Europe,7071885.0
Switzerland,1997,3318.3926,38165.477,Europe,7089161.0
Switzerland,1998,3328.7341,39890.54,Europe,7110294.0
Switzerland,1999,3320.6877,41091.637,Europe,7144119.0
Switzerland,2000,3431.3794,43251.105,Europe,7184003.0
Switzerland,2001,3368.1238,44398.64,Europe,7226391.0
Switzerland,2002,3418.6545,44934.316,Europe,7278744.0
Switzerland,2003,3411.1973,45441.598,Europe,7333451.0
Switzerland,2004,3393.8887,47263.598,Europe,7384196.0
Switzerland,2005,3375.6013,49273.902,Europe,7431824.0
Switzerland,2006,3433.5999,51862.965,Europe,7478514.0
Switzerland,2007,3436.911,54509.54,Europe,7545386.0
Switzerland,2008,3450.0806,56054.883,Europe,7641730.0
Switzerland,2009,3467.3984,55171.5,Europe,7737644.0
Switzerland,2010,3424.1711,57219.5,Europe,7825750.0
Switzerland,2011,3465.9907,58686.0,Europe,7914379.0
Switzerland,2012,3376.2444,58750.938,Europe,7998927.0
Switzerland,2013,3387.0454,59120.062,Europe,8091199.0
Switzerland,2014,3408.8606,59775.54,Europe,8190238.0
Switzerland,2015,3385.0168,60070.867,Europe,8283940.0
Switzerland,2016,3349.139,60647.64,Europe,8374903.0
Switzerland,2017,3370.0466,60903.223,Europe,8453630.0
Switzerland,2018,3388.4792,62185.477,Europe,8516341.0
Switzerland,2019,3408.461,62448.598,Europe,8577525.0
Switzerland,2020,3453.5618,60521.26,Europe,8640582.0
Switzerland,2021,3407.88,62595.31,Europe,8707019.0
Switzerland,2022,3432.2642,63323.254,Europe,8792180.0
Syria,2010,3089.2566,6520.6123,Asia,22482417.0
Syria,2011,3056.9106,5979.0,Asia,22878104.0
Syria,2012,2937.6235,4443.686,Asia,22759763.0
Syria,2013,2881.8315,3487.681,Asia,21666921.0
Syria,2014,2844.4353,3384.4143,Asia,20273661.0
Syria,2015,2798.4553,3464.0376,Asia,19424615.0
Syria,2016,2683.9277,3380.5535,Asia,19193835.0
Syria,2017,2623.5513,3422.1772,Asia,19224671.0
Syria,2018,2525.8318,3418.6953,Asia,19577849.0
Syria,2019,2486.635,3385.4192,Asia,20353536.0
Syria,2020,2423.3347,2903.7397,Asia,21049431.0
Syria,2021,2392.3225,2682.3398,Asia,21628837.0
Syria,2022,2351.3835,2494.7612,Asia,22462170.0
Taiwan,1961,2395.547,2228.0,Asia,11453506.0
Taiwan,1962,2336.188,2326.0,Asia,11866670.0
Taiwan,1963,2293.519,2463.0,Asia,12285726.0
Taiwan,1964,2360.8599,2676.0,Asia,12706682.0
Taiwan,1965,2337.1162,2885.0,Asia,13124808.0
Taiwan,1966,2349.7773,3054.0,Asia,13537706.0
Taiwan,1967,2357.9875,3300.0,Asia,13901473.0
Taiwan,1968,2413.4546,3484.0,Asia,14215584.0
Taiwan,1969,2482.486,3720.0,Asia,14523608.0
Taiwan,1970,2553.9597,4044.0,Asia,14815755.0
Taiwan,1971,2585.4521,4470.0,Asia,15121137.0
Taiwan,1972,2643.937,4962.0,Asia,15450618.0
Taiwan,1973,2667.6147,5496.0,Asia,15772691.0
Taiwan,1974,2718.6855,5455.0,Asia,16082315.0
Taiwan,1975,2784.5999,5614.0,Asia,16365267.0
Taiwan,1976,2766.2607,6245.0,Asia,16671501.0
Taiwan,1977,2772.313,6752.0,Asia,17020095.0
Taiwan,1978,2779.964,7519.0,Asia,17373729.0
Taiwan,1979,2796.1096,7967.0,Asia,17735789.0
Taiwan,1980,2728.6348,8384.0,Asia,18086521.0
Taiwan,1981,2678.761,8749.0,Asia,18412829.0
Taiwan,1982,2665.337,8910.0,Asia,18723986.0
Taiwan,1983,2619.5146,9530.0,Asia,19022629.0
Taiwan,1984,2596.028,10394.0,Asia,19306762.0
Taiwan,1985,2660.1685,10779.0,Asia,19571695.0
Taiwan,1986,2695.0967,11918.0,Asia,19805981.0
Taiwan,1987,2730.858,13705.0,Asia,20015820.0
Taiwan,1988,2775.6062,14183.0,Asia,20223658.0
Taiwan,1989,2856.712,15203.0,Asia,20418913.0
Taiwan,1990,2895.0703,15841.0,Asia,20594907.0
Taiwan,1991,2935.2922,16934.814,Asia,20781752.0
Taiwan,1992,2921.5437,18101.332,Asia,20982088.0
Taiwan,1993,3003.89,19087.598,Asia,21174678.0
Taiwan,1994,3010.18,20269.266,Asia,21357145.0
Taiwan,1995,3022.9177,21329.686,Asia,21534497.0
Taiwan,1996,3049.1812,22390.053,Asia,21709270.0
Taiwan,1997,3052.529,23437.768,Asia,21885332.0
Taiwan,1998,3006.0295,24131.22,Asia,22049226.0
Taiwan,1999,3044.4766,25471.781,Asia,22203788.0
Taiwan,2000,3063.433,26787.445,Asia,22332873.0
Taiwan,2001,2964.6868,26203.977,Asia,22446254.0
Taiwan,2002,2962.6377,27425.807,Asia,22566898.0
Taiwan,2003,2961.1575,28348.852,Asia,22664130.0
Taiwan,2004,2965.9888,29975.139,Asia,22745432.0
Taiwan,2005,2972.3235,31374.455,Asia,22824932.0
Taiwan,2006,2938.397,32867.367,Asia,22914644.0
Taiwan,2007,2954.4768,34761.312,Asia,23006921.0
Taiwan,2008,2915.3408,34762.367,Asia,23086238.0
Taiwan,2009,2927.3013,33974.453,Asia,23164353.0
Taiwan,2010,2943.166,37385.49,Asia,23224049.0
Taiwan,2011,2918.2366,38565.0,Asia,23273078.0
Taiwan,2012,2909.895,39291.184,Asia,23345963.0
Taiwan,2013,2925.0598,40140.73,Asia,23416870.0
Taiwan,2014,2933.6597,41930.84,Asia,23472811.0
Taiwan,2015,2938.3005,42438.46,Asia,23529260.0
Taiwan,2016,2931.685,43262.195,Asia,23586140.0
Taiwan,2017,2930.4412,44618.29,Asia,23632950.0
Taiwan,2018,2959.5828,45817.938,Asia,23659308.0
Taiwan,2019,2975.9568,47200.254,Asia,23674137.0
Taiwan,2020,2971.9834,48779.438,Asia,23663461.0
Taiwan,2021,2953.4507,51943.883,Asia,23558330.0
Taiwan,2022,3016.3599,53142.984,Asia,23420107.0
Tajikistan,1992,1999.2461,2832.7034,Asia,5649397.0
Tajikistan,1993,2028.0065,2482.4136,Asia,5725001.0
Tajikistan,1994,1987.3567,1928.3185,Asia,5825371.0
Tajikistan,1995,1919.3826,1666.184,Asia,5948588.0
Tajikistan,1996,1868.798,1559.5212,Asia,6066524.0
Tajikistan,1997,1850.7711,1552.6323,Asia,6139829.0
Tajikistan,1998,1883.8076,1589.3315,Asia,6176403.0
Tajikistan,1999,1901.6278,1621.3206,Asia,6208373.0
Tajikistan,2000,1928.2229,1723.3563,Asia,6284737.0
Tajikistan,2001,1925.7521,1845.4783,Asia,6407376.0
Tajikistan,2002,1904.0399,1982.8837,Asia,6531674.0
Tajikistan,2003,1918.2302,2135.9082,Asia,6658575.0
Tajikistan,2004,1942.1176,2301.292,Asia,6790555.0
Tajikistan,2005,2021.7334,2416.867,Asia,6924722.0
Tajikistan,2006,2033.0189,2524.8447,Asia,7057566.0
Tajikistan,2007,2040.051,2647.2095,Asia,7194479.0
Tajikistan,2008,2064.012,2801.7761,Asia,7338402.0
Tajikistan,2009,2084.8965,2853.8884,Asia,7490232.0
Tajikistan,2010,2255.7932,2975.9268,Asia,7652144.0
Tajikistan,2011,2293.505,3111.0,Asia,7824788.0
Tajikistan,2012,2306.0842,3283.9092,Asia,8014087.0
Tajikistan,2013,2308.884,3464.207,Asia,8216733.0
Tajikistan,2014,2358.4983,3631.8794,Asia,8425559.0
Tajikistan,2015,2421.444,3784.3435,Asia,8643839.0
Tajikistan,2016,2482.2947,3978.5557,Asia,8865623.0
Tajikistan,2017,2554.4478,4192.402,Asia,9085942.0
Tajikistan,2018,2628.543,4440.1567,Asia,9307345.0
Tajikistan,2019,2710.6582,4695.543,Asia,9529970.0
Tajikistan,2020,2702.9846,4828.3936,Asia,9749312.0
Tajikistan,2021,2710.877,5205.606,Asia,9966912.0
Tajikistan,2022,2706.0093,5507.5454,Asia,10182228.0
Tanzania,1961,1777.7244,703.0,Africa,10187889.0
Tanzania,1962,1790.8953,746.0,Africa,10487756.0
Tanzania,1963,1815.904,770.0,Africa,10799530.0
Tanzania,1964,1732.261,787.0,Africa,11127827.0
Tanzania,1965,1774.2369,792.0,Africa,11470726.0
Tanzania,1966,1851.3796,867.0,Africa,11827462.0
Tanzania,1967,1742.7845,875.0,Africa,12200114.0
Tanzania,1968,1732.0486,894.0,Africa,12602077.0
Tanzania,1969,1727.5604,883.0,Africa,13036701.0
Tanzania,1970,1727.2606,905.0,Africa,13492674.0
Tanzania,1971,1685.8279,915.0,Africa,13971453.0
Tanzania,1972,1697.0055,945.0,Africa,14479311.0
Tanzania,1973,1811.7233,945.0,Africa,15010099.0
Tanzania,1974,1889.4225,937.0,Africa,15561633.0
Tanzania,1975,2145.4668,956.0,Africa,16138364.0
Tanzania,1976,2186.62,996.0,Africa,16736216.0
Tanzania,1977,2175.0618,993.0,Africa,17352936.0
Tanzania,1978,2154.3896,993.0,Africa,17976569.0
Tanzania,1979,2177.2925,977.0,Africa,18592045.0
Tanzania,1980,2165.7314,958.0,Africa,19189769.0
Tanzania,1981,2142.1506,920.0,Africa,19784713.0
Tanzania,1982,2176.252,905.0,Africa,20398574.0
Tanzania,1983,2144.8733,875.0,Africa,21079877.0
Tanzania,1984,2177.8245,870.0,Africa,21779064.0
Tanzania,1985,2191.6326,843.0,Africa,22501696.0
Tanzania,1986,2190.912,845.0,Africa,23258959.0
Tanzania,1987,2194.226,859.0,Africa,24030376.0
Tanzania,1988,2144.045,867.0,Africa,24769690.0
Tanzania,1989,2204.7693,870.0,Africa,25438759.0
Tanzania,1990,2134.632,875.0,Africa,26110210.0
Tanzania,1991,2194.0583,891.8943,Africa,26780440.0
Tanzania,1992,2127.6885,895.4806,Africa,27457599.0
Tanzania,1993,2086.9778,900.4133,Africa,28332691.0
Tanzania,1994,2057.4314,904.75745,Africa,29442357.0
Tanzania,1995,2000.6361,931.00275,Africa,30383496.0
Tanzania,1996,2029.0728,979.7304,Africa,30945761.0
Tanzania,1997,2004.5018,1017.1681,Africa,31578093.0
Tanzania,1998,2074.2798,1052.0751,Africa,32420461.0
Tanzania,1999,2052.7415,1100.3531,Africa,33300335.0
Tanzania,2000,1991.0048,1148.6802,Africa,34260142.0
Tanzania,2001,2013.4989,1213.6268,Africa,35198303.0
Tanzania,2002,2090.5906,1293.2051,Africa,36121301.0
Tanzania,2003,1965.4337,1369.9391,Africa,37089555.0
Tanzania,2004,2079.0256,1464.3854,Africa,38109666.0
Tanzania,2005,2114.4976,1554.1523,Africa,39182083.0
Tanzania,2006,2122.2493,1621.9966,Africa,40294900.0
Tanzania,2007,2198.134,1754.4626,Africa,41435508.0
Tanzania,2008,2121.146,1848.1746,Africa,42570728.0
Tanzania,2009,2133.2944,1946.8481,Africa,43633975.0
Tanzania,2010,2246.1187,2068.8638,Africa,44758491.0
Tanzania,2011,2295.371,2227.0,Africa,46029371.0
Tanzania,2012,2326.0488,2271.4644,Africa,47374261.0
Tanzania,2013,2364.1057,2353.3416,Africa,48824134.0
Tanzania,2014,2376.8994,2436.4563,Africa,50351506.0
Tanzania,2015,2378.7964,2505.9724,Africa,52020958.0
Tanzania,2016,2392.753,2592.6619,Africa,53824012.0
Tanzania,2017,2379.633,2683.0535,Africa,55652888.0
Tanzania,2018,2362.9849,2785.1824,Africa,57437134.0
Tanzania,2019,2387.1372,2894.6472,Africa,59174889.0
Tanzania,2020,2401.9026,2948.4724,Africa,60972803.0
Tanzania,2021,2417.5652,3008.113,Africa,62830410.0
Tanzania,2022,2386.3342,3057.3286,Africa,64711822.0
Thailand,1961,1980.2542,1753.0,Asia,27650335.0
Thailand,1962,2107.9243,1831.0,Asia,28481048.0
Thailand,1963,2218.0774,1921.0,Asia,29342315.0
Thailand,1964,2208.7085,1991.0,Asia,30232136.0
Thailand,1965,2107.1526,2085.0,Asia,31149337.0
Thailand,1966,2329.594,2251.0,Asia,32086073.0
Thailand,1967,2161.1077,2369.0,Asia,33037797.0
Thailand,1968,2226.1362,2488.0,Asia,34002562.0
Thailand,1969,2238.9543,2608.0,Asia,34973784.0
Thailand,1970,2246.3171,2700.0,Asia,35954411.0
Thailand,1971,2254.6812,2750.0,Asia,36937392.0
Thailand,1972,2234.302,2786.0,Asia,37933932.0
Thailand,1973,2336.6433,2987.0,Asia,38947791.0
Thailand,1974,2346.2173,3045.0,Asia,39952896.0
Thailand,1975,2352.408,3123.0,Asia,40939999.0
Thailand,1976,2298.7126,3333.0,Asia,41896511.0
Thailand,1977,2253.3623,3585.0,Asia,42843973.0
Thailand,1978,2452.658,3861.0,Asia,43788976.0
Thailand,1979,2267.0657,3979.0,Asia,44718436.0
Thailand,1980,2251.7122,4071.0,Asia,45650031.0
Thailand,1981,2280.3096,4230.0,Asia,46575851.0
Thailand,1982,2108.0122,4375.0,Asia,47494577.0
Thailand,1983,2229.4033,4538.0,Asia,48423309.0
Thailand,1984,2168.791,4720.0,Asia,49351711.0
Thailand,1985,2139.4177,4862.0,Asia,50270754.0
Thailand,1986,2170.7502,5053.0,Asia,51177832.0
Thailand,1987,2144.204,5453.0,Asia,52074109.0
Thailand,1988,2159.0786,6089.0,Asia,52969595.0
Thailand,1989,2136.9368,6735.0,Asia,53848955.0
Thailand,1990,2253.4656,7385.0,Asia,54738329.0
Thailand,1991,2322.8215,7849.7446,Asia,55637436.0
Thailand,1992,2316.484,8409.0205,Asia,56528832.0
Thailand,1993,2291.1108,8964.292,Asia,57408198.0
Thailand,1994,2372.3345,9499.518,Asia,58260855.0
Thailand,1995,2410.332,10080.208,Asia,59098231.0
Thailand,1996,2542.7144,10458.358,Asia,59920059.0
Thailand,1997,2517.3586,9995.618,Asia,60724588.0
Thailand,1998,2573.8137,9077.748,Asia,61522632.0
Thailand,1999,2530.242,9347.061,Asia,62299039.0
Thailand,2000,2576.5244,9627.1045,Asia,63007815.0
Thailand,2001,2554.4224,9818.721,Asia,63651137.0
Thailand,2002,2610.83,10276.398,Asia,64266433.0
Thailand,2003,2626.5164,10868.836,Asia,64868164.0
Thailand,2004,2636.2144,11408.326,Asia,65452049.0
Thailand,2005,2701.1128,11742.128,Asia,66017415.0
Thailand,2006,2767.2837,12180.711,Asia,66567685.0
Thailand,2007,2723.733,12694.715,Asia,67102388.0
Thailand,2008,2698.4988,12768.129,Asia,67619835.0
Thailand,2009,2659.989,12543.398,Asia,68121077.0
Thailand,2010,2742.8875,13343.547,Asia,68579443.0
Thailand,2011,2730.8213,13318.0,Asia,69007212.0
Thailand,2012,2752.7222,14202.251,Asia,69436091.0
Thailand,2013,2722.8406,14504.184,Asia,69845112.0
Thailand,2014,2760.611,14571.971,Asia,70216362.0
Thailand,2015,2775.5615,14960.908,Asia,70540787.0
Thailand,2016,2763.1172,15411.534,Asia,70859835.0
Thailand,2017,2751.8616,15994.506,Asia,71160183.0
Thailand,2018,2777.0461,16610.05,Asia,71376081.0
Thailand,2019,2800.5254,16905.293,Asia,71522264.0
Thailand,2020,2850.377,15815.915,Asia,71641484.0
Thailand,2021,2858.2908,16019.519,Asia,71727338.0
Thailand,2022,2876.504,16421.072,Asia,71735321.0
Togo,1961,1914.5424,1103.0,Africa,1702715.0
Togo,1962,2043.9824,1117.0,Africa,1732964.0
Togo,1963,1975.8866,1143.0,Africa,1765073.0
Togo,1964,2041.2732,1275.0,Africa,1803448.0
Togo,1965,2094.564,1412.0,Africa,1853774.0
Togo,1966,2062.9412,1503.0,Africa,1918520.0
Togo,1967,2146.0054,1546.0,Africa,1995892.0
Togo,1968,2048.691,1581.0,Africa,2080226.0
Togo,1969,1941.1669,1707.0,Africa,2164819.0
Togo,1970,1971.043,1631.0,Africa,2244779.0
Togo,1971,2068.1343,1699.0,Africa,2317982.0
Togo,1972,2045.3518,1709.0,Africa,2384998.0
Togo,1973,1929.863,1591.0,Africa,2448752.0
Togo,1974,1811.084,1612.0,Africa,2511761.0
Togo,1975,1763.5365,1556.0,Africa,2574622.0
Togo,1976,1694.4781,1505.0,Africa,2637801.0
Togo,1977,1667.8958,1543.0,Africa,2701902.0
Togo,1978,1760.665,1650.0,Africa,2768154.0
Togo,1979,1894.8699,1698.0,Africa,2839851.0
Togo,1980,1908.7664,1572.0,Africa,2920907.0
Togo,1981,1888.9495,1423.0,Africa,3013044.0
Togo,1982,1846.2971,1323.0,Africa,3115043.0
Togo,1983,1746.364,1211.0,Africa,3222902.0
Togo,1984,1782.5289,1239.0,Africa,3332838.0
Togo,1985,1926.5973,1240.0,Africa,3441100.0
Togo,1986,1756.9248,1237.0,Africa,3547956.0
Togo,1987,1674.0616,1165.0,Africa,3657511.0
Togo,1988,1842.3494,1239.0,Africa,3769752.0
Togo,1989,1866.5007,1246.0,Africa,3883414.0
Togo,1990,1980.792,1275.0,Africa,3998758.0
Togo,1991,1823.2822,1249.168,Africa,4115567.0
Togo,1992,1784.6575,1181.8712,Africa,4233619.0
Togo,1993,1900.5847,1003.16486,Africa,4207462.0
Togo,1994,2021.719,1145.7776,Africa,4222942.0
Togo,1995,1987.167,1170.5977,Africa,4410834.0
Togo,1996,2026.2516,1215.74,Africa,4577864.0
Togo,1997,2053.236,1226.327,Africa,4725037.0
Togo,1998,2018.2174,1174.8528,Africa,4860915.0
Togo,1999,2037.5718,1183.013,Africa,5000270.0
Togo,2000,2054.8289,1150.366,Africa,5140046.0
Togo,2001,2038.4637,1115.5503,Africa,5277386.0
Togo,2002,2041.7325,1081.7445,Africa,5413279.0
Togo,2003,2082.887,1114.4639,Africa,5552169.0
Togo,2004,2128.3035,1121.8059,Africa,5696513.0
Togo,2005,2121.3499,1119.8043,Africa,5844637.0
Togo,2006,2159.6814,1144.8815,Africa,6010673.0
Togo,2007,2163.9573,1145.9207,Africa,6188350.0
Togo,2008,2177.1523,1150.3579,Africa,6368820.0
Togo,2009,2194.3298,1165.8888,Africa,6551868.0
Togo,2010,2356.276,1191.1449,Africa,6732596.0
Togo,2011,2353.519,1227.0,Africa,6916478.0
Togo,2012,2330.8142,1263.0,Africa,7100743.0
Togo,2013,2354.012,1292.0,Africa,7285448.0
Togo,2014,2367.5156,1334.0,Africa,7472457.0
Togo,2015,2291.432,1370.0,Africa,7663199.0
Togo,2016,2339.9382,1412.9878,Africa,7858297.0
Togo,2017,2317.087,1433.7917,Africa,8057138.0
Togo,2018,2303.4924,1466.341,Africa,8258782.0
Togo,2019,2372.7688,1501.8667,Africa,8463070.0
Togo,2020,2431.3953,1482.7515,Africa,8669721.0
Togo,2021,2484.6829,1534.8236,Africa,8878382.0
Togo,2022,2527.3928,1586.5889,Africa,9089742.0
Trinidad and Tobago,1961,2282.8772,10155.0,Latin America & Caribbean,863152.0
Trinidad and Tobago,1962,2357.451,10383.0,Latin America & Caribbean,880205.0
Trinidad and Tobago,1963,2356.9387,10708.0,Latin America & Caribbean,896812.0
Trinidad and Tobago,1964,2354.0044,10841.0,Latin America & Caribbean,912972.0
Trinidad and Tobago,1965,2371.273,11206.0,Latin America & Caribbean,928433.0
Trinidad and Tobago,1966,2374.7676,11531.0,Latin America & Caribbean,942947.0
Trinidad and Tobago,1967,2324.6116,11679.0,Latin America & Caribbean,956429.0
Trinidad and Tobago,1968,2225.1626,12248.0,Latin America & Caribbean,969006.0
Trinidad and Tobago,1969,2370.0757,12588.0,Latin America & Caribbean,980713.0
Trinidad and Tobago,1970,2348.1118,13141.0,Latin America & Caribbean,991480.0
Trinidad and Tobago,1971,2409.576,13185.0,Latin America & Caribbean,1002588.0
Trinidad and Tobago,1972,2399.283,13753.0,Latin America & Caribbean,1014927.0
Trinidad and Tobago,1973,2451.1401,13844.0,Latin America & Caribbean,1027860.0
Trinidad and Tobago,1974,2543.348,14430.0,Latin America & Caribbean,1040768.0
Trinidad and Tobago,1975,2484.6309,14534.0,Latin America & Caribbean,1053468.0
Trinidad and Tobago,1976,2597.9214,15696.0,Latin America & Caribbean,1066314.0
Trinidad and Tobago,1977,2582.7559,16412.0,Latin America & Caribbean,1079560.0
Trinidad and Tobago,1978,2704.9048,18042.0,Latin America & Caribbean,1093393.0
Trinidad and Tobago,1979,2703.2578,18568.0,Latin America & Caribbean,1107652.0
Trinidad and Tobago,1980,2888.1748,19734.0,Latin America & Caribbean,1121750.0
Trinidad and Tobago,1981,2882.9934,20298.0,Latin America & Caribbean,1135140.0
Trinidad and Tobago,1982,2918.874,18771.0,Latin America & Caribbean,1147932.0
Trinidad and Tobago,1983,2944.3267,16982.0,Latin America & Caribbean,1160537.0
Trinidad and Tobago,1984,2964.4436,17680.0,Latin America & Caribbean,1172985.0
Trinidad and Tobago,1985,2848.1838,16671.0,Latin America & Caribbean,1187370.0
Trinidad and Tobago,1986,2978.8652,15871.0,Latin America & Caribbean,1203132.0
Trinidad and Tobago,1987,2881.0745,14929.0,Latin America & Caribbean,1217367.0
Trinidad and Tobago,1988,2722.3591,14198.0,Latin America & Caribbean,1230071.0
Trinidad and Tobago,1989,2620.4126,13970.0,Latin America & Caribbean,1241606.0
Trinidad and Tobago,1990,2562.6367,14112.0,Latin America & Caribbean,1252215.0
Trinidad and Tobago,1991,2599.9902,14060.736,Latin America & Caribbean,1262174.0
Trinidad and Tobago,1992,2497.966,14195.952,Latin America & Caribbean,1271681.0
Trinidad and Tobago,1993,2473.4778,13745.797,Latin America & Caribbean,1280474.0
Trinidad and Tobago,1994,2474.089,13350.896,Latin America & Caribbean,1288353.0
Trinidad and Tobago,1995,2515.4902,14187.659,Latin America & Caribbean,1295167.0
Trinidad and Tobago,1996,2552.8677,15004.265,Latin America & Caribbean,1300937.0
Trinidad and Tobago,1997,2526.1755,15931.672,Latin America & Caribbean,1305838.0
Trinidad and Tobago,1998,2567.9783,17013.754,Latin America & Caribbean,1310226.0
Trinidad and Tobago,1999,2572.8923,18159.916,Latin America & Caribbean,1314711.0
Trinidad and Tobago,2000,2668.0457,19179.918,Latin America & Caribbean,1319781.0
Trinidad and Tobago,2001,2717.5447,19736.68,Latin America & Caribbean,1325573.0
Trinidad and Tobago,2002,2676.8577,21052.45,Latin America & Caribbean,1332017.0
Trinidad and Tobago,2003,2636.639,23814.066,Latin America & Caribbean,1338718.0
Trinidad and Tobago,2004,2661.7195,25403.27,Latin America & Caribbean,1345386.0
Trinidad and Tobago,2005,2643.8064,26651.834,Latin America & Caribbean,1352040.0
Trinidad and Tobago,2006,2686.161,29792.424,Latin America & Caribbean,1358706.0
Trinidad and Tobago,2007,2729.6045,30806.174,Latin America & Caribbean,1365381.0
Trinidad and Tobago,2008,2712.3936,31434.305,Latin America & Caribbean,1372090.0
Trinidad and Tobago,2009,2725.5188,29657.463,Latin America & Caribbean,1379056.0
Trinidad and Tobago,2010,2961.5693,30235.994,Latin America & Caribbean,1386657.0
Trinidad and Tobago,2011,3023.5344,29745.0,Latin America & Caribbean,1394990.0
Trinidad and Tobago,2012,3046.828,30944.223,Latin America & Caribbean,1403814.0
Trinidad and Tobago,2013,3075.199,31976.953,Latin America & Caribbean,1412658.0
Trinidad and Tobago,2014,3044.6165,32878.203,Latin America & Caribbean,1421135.0
Trinidad and Tobago,2015,3046.5583,32480.59,Latin America & Caribbean,1429190.0
Trinidad and Tobago,2016,3030.241,30158.125,Latin America & Caribbean,1437031.0
Trinidad and Tobago,2017,3048.3857,28618.176,Latin America & Caribbean,1445265.0
Trinidad and Tobago,2018,3033.4724,27863.434,Latin America & Caribbean,1470522.0
Trinidad and Tobago,2019,3022.9941,27582.568,Latin America & Caribbean,1484898.0
Trinidad and Tobago,2020,3027.0725,25548.51,Latin America & Caribbean,1481026.0
Trinidad and Tobago,2021,2998.732,25237.664,Latin America & Caribbean,1487715.0
Trinidad and Tobago,2022,2984.954,25773.006,Latin America & Caribbean,1495923.0
Tunisia,1961,2082.6077,2289.0,Africa,4316281.0
Tunisia,1962,2160.1482,2198.0,Africa,4369139.0
Tunisia,1963,2227.7615,2480.0,Africa,4427131.0
Tunisia,1964,2239.3184,2533.0,Africa,4489875.0
Tunisia,1965,2328.267,2635.0,Africa,4561390.0
Tunisia,1966,2251.359,2636.0,Africa,4652294.0
Tunisia,1967,2358.311,2558.0,Africa,4760975.0
Tunisia,1968,2346.8994,2766.0,Africa,4879909.0
Tunisia,1969,2257.9775,2805.0,Africa,5004694.0
Tunisia,1970,2297.5781,2912.0,Africa,5131394.0
Tunisia,1971,2387.4526,3159.0,Africa,5261660.0
Tunisia,1972,2524.5764,3645.0,Africa,5396564.0
Tunisia,1973,2505.7158,3540.0,Africa,5537244.0
Tunisia,1974,2573.2869,3735.0,Africa,5684686.0
Tunisia,1975,2546.5725,3899.0,Africa,5839266.0
Tunisia,1976,2493.2495,4095.0,Africa,5996993.0
Tunisia,1977,2585.6567,4132.0,Africa,6155927.0
Tunisia,1978,2662.5613,4304.0,Africa,6309393.0
Tunisia,1979,2685.3691,4481.0,Africa,6456418.0
Tunisia,1980,2818.751,4693.0,Africa,6606194.0
Tunisia,1981,2742.99,4830.0,Africa,6758291.0
Tunisia,1982,2751.684,4713.0,Africa,6908649.0
Tunisia,1983,2898.9395,4844.0,Africa,7053797.0
Tunisia,1984,2957.763,4890.0,Africa,7220050.0
Tunisia,1985,2972.6548,5039.0,Africa,7409907.0
Tunisia,1986,3038.0393,4841.0,Africa,7600300.0
Tunisia,1987,3021.947,5043.0,Africa,7789990.0
Tunisia,1988,3069.3652,4940.0,Africa,7974447.0
Tunisia,1989,3069.3489,5023.0,Africa,8151665.0
Tunisia,1990,3082.1985,5316.0,Africa,8324509.0
Tunisia,1991,3044.1,5446.228,Africa,8501826.0
Tunisia,1992,3077.55,5789.955,Africa,8682509.0
Tunisia,1993,3098.5708,5843.0684,Africa,8857916.0
Tunisia,1994,3049.3323,5968.8447,Africa,9018447.0
Tunisia,1995,3064.1926,6048.7476,Africa,9161263.0
Tunisia,1996,3137.9304,6388.394,Africa,9294433.0
Tunisia,1997,3182.5107,6680.1035,Africa,9421273.0
Tunisia,1998,3235.6123,6944.661,Africa,9541669.0
Tunisia,1999,3302.3806,7297.4746,Africa,9655966.0
Tunisia,2000,3180.4397,7548.438,Africa,9764940.0
Tunisia,2001,3185.1658,7848.094,Africa,9869679.0
Tunisia,2002,3120.1108,7916.6797,Africa,9971521.0
Tunisia,2003,3167.7349,8281.715,Africa,10071638.0
Tunisia,2004,3177.977,8705.084,Africa,10166170.0
Tunisia,2005,3155.7996,8983.384,Africa,10255474.0
Tunisia,2006,3214.0315,9420.023,Africa,10346408.0
Tunisia,2007,3199.7693,9932.938,Africa,10441705.0
Tunisia,2008,3254.5066,10294.922,Africa,10542637.0
Tunisia,2009,3291.262,10533.218,Africa,10650682.0
Tunisia,2010,3299.8438,10721.812,Africa,10765984.0
Tunisia,2011,3314.8545,10437.0,Africa,10886041.0
Tunisia,2012,3341.6824,10750.85,Africa,11009649.0
Tunisia,2013,3335.3345,10881.511,Africa,11141365.0
Tunisia,2014,3370.114,11084.781,Africa,11274295.0
Tunisia,2015,3389.07,11063.081,Africa,11402270.0
Tunisia,2016,3380.6685,11064.023,Africa,11528676.0
Tunisia,2017,3394.9072,11194.365,Africa,11650504.0
Tunisia,2018,3445.379,11376.29,Africa,11765515.0
Tunisia,2019,3498.6584,11451.897,Africa,11875084.0
Tunisia,2020,3527.308,10354.239,Africa,11974058.0
Tunisia,2021,3531.2676,10726.256,Africa,12048625.0
Tunisia,2022,3539.61,10913.846,Africa,12119338.0
Turkey,1961,2866.5984,3022.0,Asia,29119235.0
Turkey,1962,2816.962,3142.0,Asia,29916149.0
Turkey,1963,2899.3203,3374.0,Asia,30726846.0
Turkey,1964,2884.9495,3453.0,Asia,31543074.0
Turkey,1965,2867.565,3481.0,Asia,32345213.0
Turkey,1966,2958.833,3824.0,Asia,33177679.0
Turkey,1967,2922.6663,3929.0,Asia,34050420.0
Turkey,1968,2932.5525,4122.0,Asia,34921681.0
Turkey,1969,2904.487,4267.0,Asia,35787778.0
Turkey,1970,2980.9893,4398.0,Asia,36638458.0
Turkey,1971,3048.4312,4715.0,Asia,37518610.0
Turkey,1972,3100.7847,4929.0,Asia,38430215.0
Turkey,1973,3019.4187,5050.0,Asia,39329533.0
Turkey,1974,3033.4578,5353.0,Asia,40210234.0
Turkey,1975,3149.9138,5719.0,Asia,41053123.0
Turkey,1976,3228.1792,6110.0,Asia,41899990.0
Turkey,1977,3172.4033,6271.0,Asia,42773301.0
Turkey,1978,3175.8904,6350.0,Asia,43645306.0
Turkey,1979,3255.7273,6204.0,Asia,44510430.0
Turkey,1980,3331.9536,6070.0,Asia,45408818.0
Turkey,1981,3242.1328,6201.0,Asia,46321190.0
Turkey,1982,3318.474,6381.0,Asia,47322104.0
Turkey,1983,3329.7788,6489.0,Asia,48447413.0
Turkey,1984,3318.987,6736.0,Asia,49574065.0
Turkey,1985,3518.0422,6958.0,Asia,50687118.0
Turkey,1986,3505.875,7323.0,Asia,51777768.0
Turkey,1987,3568.1487,7838.0,Asia,52843671.0
Turkey,1988,3597.8887,8019.0,Asia,53909628.0
Turkey,1989,3593.607,7992.0,Asia,54976719.0
Turkey,1990,3638.8262,8606.0,Asia,56015627.0
Turkey,1991,3586.8962,8658.379,Asia,57009892.0
Turkey,1992,3570.8435,9150.435,Asia,57990121.0
Turkey,1993,3584.5046,9865.301,Asia,58999164.0
Turkey,1994,3577.6704,9308.695,Asia,60033832.0
Turkey,1995,3562.6548,9962.536,Asia,61024501.0
Turkey,1996,3536.7698,10644.634,Asia,61951134.0
Turkey,1997,3461.741,11432.437,Asia,62852968.0
Turkey,1998,3518.739,11772.83,Asia,63734385.0
Turkey,1999,3486.4856,11151.674,Asia,64591916.0
Turkey,2000,3535.954,11904.008,Asia,65425957.0
Turkey,2001,3503.746,10950.992,Asia,66245125.0
Turkey,2002,3497.9653,11753.953,Asia,67048792.0
Turkey,2003,3487.8298,12380.207,Asia,67831735.0
Turkey,2004,3517.1016,13423.795,Asia,68592621.0
Turkey,2005,3528.3647,14487.758,Asia,69329557.0
Turkey,2006,3573.0996,15425.188,Asia,70045351.0
Turkey,2007,3565.682,16090.835,Asia,70750593.0
Turkey,2008,3534.8,16182.732,Asia,71562343.0
Turkey,2009,3559.8455,15188.421,Asia,72464846.0
Turkey,2010,3643.054,16528.12,Asia,73346766.0
Turkey,2011,3650.9346,17919.0,Asia,74215203.0
Turkey,2012,3694.2478,18539.223,Asia,75197196.0
Turkey,2013,3708.5322,19855.717,Asia,76403032.0
Turkey,2014,3666.4033,20557.4,Asia,78036154.0
Turkey,2015,3698.7979,21519.33,Asia,80014222.0
Turkey,2016,3652.14,21937.162,Asia,81652087.0
Turkey,2017,3699.1553,23278.996,Asia,83083667.0
Turkey,2018,3716.2178,23650.49,Asia,84415966.0
Turkey,2019,3718.4788,23497.504,Asia,85357670.0
Turkey,2020,3743.0295,23721.88,Asia,86091691.0
Turkey,2021,3745.701,26175.93,Asia,86686254.0
Turkey,2022,3784.9302,27361.988,Asia,87058469.0
Turkmenistan,1992,2520.3005,4587.7637,Asia,3944689.0
Turkmenistan,1993,2552.1619,4604.3843,Asia,4032415.0
Turkmenistan,1994,2533.2214,3769.6248,Asia,4116662.0
Turkmenistan,1995,2537.0571,3473.6802,Asia,4191207.0
Turkmenistan,1996,2511.461,3226.9849,Asia,4263818.0
Turkmenistan,1997,2539.5713,2856.1487,Asia,4336732.0
Turkmenistan,1998,2550.9968,3037.7043,Asia,4410511.0
Turkmenistan,1999,2577.9827,3527.1604,Asia,4492174.0
Turkmenistan,2000,2566.4297,4173.195,Asia,4582675.0
Turkmenistan,2001,2553.7612,5014.0625,Asia,4675416.0
Turkmenistan,2002,2586.701,5795.641,Asia,4769473.0
Turkmenistan,2003,2620.303,6784.561,Asia,4863871.0
Turkmenistan,2004,2665.816,7781.7437,Asia,4958091.0
Turkmenistan,2005,2660.51,8791.676,Asia,5052260.0
Turkmenistan,2006,2644.919,9752.355,Asia,5147103.0
Turkmenistan,2007,2687.4392,10829.376,Asia,5244047.0
Turkmenistan,2008,2642.5461,12426.719,Asia,5345033.0
Turkmenistan,2009,2624.854,13188.448,Asia,5451597.0
Turkmenistan,2010,2682.9521,14397.149,Asia,5564356.0
Turkmenistan,2011,2649.4983,16518.0,Asia,5683413.0
Turkmenistan,2012,2657.867,17333.729,Asia,5808548.0
Turkmenistan,2013,2658.0479,17080.463,Asia,5939348.0
Turkmenistan,2014,2723.7864,17536.766,Asia,6075286.0
Turkmenistan,2015,2709.8667,17857.26,Asia,6215773.0
Turkmenistan,2016,2672.6875,17484.646,Asia,6360041.0
Turkmenistan,2017,2662.456,18104.434,Asia,6507065.0
Turkmenistan,2018,2628.8713,18064.107,Asia,6655523.0
Turkmenistan,2019,2581.987,17264.172,Asia,6803943.0
Turkmenistan,2020,2579.1519,16580.84,Asia,6949915.0
Turkmenistan,2021,2574.0408,17169.06,Asia,7092042.0
Turkmenistan,2022,2521.2112,17234.555,Asia,7230197.0
USSR,1961,3103.3972,6532.0,Europe,217264536.0
USSR,1962,3166.409,6599.0,Europe,220696257.0
USSR,1963,3215.688,6352.0,Europe,223938088.0
USSR,1964,3219.8867,7076.0,Europe,226984812.0
USSR,1965,3230.1694,7387.0,Europe,229779988.0
USSR,1966,3225.389,7657.0,Europe,232436897.0
USSR,1967,3254.6047,7911.0,Europe,235000695.0
USSR,1968,3312.046,8292.0,Europe,237458208.0
USSR,1969,3309.8638,8329.0,Europe,239820178.0
USSR,1970,3366.6067,8886.0,Europe,241944983.0
USSR,1971,3344.9053,9033.0,Europe,244072114.0
USSR,1972,3298.1926,8995.0,Europe,246381197.0
USSR,1973,3340.5288,9658.0,Europe,248657683.0
USSR,1974,3373.2585,9844.0,Europe,250947624.0
USSR,1975,3355.6301,9779.0,Europe,253335660.0
USSR,1976,3414.6602,10143.0,Europe,255860735.0
USSR,1977,3370.6377,10288.0,Europe,258479870.0
USSR,1978,3386.3672,10455.0,Europe,261043781.0
USSR,1979,3381.762,10316.0,Europe,263352165.0
USSR,1980,3377.0752,10245.0,Europe,265483689.0
USSR,1981,3355.0906,10254.0,Europe,267670776.0
USSR,1982,3376.7336,10418.0,Europe,269985288.0
USSR,1983,3382.8843,10659.0,Europe,272555793.0
USSR,1984,3382.1287,10694.0,Europe,275223958.0
USSR,1985,3373.2378,10692.0,Europe,277862903.0
USSR,1986,3355.5088,11035.0,Europe,280721586.0
USSR,1987,3392.8472,11081.0,Europe,283735629.0
USSR,1988,3381.466,11226.0,Europe,286649707.0
USSR,1989,3333.541,11336.0,Europe,289122632.0
USSR,1990,3356.5864,10989.0,Europe,291066478.0
USSR,1991,3015.039,10388.253,Europe,292664161.0
Uganda,1961,2060.5098,1093.0,Africa,7862221.0
Uganda,1962,2034.5143,1106.0,Africa,8092231.0
Uganda,1963,2064.5342,1197.0,Africa,8333660.0
Uganda,1964,2040.6133,1251.0,Africa,8586366.0
Uganda,1965,2095.5994,1242.0,Africa,8849209.0
Uganda,1966,1978.9685,1280.0,Africa,9122864.0
Uganda,1967,2161.4558,1310.0,Africa,9408922.0
Uganda,1968,2178.8064,1304.0,Africa,9708633.0
Uganda,1969,2154.684,1404.0,Africa,10014863.0
Uganda,1970,2210.1294,1382.0,Africa,10321608.0
Uganda,1971,2176.842,1385.0,Africa,10618207.0
Uganda,1972,2226.8357,1364.0,Africa,10885795.0
Uganda,1973,2132.5344,1331.0,Africa,11144237.0
Uganda,1974,2176.9026,1302.0,Africa,11424845.0
Uganda,1975,2181.9768,1243.0,Africa,11725240.0
Uganda,1976,2225.723,1219.0,Africa,12037302.0
Uganda,1977,2202.3792,1207.0,Africa,12359671.0
Uganda,1978,2126.6982,1111.0,Africa,12692122.0
Uganda,1979,2008.2634,966.0,Africa,13002167.0
Uganda,1980,1934.1505,912.0,Africa,13275751.0
Uganda,1981,2006.9274,923.0,Africa,13556457.0
Uganda,1982,2139.7324,972.0,Africa,13873637.0
Uganda,1983,2249.7573,1014.0,Africa,14221891.0
Uganda,1984,2123.269,897.0,Africa,14607679.0
Uganda,1985,2030.7637,886.0,Africa,15023679.0
Uganda,1986,2054.2212,858.0,Africa,15467581.0
Uganda,1987,2110.7366,877.0,Africa,15954165.0
Uganda,1988,2183.8628,902.0,Africa,16470485.0
Uganda,1989,2313.0127,929.0,Africa,17010704.0
Uganda,1990,2325.3726,932.0,Africa,17569895.0
Uganda,1991,2272.0125,915.40533,Africa,18155901.0
Uganda,1992,2220.35,934.82623,Africa,18785037.0
Uganda,1993,2241.2512,959.1882,Africa,19445161.0
Uganda,1994,2225.918,994.5334,Africa,20108804.0
Uganda,1995,2244.1504,1054.714,Africa,20665673.0
Uganda,1996,2147.7017,1091.5275,Africa,21231553.0
Uganda,1997,2177.575,1107.501,Africa,21856044.0
Uganda,1998,2292.5884,1137.6382,Africa,22515809.0
Uganda,1999,2273.2449,1185.4313,Africa,23257279.0
Uganda,2000,2293.0554,1191.9539,Africa,24000158.0
Uganda,2001,2311.5405,1255.8844,Africa,24745678.0
Uganda,2002,2367.4263,1301.0588,Africa,25532872.0
Uganda,2003,2425.919,1335.0305,Africa,26352124.0
Uganda,2004,2404.0283,1364.6852,Africa,27154513.0
Uganda,2005,2390.387,1451.0973,Africa,27963287.0
Uganda,2006,2348.4832,1501.3855,Africa,28794005.0
Uganda,2007,2292.2317,1569.8298,Africa,29653437.0
Uganda,2008,2265.354,1679.3995,Africa,30539547.0
Uganda,2009,2292.559,1757.3862,Africa,31451147.0
Uganda,2010,2343.9136,1831.2906,Africa,32390801.0
Uganda,2011,2298.5706,1890.0,Africa,33354541.0
Uganda,2012,2308.6091,1878.8959,Africa,34337436.0
Uganda,2013,2290.7375,1895.4644,Africa,35337050.0
Uganda,2014,2234.861,1941.1904,Africa,36395542.0
Uganda,2015,2154.87,2026.8052,Africa,37531444.0
Uganda,2016,2026.3107,1953.0966,Africa,38799153.0
Uganda,2017,2051.648,1998.5995,Africa,40177384.0
Uganda,2018,2137.263,2036.3313,Africa,41565839.0
Uganda,2019,2125.468,2128.9087,Africa,42999636.0
Uganda,2020,2159.1553,2032.2618,Africa,44457148.0
Uganda,2021,2172.2327,2083.8281,Africa,45910931.0
Uganda,2022,2163.469,2122.0278,Africa,47312718.0
Ukraine,1992,3323.5208,8130.277,Europe,52323675.0
Ukraine,1993,3192.7588,7090.2573,Europe,52350122.0
Ukraine,1994,2940.7444,5585.413,Europe,52076000.0
Ukraine,1995,2852.0852,5024.1816,Europe,51665535.0
Ukraine,1996,2780.833,4636.6265,Europe,51226111.0
Ukraine,1997,2833.4954,4612.4043,Europe,50786881.0
Ukraine,1998,2806.217,4640.199,Europe,50379728.0
Ukraine,1999,2756.0903,4751.3164,Europe,49976445.0
Ukraine,2000,2866.801,5165.808,Europe,49556654.0
Ukraine,2001,2956.457,5793.6597,Europe,49106854.0
Ukraine,2002,3018.177,6262.9824,Europe,48677280.0
Ukraine,2003,3019.9019,7029.5703,Europe,48315133.0
Ukraine,2004,3158.751,8049.3955,Europe,47979502.0
Ukraine,2005,3179.674,8496.677,Europe,47585558.0
Ukraine,2006,3216.0266,9355.988,Europe,47278691.0
Ukraine,2007,3224.6743,10355.818,Europe,47062802.0
Ukraine,2008,3271.7778,10824.076,Europe,46819168.0
Ukraine,2009,3149.7148,9381.225,Europe,46623731.0
Ukraine,2010,3097.0466,9601.209,Europe,46455997.0
Ukraine,2011,3139.923,10333.0,Europe,46307854.0
Ukraine,2012,3121.913,10381.639,Europe,46210051.0
Ukraine,2013,3111.2046,10405.39,Europe,46126760.0
Ukraine,2014,3085.3872,9817.459,Europe,45972379.0
Ukraine,2015,3023.196,8959.174,Europe,45784904.0
Ukraine,2016,3012.3137,9221.608,Europe,45616831.0
Ukraine,2017,2982.7441,9477.51,Europe,45436037.0
Ukraine,2018,2938.9966,9827.172,Europe,45208903.0
Ukraine,2019,2894.4573,10139.761,Europe,44957451.0
Ukraine,2020,2874.8743,9769.828,Europe,44680008.0
Ukraine,2021,2885.6519,10133.885,Europe,44298642.0
Ukraine,2022,2757.9172,7749.0996,Europe,41048768.0
United Arab Emirates,1961,2052.9993,36949.0,Asia,138002.0
United Arab Emirates,1962,2086.567,38654.0,Asia,144963.0
United Arab Emirates,1963,2191.9814,39889.0,Asia,152223.0
United Arab Emirates,1964,2200.0225,40927.0,Asia,159702.0
United Arab Emirates,1965,2260.051,41705.0,Asia,167121.0
United Arab Emirates,1966,2422.8396,42213.0,Asia,173988.0
United Arab Emirates,1967,2577.8374,42416.0,Asia,179708.0
United Arab Emirates,1968,2655.5718,42040.0,Asia,199432.0
United Arab Emirates,1969,2461.3853,40639.0,Asia,239676.0
United Arab Emirates,1970,2372.1965,39135.0,Asia,286553.0
United Arab Emirates,1971,2261.7822,39540.0,Asia,335042.0
United Arab Emirates,1972,2268.0708,39540.0,Asia,385025.0
United Arab Emirates,1973,2931.2546,39669.0,Asia,436407.0
United Arab Emirates,1974,2791.551,45347.0,Asia,489098.0
United Arab Emirates,1975,3083.9043,40591.0,Asia,542868.0
United Arab Emirates,1976,3191.5205,40803.0,Asia,615871.0
United Arab Emirates,1977,3196.864,41915.0,Asia,710216.0
United Arab Emirates,1978,3262.8938,35936.0,Asia,809285.0
United Arab Emirates,1979,3121.1338,39534.0,Asia,912016.0
United Arab Emirates,1980,3391.6243,44168.0,Asia,1015711.0
United Arab Emirates,1981,3368.631,42456.0,Asia,1099864.0
United Arab Emirates,1982,3397.4844,36635.0,Asia,1166383.0
United Arab Emirates,1983,3423.771,32737.0,Asia,1235309.0
United Arab Emirates,1984,3569.915,32135.0,Asia,1306005.0
United Arab Emirates,1985,3398.9824,29562.0,Asia,1377918.0
United Arab Emirates,1986,3326.846,21949.0,Asia,1467386.0
United Arab Emirates,1987,3392.3125,21487.0,Asia,1574258.0
United Arab Emirates,1988,3242.3064,20215.0,Asia,1681797.0
United Arab Emirates,1989,3214.946,21072.0,Asia,1789858.0
United Arab Emirates,1990,2927.5122,22254.0,Asia,1898220.0
United Arab Emirates,1993,3084.9548,25558.756,Asia,2222098.0
United Arab Emirates,1994,3178.9968,28334.582,Asia,2328191.0
United Arab Emirates,1995,3142.2393,31239.918,Asia,2434667.0
United Arab Emirates,1996,3095.4446,34042.742,Asia,2597570.0
United Arab Emirates,1997,3017.9246,38168.465,Asia,2817410.0
United Arab Emirates,1998,2997.084,39667.793,Asia,3040432.0
United Arab Emirates,1999,2990.5747,42372.438,Asia,3266011.0
United Arab Emirates,2000,2853.9954,48888.03,Asia,3493583.0
United Arab Emirates,2001,2792.5264,51263.375,Asia,3723596.0
United Arab Emirates,2002,2733.6333,54077.47,Asia,3956829.0
United Arab Emirates,2003,2682.3652,59823.266,Asia,4192465.0
United Arab Emirates,2004,2713.9111,64925.67,Asia,4428964.0
United Arab Emirates,2005,2850.616,65599.055,Asia,4664797.0
United Arab Emirates,2006,3116.9138,67830.93,Asia,5009106.0
United Arab Emirates,2007,3283.6309,65412.8,Asia,5624640.0
United Arab Emirates,2008,3396.9817,63862.086,Asia,6302669.0
United Arab Emirates,2009,3647.8054,58860.535,Asia,6707063.0
United Arab Emirates,2010,3659.2266,60112.402,Asia,6938372.0
United Arab Emirates,2011,3695.1885,65307.0,Asia,7199436.0
United Arab Emirates,2012,3664.5972,66007.0,Asia,7497122.0
United Arab Emirates,2013,3590.8074,66825.305,Asia,7831851.0
United Arab Emirates,2014,3407.0342,67791.39,Asia,8236880.0
United Arab Emirates,2015,3278.7725,71319.61,Asia,8674633.0
United Arab Emirates,2016,3160.5442,74292.95,Asia,9030873.0
United Arab Emirates,2017,3160.6128,73973.29,Asia,9234330.0
United Arab Emirates,2018,3156.6736,74206.484,Asia,9346870.0
United Arab Emirates,2019,3246.753,74396.14,Asia,9377855.0
United Arab Emirates,2020,3243.9314,70188.27,Asia,9448529.0
United Arab Emirates,2021,3171.17,72460.04,Asia,9789055.0
United Arab Emirates,2022,3061.6863,77203.67,Asia,10242085.0
United Kingdom,1961,3241.328,14118.0,Europe,52884952.0
United Kingdom,1962,3205.1287,14131.0,Europe,53272836.0
United Kingdom,1963,3233.96,14583.0,Europe,53652939.0
United Kingdom,1964,3217.5552,15251.0,Europe,54009130.0
United Kingdom,1965,3249.3564,15545.0,Europe,54359022.0
United Kingdom,1966,3252.3508,15757.0,Europe,54676346.0
United Kingdom,1967,3232.817,16018.0,Europe,54973661.0
United Kingdom,1968,3231.4802,16593.0,Europe,55240654.0
United Kingdom,1969,3248.508,16820.0,Europe,55456208.0
United Kingdom,1970,3288.378,17162.0,Europe,55663801.0
United Kingdom,1971,3251.365,17440.0,Europe,55890372.0
United Kingdom,1972,3173.8303,18002.0,Europe,56079239.0
United Kingdom,1973,3241.3906,19168.0,Europe,56188787.0
United Kingdom,1974,3126.292,18903.0,Europe,56224550.0
United Kingdom,1975,3137.1685,18884.0,Europe,56220139.0
United Kingdom,1976,3183.709,19311.0,Europe,56201143.0
United Kingdom,1977,3177.1665,19740.0,Europe,56175829.0
United Kingdom,1978,3112.104,20448.0,Europe,56175553.0
United Kingdom,1979,3179.2092,20988.0,Europe,56218759.0
United Kingdom,1980,3127.8423,20612.0,Europe,56282102.0
United Kingdom,1981,3102.3865,20319.0,Europe,56304590.0
United Kingdom,1982,3133.4814,20650.0,Europe,56292761.0
United Kingdom,1983,3127.4297,21366.0,Europe,56332060.0
United Kingdom,1984,3139.0706,21869.0,Europe,56451312.0
United Kingdom,1985,3198.123,22579.0,Europe,56606416.0
United Kingdom,1986,3216.079,23498.0,Europe,56751926.0
United Kingdom,1987,3231.0264,24536.0,Europe,56886021.0
United Kingdom,1988,3252.6965,25679.0,Europe,57026539.0
United Kingdom,1989,3221.8306,26164.0,Europe,57182137.0
United Kingdom,1990,3244.2278,26189.0,Europe,57367867.0
United Kingdom,1991,3209.3823,25792.014,Europe,57555199.0
United Kingdom,1992,3271.8345,25790.186,Europe,57719273.0
United Kingdom,1993,3219.5552,26349.342,Europe,57861037.0
United Kingdom,1994,3237.4985,27277.543,Europe,58003200.0
United Kingdom,1995,3188.1968,27861.215,Europe,58154632.0
United Kingdom,1996,3272.9014,28472.248,Europe,58298563.0
United Kingdom,1997,3334.7708,29259.764,Europe,58447091.0
United Kingdom,1998,3359.3857,30077.385,Europe,58626822.0
United Kingdom,1999,3406.9536,30932.537,Europe,58838663.0
United Kingdom,2000,3368.8123,31946.037,Europe,59057333.0
United Kingdom,2001,3407.0483,32660.441,Europe,59288095.0
United Kingdom,2002,3422.8982,33271.3,Europe,59540764.0
United Kingdom,2003,3406.1733,34232.426,Europe,59820385.0
United Kingdom,2004,3447.693,34865.78,Europe,60169964.0
United Kingdom,2005,3434.0225,35623.625,Europe,60596107.0
United Kingdom,2006,3427.0698,36214.07,Europe,61051093.0
United Kingdom,2007,3398.85,36816.676,Europe,61535859.0
United Kingdom,2008,3396.9365,36264.79,Europe,62027303.0
United Kingdom,2009,3381.2556,34402.36,Europe,62506222.0
United Kingdom,2010,3306.835,34754.473,Europe,63006482.0
United Kingdom,2011,3324.31,34971.0,Europe,63509285.0
United Kingdom,2012,3306.3564,35243.64,Europe,63960488.0
United Kingdom,2013,3332.8264,35660.56,Europe,64389386.0
United Kingdom,2014,3351.708,36521.86,Europe,64865914.0
United Kingdom,2015,3365.59,37101.227,Europe,65382107.0
United Kingdom,2016,3347.258,37593.906,Europe,65893359.0
United Kingdom,2017,3372.2139,38283.938,Europe,66354473.0
United Kingdom,2018,3327.9656,38704.6,Europe,66752473.0
United Kingdom,2019,3362.5674,39113.01,Europe,67110958.0
United Kingdom,2020,3359.96,34651.184,Europe,67351860.0
United Kingdom,2021,3328.6765,37134.33,Europe,67668788.0
United Kingdom,2022,3322.3088,38406.53,Europe,68179315.0
United States,1961,2970.8235,18175.0,Northern America,183489491.0
United States,1962,2939.9287,18976.0,Northern America,186724275.0
United States,1963,2934.214,19514.0,Northern America,189825225.0
United States,1964,2993.8093,20360.0,Northern America,192819457.0
United States,1965,2982.2195,21390.0,Northern America,195653774.0
United States,1966,3008.704,22529.0,Northern America,198265400.0
United States,1967,3027.6643,22842.0,Northern America,200699913.0
United States,1968,3045.894,23691.0,Northern America,203011020.0
United States,1969,3072.6516,24195.0,Northern America,205300034.0
United States,1970,3059.5334,23958.0,Northern America,207796338.0
United States,1971,3071.6611,24394.0,Northern America,210426423.0
United States,1972,3073.7454,25414.0,Northern America,212842571.0
United States,1973,3047.6416,26602.0,Northern America,215006548.0
United States,1974,3036.453,26286.0,Northern America,217076475.0
United States,1975,3037.2866,25956.0,Northern America,219129299.0
United States,1976,3167.3796,27058.0,Northern America,221168755.0
United States,1977,3139.4736,28001.0,Northern America,223259417.0
United States,1978,3159.7998,29286.0,Northern America,225396097.0
United States,1979,3219.182,29949.0,Northern America,227575082.0
United States,1980,3182.3875,29611.0,Northern America,229858656.0
United States,1981,3221.3176,30056.0,Northern America,232201613.0
United States,1982,3193.1743,29210.0,Northern America,234583155.0
United States,1983,3231.2761,30158.0,Northern America,236986362.0
United States,1984,3276.396,32076.0,Northern America,239353967.0
United States,1985,3382.5112,33023.0,Northern America,241690438.0
United States,1986,3357.1553,33850.0,Northern America,243953807.0
United States,1987,3459.414,34730.0,Northern America,246161292.0
United States,1988,3471.6118,35863.0,Northern America,248393236.0
United States,1989,3450.2002,36756.0,Northern America,250675047.0
United States,1990,3508.628,36982.0,Northern America,253373387.0
United States,1991,3530.3162,36463.957,Northern America,256471424.0
United States,1992,3559.6304,37240.3,Northern America,259606021.0
United States,1993,3600.2888,37761.535,Northern America,262633229.0
United States,1994,3659.4114,38807.28,Northern America,265474811.0
United States,1995,3577.7869,39390.625,Northern America,268205796.0
United States,1996,3591.9172,40412.75,Northern America,270860695.0
United States,1997,3663.1804,41722.67,Northern America,273468014.0
United States,1998,3683.6304,43072.758,Northern America,276119323.0
United States,1999,3707.6965,44575.848,Northern America,278785482.0
United States,2000,3796.4858,45886.47,Northern America,281484126.0
United States,2001,3749.4238,45878.008,Northern America,284279634.0
United States,2002,3824.9785,46266.297,Northern America,287084335.0
United States,2003,3815.7578,47157.996,Northern America,289908091.0
United States,2004,3844.1355,48492.72,Northern America,292786248.0
United States,2005,3859.7063,49654.76,Northern America,295716666.0
United States,2006,3811.022,50489.86,Northern America,298730208.0
United States,2007,3781.1814,50901.746,Northern America,301844223.0
United States,2008,3720.4634,50275.746,Northern America,304970325.0
United States,2009,3662.3782,48452.934,Northern America,308023452.0
United States,2010,3730.6794,49266.914,Northern America,311062785.0
United States,2011,3724.2393,49675.0,Northern America,314105075.0
United States,2012,3759.0413,50436.434,Northern America,317115349.0
United States,2013,3745.3335,51010.797,Northern America,320110752.0
United States,2014,3728.9878,51796.62,Northern America,323115377.0
United States,2015,3736.747,52808.152,Northern America,326126496.0
United States,2016,3754.2856,53301.016,Northern America,329179423.0
United States,2017,3763.3098,54152.363,Northern America,332204657.0
United States,2018,3790.298,55454.668,Northern America,335056492.0
United States,2019,3836.5151,56469.26,Northern America,337790069.0
United States,2020,3851.5002,54379.207,Northern America,339436156.0
United States,2021,3856.6628,57522.703,Northern America,340161438.0
United States,2022,3874.9792,58487.465,Northern America,341534041.0
Uruguay,1961,2804.854,7740.0,Latin America & Caribbean,2562047.0
Uruguay,1962,2719.1794,7498.0,Latin America & Caribbean,2593294.0
Uruguay,1963,2783.8677,7450.0,Latin America & Caribbean,2623767.0
Uruguay,1964,2852.7158,7498.0,Latin America & Caribbean,2653182.0
Uruguay,1965,2767.1985,7498.0,Latin America & Caribbean,2681172.0
Uruguay,1966,2753.517,7693.0,Latin America & Caribbean,2707655.0
Uruguay,1967,2675.2354,7305.0,Latin America & Caribbean,2732283.0
Uruguay,1968,2738.124,7353.0,Latin America & Caribbean,2754605.0
Uruguay,1969,2887.7122,7740.0,Latin America & Caribbean,2773985.0
Uruguay,1970,2971.2905,8030.0,Latin America & Caribbean,2790811.0
Uruguay,1971,2812.5156,7933.0,Latin America & Caribbean,2806462.0
Uruguay,1972,2761.3445,7643.0,Latin America & Caribbean,2821648.0
Uruguay,1973,2724.3809,7885.0,Latin America & Caribbean,2837143.0
Uruguay,1974,2888.3704,8176.0,Latin America & Caribbean,2853947.0
Uruguay,1975,2847.4116,8563.0,Latin America & Caribbean,2872328.0
Uruguay,1976,2830.7996,8853.0,Latin America & Caribbean,2891395.0
Uruguay,1977,2661.1282,8950.0,Latin America & Caribbean,2909469.0
Uruguay,1978,2655.1042,9483.0,Latin America & Caribbean,2925714.0
Uruguay,1979,2838.9587,9966.0,Latin America & Caribbean,2939906.0
Uruguay,1980,2788.6147,10546.0,Latin America & Caribbean,2951956.0
Uruguay,1981,2836.6963,10643.0,Latin America & Caribbean,2963250.0
Uruguay,1982,2771.8352,9578.0,Latin America & Caribbean,2975490.0
Uruguay,1983,2557.4265,8950.0,Latin America & Caribbean,2988779.0
Uruguay,1984,2674.5154,8805.0,Latin America & Caribbean,3002495.0
Uruguay,1985,2644.5713,8901.0,Latin America & Caribbean,3017044.0
Uruguay,1986,2569.435,9628.0,Latin America & Caribbean,3032846.0
Uruguay,1987,2614.089,10305.0,Latin America & Caribbean,3049896.0
Uruguay,1988,2590.8806,10256.0,Latin America & Caribbean,3067957.0
Uruguay,1989,2497.22,10305.0,Latin America & Caribbean,3086254.0
Uruguay,1990,2531.5552,10305.0,Latin America & Caribbean,3104404.0
Uruguay,1991,2707.3354,10586.408,Latin America & Caribbean,3122357.0
Uruguay,1992,2775.4558,11349.542,Latin America & Caribbean,3139704.0
Uruguay,1993,2764.8345,11581.705,Latin America & Caribbean,3156351.0
Uruguay,1994,2807.701,12344.15,Latin America & Caribbean,3172839.0
Uruguay,1995,2707.0198,12092.639,Latin America & Caribbean,3189438.0
Uruguay,1996,2855.6372,12660.163,Latin America & Caribbean,3206329.0
Uruguay,1997,2851.5405,13226.478,Latin America & Caribbean,3223349.0
Uruguay,1998,2866.907,13744.321,Latin America & Caribbean,3239286.0
Uruguay,1999,2872.7312,13348.756,Latin America & Caribbean,3254020.0
Uruguay,2000,2858.152,13050.063,Latin America & Caribbean,3266212.0
Uruguay,2001,2915.2148,12463.919,Latin America & Caribbean,3274257.0
Uruguay,2002,2880.526,11399.581,Latin America & Caribbean,3278868.0
Uruguay,2003,2872.8542,11438.687,Latin America & Caribbean,3281188.0
Uruguay,2004,2866.218,11955.31,Latin America & Caribbean,3283157.0
Uruguay,2005,2842.5325,12757.499,Latin America & Caribbean,3285776.0
Uruguay,2006,2857.7495,13223.781,Latin America & Caribbean,3289508.0
Uruguay,2007,2927.577,13976.393,Latin America & Caribbean,3295155.0
Uruguay,2008,2999.9365,14869.927,Latin America & Caribbean,3302184.0
Uruguay,2009,3021.8848,15143.996,Latin America & Caribbean,3310093.0
Uruguay,2010,3138.5632,16415.629,Latin America & Caribbean,3318581.0
Uruguay,2011,3151.2925,17211.0,Latin America & Caribbean,3326829.0
Uruguay,2012,3184.1726,17776.027,Latin America & Caribbean,3335406.0
Uruguay,2013,3190.2205,18553.332,Latin America & Caribbean,3345335.0
Uruguay,2014,3211.1472,19104.312,Latin America & Caribbean,3356343.0
Uruguay,2015,3177.0088,19123.604,Latin America & Caribbean,3368022.0
Uruguay,2016,3199.1426,19393.982,Latin America & Caribbean,3379279.0
Uruguay,2017,3222.6072,19656.627,Latin America & Caribbean,3388444.0
Uruguay,2018,3272.345,19697.76,Latin America & Caribbean,3394538.0
Uruguay,2019,3307.8567,19714.148,Latin America & Caribbean,3397206.0
Uruguay,2020,3286.2593,18460.04,Latin America & Caribbean,3398966.0
Uruguay,2021,3317.8213,19222.295,Latin America & Caribbean,3396693.0
Uruguay,2022,3337.967,20181.94,Latin America & Caribbean,3390913.0
Uzbekistan,1992,2724.1868,5530.4785,Asia,21485095.0
Uzbekistan,1993,2711.314,5193.4644,Asia,21987960.0
Uzbekistan,1994,2701.1667,4744.458,Asia,22463295.0
Uzbekistan,1995,2658.8708,4535.263,Asia,22917588.0
Uzbekistan,1996,2597.2234,4452.882,Asia,23351981.0
Uzbekistan,1997,2544.3196,4529.3345,Asia,23758961.0
Uzbekistan,1998,2502.7349,4575.987,Asia,24134930.0
Uzbekistan,1999,2436.1719,4630.6514,Asia,24476013.0
Uzbekistan,2000,2372.0076,4667.26,Asia,24787052.0
Uzbekistan,2001,2286.7937,4725.2524,Asia,25090289.0
Uzbekistan,2002,2283.0535,4777.2886,Asia,25399987.0
Uzbekistan,2003,2336.6204,4844.73,Asia,25711261.0
Uzbekistan,2004,2362.5193,5068.2085,Asia,26029350.0
Uzbekistan,2005,2441.658,5284.005,Asia,26356977.0
Uzbekistan,2006,2521.723,5535.1216,Asia,26699046.0
Uzbekistan,2007,2542.202,5907.999,Asia,27076013.0
Uzbekistan,2008,2552.4382,6278.2734,Asia,27494780.0
Uzbekistan,2009,2554.061,6618.0977,Asia,27939333.0
Uzbekistan,2010,2938.488,7002.8594,Asia,28385509.0
Uzbekistan,2011,3017.5378,7396.0,Asia,28823194.0
Uzbekistan,2012,3100.6836,7847.0747,Asia,29261908.0
Uzbekistan,2013,3157.0596,8340.988,Asia,29724065.0
Uzbekistan,2014,3227.517,8831.602,Asia,30222994.0
Uzbekistan,2015,3247.2014,9381.347,Asia,30749349.0
Uzbekistan,2016,3263.1245,9845.353,Asia,31284565.0
Uzbekistan,2017,3197.1208,10182.692,Asia,31819172.0
Uzbekistan,2018,3218.4368,10682.418,Asia,32373489.0
Uzbekistan,2019,3236.342,11219.243,Asia,32964700.0
Uzbekistan,2020,3240.8777,11341.919,Asia,33586373.0
Uzbekistan,2021,3238.6624,12076.092,Asia,34243696.0
Uzbekistan,2022,3242.6484,12559.401,Asia,34938953.0
Venezuela,1961,2006.442,12231.0,Latin America & Caribbean,8455921.0
Venezuela,1962,1968.138,12848.0,Latin America & Caribbean,8756880.0
Venezuela,1963,1968.6725,13232.0,Latin America & Caribbean,9064019.0
Venezuela,1964,2156.7485,14019.0,Latin America & Caribbean,9377715.0
Venezuela,1965,2126.3223,14347.0,Latin America & Caribbean,9697793.0
Venezuela,1966,2079.422,14174.0,Latin America & Caribbean,10024858.0
Venezuela,1967,2096.293,14250.0,Latin America & Caribbean,10358514.0
Venezuela,1968,2127.656,14520.0,Latin America & Caribbean,10697538.0
Venezuela,1969,2182.8074,14655.0,Latin America & Caribbean,11040279.0
Venezuela,1970,2204.543,15289.0,Latin America & Caribbean,11387795.0
Venezuela,1971,2194.7883,15192.0,Latin America & Caribbean,11741013.0
Venezuela,1972,2152.6948,15135.0,Latin America & Caribbean,12099184.0
Venezuela,1973,2159.317,15540.0,Latin America & Caribbean,12463539.0
Venezuela,1974,2186.216,15943.0,Latin America & Caribbean,12835356.0
Venezuela,1975,2304.9028,16385.0,Latin America & Caribbean,13215889.0
Venezuela,1976,2387.7605,17174.0,Latin America & Caribbean,13606286.0
Venezuela,1977,2533.3892,17693.0,Latin America & Caribbean,14006819.0
Venezuela,1978,2549.9421,17481.0,Latin America & Caribbean,14416680.0
Venezuela,1979,2626.1008,17135.0,Latin America & Caribbean,14834551.0
Venezuela,1980,2683.166,16270.0,Latin America & Caribbean,15258225.0
Venezuela,1981,2732.8691,15750.0,Latin America & Caribbean,15687305.0
Venezuela,1982,2553.9368,15423.0,Latin America & Caribbean,16121876.0
Venezuela,1983,2590.5198,14155.0,Latin America & Caribbean,16562202.0
Venezuela,1984,2732.1877,13597.0,Latin America & Caribbean,17008838.0
Venezuela,1985,2613.118,13270.0,Latin America & Caribbean,17461433.0
Venezuela,1986,2379.542,13751.0,Latin America & Caribbean,17923542.0
Venezuela,1987,2554.372,13866.0,Latin America & Caribbean,18394970.0
Venezuela,1988,2749.6123,14308.0,Latin America & Caribbean,18871021.0
Venezuela,1989,2287.9587,12750.0,Latin America & Caribbean,19348925.0
Venezuela,1990,2351.7542,13251.0,Latin America & Caribbean,19827005.0
Venezuela,1991,2412.7498,14274.525,Latin America & Caribbean,20304898.0
Venezuela,1992,2511.2053,14901.616,Latin America & Caribbean,20780946.0
Venezuela,1993,2390.322,14693.902,Latin America & Caribbean,21254525.0
Venezuela,1994,2360.2844,14129.278,Latin America & Caribbean,21725186.0
Venezuela,1995,2422.8333,14448.282,Latin America & Caribbean,22193822.0
Venezuela,1996,2368.9604,14211.81,Latin America & Caribbean,22662117.0
Venezuela,1997,2271.9766,14894.337,Latin America & Caribbean,23131691.0
Venezuela,1998,2342.1968,14739.051,Latin America & Caribbean,23601341.0
Venezuela,1999,2329.172,13669.484,Latin America & Caribbean,24066595.0
Venezuela,2000,2442.1228,13992.608,Latin America & Caribbean,24526707.0
Venezuela,2001,2497.9583,14298.037,Latin America & Caribbean,24979934.0
Venezuela,2002,2209.134,12856.049,Latin America & Caribbean,25435674.0
Venezuela,2003,2406.0732,11728.183,Latin America & Caribbean,25892710.0
Venezuela,2004,2484.4463,13713.045,Latin America & Caribbean,26340843.0
Venezuela,2005,2484.4414,14944.34,Latin America & Caribbean,26785797.0
Venezuela,2006,2510.889,16253.686,Latin America & Caribbean,27224691.0
Venezuela,2007,2607.6252,17386.086,Latin America & Caribbean,27649369.0
Venezuela,2008,2814.6367,18019.09,Latin America & Caribbean,28053694.0
Venezuela,2009,2872.5425,17242.945,Latin America & Caribbean,28438296.0
Venezuela,2010,2915.8704,17105.58,Latin America & Caribbean,28813101.0
Venezuela,2011,2914.2798,17746.0,Latin America & Caribbean,29185220.0
Venezuela,2012,2865.9197,18486.459,Latin America & Caribbean,29553829.0
Venezuela,2013,2831.3613,18484.234,Latin America & Caribbean,29912195.0
Venezuela,2014,2876.2961,17579.223,Latin America & Caribbean,30254080.0
Venezuela,2015,2616.0286,16333.083,Latin America & Caribbean,30573968.0
Venezuela,2016,2231.709,13428.789,Latin America & Caribbean,30765719.0
Venezuela,2017,2291.9275,11363.969,Latin America & Caribbean,30565331.0
Venezuela,2018,2195.3093,9446.1875,Latin America & Caribbean,29807591.0
Venezuela,2019,2240.507,7061.7617,Latin America & Caribbean,28938096.0
Venezuela,2020,2303.529,4952.53,Latin America & Caribbean,28444080.0
Venezuela,2021,2299.235,4896.802,Latin America & Caribbean,28237830.0
Venezuela,2022,2325.3567,5267.1753,Latin America & Caribbean,28213015.0
Vietnam,1961,1936.2217,1294.0,Asia,33409060.0
Vietnam,1962,1999.9049,1411.0,Asia,34288562.0
Vietnam,1963,1998.7999,1406.0,Asia,35249107.0
Vietnam,1964,1988.8008,1427.0,Asia,36201568.0
Vietnam,1965,1997.2318,1398.0,Asia,37129660.0
Vietnam,1966,1979.1951,1369.0,Asia,38024835.0
Vietnam,1967,1994.683,1165.0,Asia,38895083.0
Vietnam,1968,2023.0652,1114.0,Asia,39734609.0
Vietnam,1969,2046.1675,1178.0,Asia,40582097.0
Vietnam,1970,2127.1191,1172.0,Asia,41475227.0
Vietnam,1971,2068.8306,1202.0,Asia,42449281.0
Vietnam,1972,2044.2758,1278.0,Asia,43429169.0
Vietnam,1973,2080.579,1333.0,Asia,44409864.0
Vietnam,1974,2089.4097,1248.0,Asia,45413538.0
Vietnam,1975,1976.1868,1132.0,Asia,46482905.0
Vietnam,1976,1992.4202,1290.0,Asia,47684927.0
Vietnam,1977,1913.1588,1304.0,Asia,48954875.0
Vietnam,1978,1854.7767,1285.0,Asia,50249551.0
Vietnam,1979,2008.0323,1267.0,Asia,51378214.0
Vietnam,1980,2019.5448,1207.0,Asia,52490098.0
Vietnam,1981,2094.6514,1223.0,Asia,53738141.0
Vietnam,1982,2040.9987,1293.0,Asia,55011292.0
Vietnam,1983,2068.3577,1333.0,Asia,56337918.0
Vietnam,1984,2123.4912,1420.0,Asia,57706071.0
Vietnam,1985,2101.528,1471.0,Asia,59060622.0
Vietnam,1986,2158.6895,1481.0,Asia,60347044.0
Vietnam,1987,2092.2493,1500.0,Asia,61584645.0
Vietnam,1988,2092.1619,1556.0,Asia,62843234.0
Vietnam,1989,2092.9795,1588.0,Asia,64147354.0
Vietnam,1990,2004.0371,1634.0,Asia,65504551.0
Vietnam,1991,1953.4235,1688.1599,Asia,66891778.0
Vietnam,1992,2025.5068,1792.6708,Asia,68260336.0
Vietnam,1993,2135.9556,1894.8586,Asia,69586394.0
Vietnam,1994,2167.9268,2018.3507,Asia,70854393.0
Vietnam,1995,2138.6907,2167.042,Asia,72049945.0
Vietnam,1996,2128.6296,2323.0464,Asia,73156456.0
Vietnam,1997,2092.277,2466.8735,Asia,74226890.0
Vietnam,1998,2220.7925,2564.2844,Asia,75299665.0
Vietnam,1999,2307.8708,2641.3484,Asia,76287454.0
Vietnam,2000,2347.3599,2773.1016,Asia,77154016.0
Vietnam,2001,2409.8567,2915.686,Asia,77969357.0
Vietnam,2002,2473.1213,3070.6934,Asia,78772227.0
Vietnam,2003,2531.062,3242.2854,Asia,79563778.0
Vietnam,2004,2595.579,3437.6643,Asia,80338977.0
Vietnam,2005,2585.4734,3637.6565,Asia,81088309.0
Vietnam,2006,2591.1855,3828.9077,Asia,82167901.0
Vietnam,2007,2636.9502,4037.233,Asia,83633374.0
Vietnam,2008,2682.3342,4200.2354,Asia,85175789.0
Vietnam,2009,2691.0889,4360.0615,Asia,86460023.0
Vietnam,2010,2729.5015,4571.8486,Asia,87455148.0
Vietnam,2011,2757.6892,4786.0,Asia,88468315.0
Vietnam,2012,2815.859,4987.9644,Asia,89510355.0
Vietnam,2013,2800.4165,5199.779,Asia,90573103.0
Vietnam,2014,2833.538,5465.4834,Asia,91679582.0
Vietnam,2015,2822.843,5776.465,Asia,92823254.0
Vietnam,2016,2847.2808,6089.623,Asia,94000115.0
Vietnam,2017,2862.3687,6437.739,Asia,95176978.0
Vietnam,2018,2885.8647,6842.1387,Asia,96237319.0
Vietnam,2019,2922.1062,7266.0483,Asia,97173778.0
Vietnam,2020,2966.226,7395.3613,Asia,98079196.0
Vietnam,2021,3004.1028,7507.759,Asia,98935101.0
Vietnam,2022,3026.1506,8050.359,Asia,99680656.0
World,1970,2357.6013,5970.6577,World,3694683794.0
World,1980,2456.6252,7239.1943,World,4447606240.0
World,1990,2579.3457,8210.969,World,5327803106.0
World,2000,2659.2173,9903.86,World,6171702992.0
World,2010,2788.56,13121.591,World,7021732143.0
World,2015,2861.711,14713.451,World,7470491876.0
World,2016,2869.4287,15029.054,World,7558554527.0
World,2017,2892.3281,15416.331,World,7645617952.0
World,2018,2901.4026,15814.849,World,7729902779.0
World,2019,2919.5242,16091.449,World,7811293699.0
World,2020,2929.8772,15461.187,World,7887001289.0
World,2021,2946.555,16282.981,World,7954448387.0
World,2022,2957.1687,16676.75,World,8021407196.0
Yemen,1961,1642.677,1545.0,Asia,5655237.0
Yemen,1962,1642.4122,1554.0,Asia,5782227.0
Yemen,1963,1653.4011,1568.0,Asia,5911141.0
Yemen,1964,1651.4884,1576.0,Asia,6048014.0
Yemen,1965,1658.9937,1588.0,Asia,6195597.0
Yemen,1966,1657.1158,1605.0,Asia,6351492.0
Yemen,1967,1640.0012,1624.0,Asia,6516449.0
Yemen,1968,1620.7236,1639.0,Asia,6690524.0
Yemen,1969,1624.333,1658.0,Asia,6875859.0
Yemen,1970,1589.5585,1961.0,Asia,7065279.0
Yemen,1971,1563.5492,2254.0,Asia,7257468.0
Yemen,1972,1547.191,2383.0,Asia,7460068.0
Yemen,1973,1554.4102,2614.0,Asia,7672798.0
Yemen,1974,1546.6835,2703.0,Asia,7896789.0
Yemen,1975,1539.2166,2844.0,Asia,8133602.0
Yemen,1976,1591.4113,3193.0,Asia,8384119.0
Yemen,1977,1644.3302,3446.0,Asia,8648223.0
Yemen,1978,1726.5155,3636.0,Asia,8926592.0
Yemen,1979,1702.8778,3733.0,Asia,9224198.0
Yemen,1980,1676.9535,3650.0,Asia,9543358.0
Yemen,1981,1686.2322,3767.0,Asia,9882368.0
Yemen,1982,1747.161,3724.0,Asia,10241006.0
Yemen,1983,1725.7384,3827.0,Asia,10621498.0
Yemen,1984,1772.0005,3861.0,Asia,11025596.0
Yemen,1985,1731.5443,3717.0,Asia,11453825.0
Yemen,1986,1797.298,3684.0,Asia,11901045.0
Yemen,1987,1816.9237,3712.0,Asia,12369914.0
Yemen,1988,1888.2153,3747.0,Asia,12859720.0
Yemen,1989,1851.8846,3751.0,Asia,13364180.0
Yemen,1990,1738.6346,3622.0,Asia,13887863.0
Yemen,1991,1741.4281,3661.9236,Asia,14430205.0
Yemen,1992,1833.9794,3759.7183,Asia,14989497.0
Yemen,1993,1845.0934,3712.341,Asia,15563919.0
Yemen,1994,1828.471,3775.0696,Asia,16149147.0
Yemen,1995,1832.8357,3823.3188,Asia,16740057.0
Yemen,1996,1830.2637,3855.572,Asia,17313181.0
Yemen,1997,1846.0665,3927.6804,Asia,17873943.0
Yemen,1998,1856.1075,4044.1484,Asia,18446015.0
Yemen,1999,1864.796,4080.2185,Asia,19029421.0
Yemen,2000,1867.1185,4212.1055,Asia,19624139.0
Yemen,2001,1843.4575,4249.0337,Asia,20226146.0
Yemen,2002,1853.7562,4292.0986,Asia,20835092.0
Yemen,2003,1838.1678,4326.5103,Asia,21456379.0
Yemen,2004,1841.0077,4371.3955,Asia,22095161.0
Yemen,2005,1849.6212,4485.583,Asia,22790082.0
Yemen,2006,1857.9318,4497.2593,Asia,23543090.0
Yemen,2007,1877.9597,4516.1436,Asia,24318090.0
Yemen,2008,1844.3949,4549.009,Asia,25111941.0
Yemen,2009,1851.9482,4593.5425,Asia,25927723.0
Yemen,2010,2077.6147,4812.345,Asia,26754383.0
Yemen,2011,2024.7098,4088.0,Asia,27582902.0
Yemen,2012,2093.2021,4064.3423,Asia,28433655.0
Yemen,2013,2084.6377,4139.823,Asia,29312955.0
Yemen,2014,2005.7535,4019.4,Asia,30226311.0
Yemen,2015,1861.5466,2820.6172,Asia,31159378.0
Yemen,2016,1759.5204,2495.4993,Asia,32109023.0
Yemen,2017,1811.1893,2314.9673,Asia,33090923.0
Yemen,2018,1801.0704,2281.545,Asia,34085181.0
Yemen,2019,1823.7223,2265.343,Asia,35111416.0
Yemen,2020,1903.9844,2031.4436,Asia,36134867.0
Yemen,2021,1918.2069,1972.2102,Asia,37140234.0
Yemen,2022,1836.5474,1959.3195,Asia,38222878.0
Yugoslavia,1961,3063.1465,3950.0,Europe,18320000.0
Yugoslavia,1962,3204.5637,4041.0,Europe,18500000.0
Yugoslavia,1963,3218.0767,4481.0,Europe,18680000.0
Yugoslavia,1964,3291.5784,4941.0,Europe,18850000.0
Yugoslavia,1965,3291.578,4981.0,Europe,19040000.0
Yugoslavia,1966,3385.0452,5311.0,Europe,19220000.0
Yugoslavia,1967,3405.5698,5378.0,Europe,19390000.0
Yugoslavia,1968,3368.7778,5523.0,Europe,19550000.0
Yugoslavia,1969,3390.6104,6001.0,Europe,19700000.0
Yugoslavia,1970,3393.4531,6288.0,Europe,19840000.0
Yugoslavia,1971,3427.099,6730.0,Europe,20010000.0
Yugoslavia,1972,3385.2114,6948.0,Europe,20200000.0
Yugoslavia,1973,3414.7178,7226.0,Europe,20370000.0
Yugoslavia,1974,3569.1987,7767.0,Europe,20550000.0
Yugoslavia,1975,3541.5354,7976.0,Europe,20730000.0
Yugoslavia,1976,3608.0864,8207.0,Europe,20930000.0
Yugoslavia,1977,3613.8315,8780.0,Europe,21130000.0
Yugoslavia,1978,3574.5134,9283.0,Europe,21310000.0
Yugoslavia,1979,3572.5393,9873.0,Europe,21490000.0
Yugoslavia,1980,3631.3423,10037.0,Europe,21620000.0
Yugoslavia,1981,3656.8665,10106.0,Europe,21710000.0
Yugoslavia,1982,3619.6902,10080.0,Europe,21880000.0
Yugoslavia,1983,3651.627,9907.0,Europe,22020000.0
Yugoslavia,1984,3620.8394,10029.0,Europe,22090000.0
Yugoslavia,1985,3602.94,10009.0,Europe,22220000.0
Yugoslavia,1986,3700.1938,10299.0,Europe,22340000.0
Yugoslavia,1987,3666.243,10119.0,Europe,22440000.0
Yugoslavia,1988,3653.4382,9884.0,Europe,22540000.0
Yugoslavia,1989,3653.3525,9887.0,Europe,22630000.0
Yugoslavia,1990,3687.677,9000.0,Europe,22720000.0
Yugoslavia,1991,3414.5215,7867.96,Europe,23070000.0
Zambia,1961,2101.964,1495.0,Africa,3254085.0
Zambia,1962,2094.9026,1443.0,Africa,3358098.0
Zambia,1963,2046.1399,1438.0,Africa,3465914.0
Zambia,1964,1997.185,1588.0,Africa,3577015.0
Zambia,1965,1978.6202,1828.0,Africa,3692088.0
Zambia,1966,2106.5303,1683.0,Africa,3812003.0
Zambia,1967,2129.2334,1765.0,Africa,3936350.0
Zambia,1968,2156.04,1741.0,Africa,4065601.0
Zambia,1969,2171.9858,1683.0,Africa,4197117.0
Zambia,1970,2170.3037,1710.0,Africa,4321726.0
Zambia,1971,2205.2563,1661.0,Africa,4442528.0
Zambia,1972,2223.1968,1761.0,Africa,4569311.0
Zambia,1973,2278.222,1693.0,Africa,4702694.0
Zambia,1974,2293.095,1776.0,Africa,4842750.0
Zambia,1975,2311.8506,1659.0,Africa,4990087.0
Zambia,1976,2334.6106,1707.0,Africa,5143847.0
Zambia,1977,2416.6938,1578.0,Africa,5302477.0
Zambia,1978,2293.1182,1541.0,Africa,5465379.0
Zambia,1979,2300.895,1451.0,Africa,5631734.0
Zambia,1980,2285.2593,1452.0,Africa,5802841.0
Zambia,1981,2256.816,1492.0,Africa,5983299.0
Zambia,1982,2157.503,1398.0,Africa,6178638.0
Zambia,1983,2153.0525,1320.0,Africa,6381045.0
Zambia,1984,2136.186,1269.0,Africa,6580497.0
Zambia,1985,2038.0023,1250.0,Africa,6780953.0
Zambia,1986,2059.9521,1215.0,Africa,6986475.0
Zambia,1987,2044.8807,1203.0,Africa,7191285.0
Zambia,1988,2078.2253,1239.0,Africa,7391450.0
Zambia,1989,2089.7886,1215.0,Africa,7589226.0
Zambia,1990,2095.7178,1285.0,Africa,7786163.0
Zambia,1991,2020.1615,1279.7516,Africa,7981653.0
Zambia,1992,1995.6893,1308.8517,Africa,8176677.0
Zambia,1993,1992.6107,1312.337,Africa,8373920.0
Zambia,1994,2033.4889,1142.2018,Africa,8576270.0
Zambia,1995,2062.8875,1180.9438,Africa,8785768.0
Zambia,1996,2049.5737,1260.7262,Africa,9004059.0
Zambia,1997,1987.6879,1311.357,Africa,9237064.0
Zambia,1998,1949.2516,1308.9514,Africa,9482414.0
Zambia,1999,1977.899,1373.8511,Africa,9740013.0
Zambia,2000,1888.5872,1428.5023,Africa,10017633.0
Zambia,2001,1856.5961,1504.4498,Africa,10325186.0
Zambia,2002,1845.0139,1579.0227,Africa,10647955.0
Zambia,2003,1884.6729,1698.5515,Africa,10983604.0
Zambia,2004,1839.141,1828.3098,Africa,11338201.0
Zambia,2005,1833.2317,1970.0187,Africa,11718819.0
Zambia,2006,1785.334,2133.594,Africa,12129560.0
Zambia,2007,1716.4943,2318.627,Africa,12565093.0
Zambia,2008,1722.947,2504.757,Africa,13021327.0
Zambia,2009,1785.3702,2743.322,Africa,13490395.0
Zambia,2010,1925.5963,3032.0679,Africa,13965592.0
Zambia,2011,1961.6803,3205.0,Africa,14437796.0
Zambia,2012,1991.3298,3344.8652,Africa,14913631.0
Zambia,2013,2026.5818,3409.314,Africa,15399000.0
Zambia,2014,2079.1384,3461.09,Africa,15895320.0
Zambia,2015,2105.6296,3454.3528,Africa,16399092.0
Zambia,2016,2167.1736,3476.8513,Africa,16914428.0
Zambia,2017,2215.043,3489.8547,Africa,17441328.0
Zambia,2018,2244.2954,3521.5051,Africa,17973574.0
Zambia,2019,2226.9229,3466.2363,Africa,18513839.0
Zambia,2020,2207.1357,3270.599,Africa,19059394.0
Zambia,2021,2184.006,3321.5945,Africa,19603610.0
Zambia,2022,2143.6448,3342.4214,Africa,20152935.0
Zimbabwe,1961,2086.2637,1524.0,Africa,3930402.0
Zimbabwe,1962,2134.3772,1497.0,Africa,4055968.0
Zimbabwe,1963,2124.9722,1436.0,Africa,4185875.0
Zimbabwe,1964,2119.1924,1519.0,Africa,4320004.0
Zimbabwe,1965,2128.4521,1568.0,Africa,4458457.0
Zimbabwe,1966,2134.476,1541.0,Africa,4601223.0
Zimbabwe,1967,2243.0686,1618.0,Africa,4748309.0
Zimbabwe,1968,2260.736,1592.0,Africa,4900440.0
Zimbabwe,1969,2213.25,1731.0,Africa,5058185.0
Zimbabwe,1970,2283.649,2043.0,Africa,5215919.0
Zimbabwe,1971,2315.4207,2157.0,Africa,5374719.0
Zimbabwe,1972,2345.862,2268.0,Africa,5542444.0
Zimbabwe,1973,2336.2747,2283.0,Africa,5720413.0
Zimbabwe,1974,2341.4075,2275.0,Africa,5908337.0
Zimbabwe,1975,2290.486,2235.0,Africa,6098653.0
Zimbabwe,1976,2322.6636,2163.0,Africa,6287107.0
Zimbabwe,1977,2349.9502,1946.0,Africa,6449517.0
Zimbabwe,1978,2372.4573,1964.0,Africa,6543573.0
Zimbabwe,1979,2384.0146,1930.0,Africa,6647557.0
Zimbabwe,1980,2375.7324,2064.0,Africa,7041304.0
Zimbabwe,1981,2243.7378,2243.0,Africa,7498641.0
Zimbabwe,1982,2246.9622,2240.0,Africa,7796503.0
Zimbabwe,1983,2209.846,2190.0,Africa,8098408.0
Zimbabwe,1984,2166.6816,2067.0,Africa,8391494.0
Zimbabwe,1985,2128.6077,2128.0,Africa,8686815.0
Zimbabwe,1986,2103.3682,2107.0,Africa,8982579.0
Zimbabwe,1987,2068.6223,2004.0,Africa,9284649.0
Zimbabwe,1988,2108.979,2114.0,Africa,9583099.0
Zimbabwe,1989,2112.8008,2181.0,Africa,9864797.0
Zimbabwe,1990,2077.4795,2160.0,Africa,10137287.0
Zimbabwe,1991,2024.9153,2222.2554,Africa,10404820.0
Zimbabwe,1992,2005.836,1971.4456,Africa,10702697.0
Zimbabwe,1993,2005.746,1948.9105,Africa,10860285.0
Zimbabwe,1994,2029.7161,2110.712,Africa,10873146.0
Zimbabwe,1995,2061.688,2102.8599,Africa,10974607.0
Zimbabwe,1996,2104.141,2292.4875,Africa,11158364.0
Zimbabwe,1997,2128.4758,2326.5388,Africa,11369833.0
Zimbabwe,1998,2123.3704,2369.019,Africa,11594299.0
Zimbabwe,1999,2097.896,2323.0093,Africa,11783454.0
Zimbabwe,2000,2080.836,2211.1963,Africa,11892055.0
Zimbabwe,2001,2132.195,2193.7385,Africa,11971904.0
Zimbabwe,2002,2113.5156,2025.3177,Africa,12087661.0
Zimbabwe,2003,2082.4114,1700.9558,Africa,12232324.0
Zimbabwe,2004,2098.0671,1604.503,Africa,12365901.0
Zimbabwe,2005,2061.9148,1496.0343,Africa,12483433.0
Zimbabwe,2006,2129.6548,1455.7286,Africa,12636442.0
Zimbabwe,2007,2098.4482,1422.1553,Africa,12804062.0
Zimbabwe,2008,2065.6978,1197.5261,Africa,12959154.0
Zimbabwe,2009,2105.5408,1285.0466,Africa,13142791.0
Zimbabwe,2010,2156.725,1401.8566,Africa,13356551.0
Zimbabwe,2011,2154.423,1515.0,Africa,13595421.0
Zimbabwe,2012,2189.796,1749.8566,Africa,13817887.0
Zimbabwe,2013,2176.451,1766.3789,Africa,14013811.0
Zimbabwe,2014,2099.1206,1789.0048,Africa,14207367.0
Zimbabwe,2015,2078.2163,1798.7872,Africa,14399008.0
Zimbabwe,2016,2099.301,1782.8301,Africa,14600297.0
Zimbabwe,2017,2039.2639,1843.9463,Africa,14812484.0
Zimbabwe,2018,2070.648,1900.1992,Africa,15034457.0
Zimbabwe,2019,2038.3292,1753.0244,Africa,15271377.0
Zimbabwe,2020,2035.4874,1585.9728,Africa,15526887.0
Zimbabwe,2021,2083.988,1687.2532,Africa,15797220.0
Zimbabwe,2022,2072.4438,1703.5294,Africa,16069061.0
